TF,P_mono_H,P_di_H,n_train_pos_H,n_train_neg_H,n_test_pos_H,n_test_neg_H,n_test_pos_M,n_test_neg_M,MM_available,P_mono_M,P_di_M,n_train_pos_M,n_train_neg_M,HM_rf_train_auroc_mean,HM_rf_train_auroc_s0,HM_rf_train_auroc_s1,HM_rf_train_auprc_mean,HM_rf_train_auprc_s0,HM_rf_train_auprc_s1,HM_rf_test_H_auroc_mean,HM_rf_test_H_auroc_s0,HM_rf_test_H_auroc_s1,HM_rf_test_H_auprc_mean,HM_rf_test_H_auprc_s0,HM_rf_test_H_auprc_s1,HM_rf_test_M_auroc_mean,HM_rf_test_M_auroc_s0,HM_rf_test_M_auroc_s1,HM_rf_test_M_auprc_mean,HM_rf_test_M_auprc_s0,HM_rf_test_M_auprc_s1,HM_broc_col,HM_broc_train_auroc,HM_broc_train_auprc,HM_broc_test_H_auroc,HM_broc_test_H_auprc,HM_broc_test_M_auroc,HM_broc_test_M_auprc,HM_bprc_col,HM_bprc_train_auroc,HM_bprc_train_auprc,HM_bprc_test_H_auroc,HM_bprc_test_H_auprc,HM_bprc_test_M_auroc,HM_bprc_test_M_auprc,HM_oracle_test_H_auroc,HM_oracle_test_H_auroc_col,HM_oracle_test_H_auprc,HM_oracle_test_H_auprc_col,HM_oracle_test_M_auroc,HM_oracle_test_M_auroc_col,HM_oracle_test_M_auprc,HM_oracle_test_M_auprc_col,HM_load_sec,HM_rf_fit_sec_s0,HM_rf_fit_sec_s1,MM_rf_train_auroc_mean,MM_rf_train_auroc_s0,MM_rf_train_auroc_s1,MM_rf_train_auprc_mean,MM_rf_train_auprc_s0,MM_rf_train_auprc_s1,MM_rf_test_H_auroc_mean,MM_rf_test_H_auroc_s0,MM_rf_test_H_auroc_s1,MM_rf_test_H_auprc_mean,MM_rf_test_H_auprc_s0,MM_rf_test_H_auprc_s1,MM_rf_test_M_auroc_mean,MM_rf_test_M_auroc_s0,MM_rf_test_M_auroc_s1,MM_rf_test_M_auprc_mean,MM_rf_test_M_auprc_s0,MM_rf_test_M_auprc_s1,MM_broc_col,MM_broc_train_auroc,MM_broc_train_auprc,MM_broc_test_H_auroc,MM_broc_test_H_auprc,MM_broc_test_M_auroc,MM_broc_test_M_auprc,MM_bprc_col,MM_bprc_train_auroc,MM_bprc_train_auprc,MM_bprc_test_H_auroc,MM_bprc_test_H_auprc,MM_bprc_test_M_auroc,MM_bprc_test_M_auprc,MM_oracle_test_H_auroc,MM_oracle_test_H_auroc_col,MM_oracle_test_H_auprc,MM_oracle_test_H_auprc_col,MM_oracle_test_M_auroc,MM_oracle_test_M_auroc_col,MM_oracle_test_M_auprc,MM_oracle_test_M_auprc_col,MM_load_sec,MM_rf_fit_sec_s0,MM_rf_fit_sec_s1,total_sec
ANDR,195,108,10000,179047,7186,66291,4746,125003,True,32,16,10000,257630,0.9479424705524249,0.9480073229375527,0.947877618167297,0.7037538324804014,0.7036266451855752,0.7038810197752277,0.937682084090748,0.9373317083177566,0.9380324598637395,0.7199533182308098,0.7185145596705728,0.7213920767910467,0.9482142592926694,0.948447865148413,0.9479806534369261,0.579241573909721,0.5789182264206497,0.5795649213987922,mono_105,0.873007736236854,0.38270800255814696,0.8779521091470112,0.5387485817088934,0.9195572091773379,0.4197745257487065,mono_101,0.8652898844996006,0.4293377162734012,0.8737074596117281,0.541516392788168,0.931495110615449,0.5459057740863315,0.8785597738749084,mono_71,0.546915352088487,mono_59,0.9364019393328069,mono_84,0.547606999060517,mono_84,53.4,60.6,62.7,0.9482785225905368,0.9483375571556107,0.9482194880254629,0.6747061688414586,0.6747717527073761,0.674640584975541,0.8687131933827021,0.869249835682406,0.8681765510829982,0.5423483016445814,0.5419214445540209,0.5427751587351417,0.9434993130329221,0.9436508610181893,0.9433477650476548,0.5739726516840111,0.5733031566076184,0.5746421467604037,mono_9,0.9241310668400419,0.5594831047687346,0.8490483850054757,0.503487167284605,0.9373010513402967,0.549357909442477,mono_23,0.9237024370220859,0.5610336673883964,0.8636316929644722,0.5299542146530217,0.937327892668292,0.549929515946317,0.8652975058568587,mono_22,0.533413003797154,mono_22,0.937327892668292,mono_23,0.549929515946317,mono_23,23.1,48.7,41.9,359.8
ESR1,190,100,10000,190768,6953,69393,3796,130776,True,22,11,10000,277541,0.9256048092447371,0.9256616699341608,0.9255479485553133,0.6711901256064305,0.670912671245358,0.671467579967503,0.8727693300884048,0.8727247902617177,0.872813869915092,0.6289557599109973,0.6280047408192918,0.6299067790027028,0.8935052578341958,0.8935513422737893,0.8934591733946021,0.38887043631902696,0.38828357551333714,0.3894572971247168,mono_16,0.8934173068858509,0.5493751635667818,0.8537285780143843,0.5841917697210142,0.8691397574230324,0.37144847886659405,mono_16,0.8934173068858509,0.5493751635667818,0.8537285780143843,0.5841917697210142,0.8691397574230324,0.37144847886659405,0.8537285780143843,mono_16,0.5972970358031208,mono_49,0.8691397574230324,mono_16,0.3734758744272598,mono_56,60.2,70.1,112.5,0.9097336433175639,0.9096858231756749,0.9097814634594529,0.5642799998073416,0.564505312785396,0.5640546868292872,0.866804142603476,0.8669665875795618,0.8666416976273903,0.6054416667341238,0.606550760975928,0.6043325724923196,0.9029524078060617,0.9024295873676933,0.90347522824443,0.40935179286941836,0.4083681861497806,0.41033539958905607,mono_7,0.8587634174770574,0.4544792385730092,0.837145032633444,0.5648176463222115,0.859063925248543,0.3641557383345563,mono_7,0.8587634174770574,0.4544792385730092,0.837145032633444,0.5648176463222115,0.859063925248543,0.3641557383345563,0.8400520242170894,mono_0,0.5764619912428045,mono_0,0.859063925248543,mono_7,0.372526721654784,mono_9,28.3,85.2,64.0,510.0
CTCF,198,99,10000,221291,10000,71577,10000,156911,True,146,73,10000,321205,0.9844876523446503,0.984917812744305,0.9840574919449956,0.7841431690710385,0.7840685774369396,0.7842177607051374,0.9734065296813224,0.9746882357461197,0.9721248236165249,0.8436637580343185,0.8451090511107765,0.8422184649578603,0.9800252197105364,0.9799376522359806,0.9801127871850921,0.7486090591777341,0.7486518327721627,0.7485662855833056,mono_105,0.973937892639104,0.6346582224086331,0.9683369357475167,0.8142919843758286,0.9780461863731669,0.7480964065894111,mono_183,0.9739002424409489,0.6384490192674908,0.9689049680763373,0.8174315028254592,0.977260030845511,0.7461634625553875,0.9689049680763373,mono_183,0.8252289153863404,mono_55,0.9784743376818708,mono_89,0.7520789849685992,mono_7,57.5,91.3,98.4,0.9850466392179451,0.9849541819087501,0.98513909652714,0.7289370448816774,0.7302417053812744,0.7276323843820804,0.970883111194937,0.9696370272573592,0.9721291951325146,0.8295100058728995,0.8286518142378576,0.8303681975079414,0.982088811013887,0.9822477770838247,0.9819298449439492,0.7760478462525005,0.7780167653776608,0.7740789271273402,mono_131,0.9752183645958189,0.5684260820815652,0.9682128316358607,0.8131224021094536,0.9779892904257828,0.7531134100965831,mono_13,0.9732099385127879,0.5687240148852737,0.9676735313019544,0.8172145677796345,0.976740671463441,0.7480987654243403,0.9692551650669908,mono_17,0.8227616888805033,mono_27,0.9786199609969982,mono_93,0.7537263138453465,mono_93,60.2,173.3,252.5,888.8
MYC,110,55,10000,141491,8356,65299,2423,94890,True,51,25,10000,253557,0.9238145178845298,0.9241107098684722,0.9235183259005875,0.5665887897334766,0.5659333481649305,0.5672442313020227,0.9133511650069877,0.9137892765488496,0.9129130534651257,0.6238967086559245,0.6247100801922042,0.6230833371196448,0.888404572281644,0.8883664413737618,0.8884427031895262,0.21646412381490981,0.21417380179299628,0.21875444583682332,mono_44,0.8818548405905676,0.3852461454470834,0.8924913912407535,0.5449870514392544,0.8745789474851673,0.17169458892092374,mono_45,0.8747965506639999,0.3963173912834628,0.8805527346603166,0.5366777692136396,0.851893858288114,0.16734428235979315,0.8924913912407535,mono_44,0.5682558805879916,mono_84,0.8745789474851673,mono_44,0.18619559492916432,mono_57,47.3,42.4,47.1,0.9214874824990043,0.921408136040417,0.9215668289575913,0.40473971729734837,0.4049346645282243,0.40454477006647244,0.9120494861978603,0.911793695020507,0.9123052773752136,0.6178316655849456,0.6158002719478367,0.6198630592220545,0.8913253532871892,0.8913595915108516,0.8912911150635268,0.22357264129056237,0.22638316307175269,0.22076211950937205,mono_11,0.8863125595033858,0.25401328406008383,0.890837468189833,0.5559684991037553,0.8688937713442508,0.17388282280275014,mono_28,0.882480081401815,0.2546235678829304,0.885799115357055,0.5460338296251332,0.8596770324715539,0.16958365943893683,0.8934573477377632,mono_29,0.5636250434661784,mono_29,0.8688937713442508,mono_11,0.17423519938012377,mono_27,31.4,43.4,54.3,341.3
TF65,72,36,2008,144549,428,41455,2556,161287,True,31,16,10000,325259,0.8521554731547352,0.8513362443797232,0.8529747019297472,0.3361704691519877,0.3356976129823613,0.3366433253216142,0.8374352692988795,0.8369896081439507,0.8378809304538082,0.20010559327599708,0.20104329534852214,0.199167891203472,0.8046130554866895,0.8034303514085881,0.805795759564791,0.11886110182161554,0.11512711369494229,0.12259508994828879,mono_55,0.8045980351608254,0.1386621631779744,0.8011993074350411,0.12858965025809163,0.8032373142160594,0.10203107416458777,mono_49,0.7899726199491928,0.17015082172193374,0.791496831943657,0.14929943099248433,0.8155738715964028,0.11379375164828756,0.8011993074350411,mono_55,0.15781729366371047,mono_64,0.8200748404900708,mono_69,0.11379375164828756,mono_49,37.3,42.2,49.7,0.8787756773063928,0.878943014489991,0.8786083401227947,0.3888949115864291,0.38921107812467554,0.38857874504818257,0.7994546642739508,0.7982792116662928,0.800630116881609,0.15088509894188754,0.15323763230229923,0.14853256558147584,0.872903216743667,0.8722962470413431,0.873510186445991,0.20338596539837206,0.20300007882084334,0.20377185197590075,mono_15,0.8089792562235019,0.1839349421558102,0.7832178400855787,0.1406720440207758,0.8124489004927336,0.10776404181488268,mono_1,0.7928759623868978,0.194922922733166,0.7014192847327978,0.04921075925782876,0.7978962838074214,0.13010968675981355,0.8000393963953707,mono_22,0.14786347880383294,mono_26,0.8124489004927336,mono_15,0.13010968675981355,mono_1,27.3,77.6,53.5,347.2
P53,48,26,662,61847,240,20217,525,52362,True,14,7,2144,213500,0.9110946577698782,0.9107421652604663,0.9114471502792902,0.7563930877615879,0.7571952242609796,0.755590951262196,0.9253397511994856,0.9249501244826962,0.9257293779162751,0.5920619330326874,0.5965787366274611,0.5875451294379137,0.8632648994818125,0.8662581552234354,0.8602716437401896,0.520295492433023,0.5191393699078622,0.5214516149581836,mono_28,0.873650926023126,0.28079753687040204,0.8879167284958204,0.420494854033394,0.8065754518453041,0.25981127515138397,mono_34,0.7145709002094977,0.43465333038964227,0.612170450610872,0.3409618674656116,0.8619702947066302,0.5392436981111457,0.897602265420191,mono_27,0.420494854033394,mono_28,0.8812555633765671,mono_2,0.5627390613927896,mono_38,22.0,7.7,8.1,0.9162099377599706,0.9170633946048447,0.9153564809150967,0.7250844927870989,0.7249863727548046,0.7251826128193931,0.5938257407132611,0.5512800695784076,0.6363714118481146,0.3629962009065296,0.36087475902144595,0.36511764279161335,0.8834163815635112,0.8832722203124405,0.883560542814582,0.6162184115373653,0.6180341798580795,0.6144026432166512,mono_5,0.8981052564315426,0.6426003589689097,0.5486302781487526,0.3377822028161026,0.876671086447642,0.6017387047857824,mono_5,0.8981052564315426,0.6426003589689097,0.5486302781487526,0.3377822028161026,0.876671086447642,0.6017387047857824,0.5991214077261711,mono_7,0.3377822028161026,mono_5,0.882681824878456,mono_1,0.6017387047857824,mono_5,14.2,23.8,18.6,106.4
REST,70,36,10000,220885,9453,71167,2557,139023,True,19,10,10000,322716,0.9908192492699821,0.9909251169160422,0.9907133816239219,0.9626227938392419,0.9628273231797746,0.9624182644987092,0.9905263852170794,0.9904928905613426,0.9905598798728161,0.9708439655482806,0.970748897304193,0.9709390337923681,0.9710791095862848,0.9709033734499569,0.9712548457226128,0.8198617828053072,0.819279506637987,0.8204440589726273,mono_35,0.9712898300020372,0.8634548248793597,0.9780809275327595,0.9378206758220191,0.9557608616998972,0.7619704872818989,mono_67,0.9682530649432963,0.8714039823057559,0.9721534626670528,0.9309415356973773,0.9391202943995355,0.7424425004165226,0.9780809275327595,mono_35,0.9378206758220191,mono_35,0.9557608616998972,mono_35,0.7619704872818989,mono_35,29.8,50.7,56.9,0.9758073684756876,0.975056024801993,0.9765587121493822,0.9045854493169545,0.9044751231428687,0.9046957754910402,0.9894391078812512,0.9893638167201871,0.9895143990423154,0.9610276554614167,0.9610581705069928,0.9609971404158405,0.9688198828828404,0.9685873182411575,0.9690524475245232,0.8113827110420331,0.809874292549943,0.8128911295341231,mono_0,0.9659176827303264,0.8129259011802941,0.9863443299722199,0.9550600793629331,0.9647428304003999,0.7924942573086757,mono_0,0.9659176827303264,0.8129259011802941,0.9863443299722199,0.9550600793629331,0.9647428304003999,0.7924942573086757,0.9863443299722199,mono_0,0.9550600793629331,mono_0,0.9647428304003999,mono_0,0.7924942573086757,mono_0,18.8,69.3,84.6,354.7
GCR,47,26,7758,176233,1800,53602,6532,124682,True,41,23,10000,259670,0.9535349071137802,0.9533111154185516,0.9537586988090088,0.6578250276993467,0.6583173005005597,0.6573327548981337,0.9247130652255926,0.9246328598849959,0.9247932705661894,0.439337088720471,0.440878547774815,0.437795629666127,0.8652073219647389,0.8654090586979916,0.8650055852314864,0.4348160546777694,0.4346016385444837,0.43503047081105517,mono_15,0.9240134292380895,0.49410355858982125,0.906350032544391,0.40519677330612064,0.8409362837306731,0.4204938509527975,mono_15,0.9240134292380895,0.49410355858982125,0.906350032544391,0.40519677330612064,0.8409362837306731,0.4204938509527975,0.9070688490064633,mono_14,0.40519677330612064,mono_15,0.8409362837306731,mono_15,0.4204938509527975,mono_15,22.4,25.9,17.6,0.8850951527900797,0.8849286120845689,0.8852616934955906,0.46811025850063226,0.46824974114826556,0.467970775852999,0.9170577745855254,0.9170725802105228,0.917042968960528,0.41265870908926927,0.4128988831067571,0.4124185350717814,0.8760788051048038,0.8761842306865408,0.875973379523067,0.44988729405334815,0.45032817935467057,0.44944640875202574,mono_11,0.8342331047098239,0.34746687262685017,0.9001228602581164,0.3810892063786643,0.8371443166970969,0.4124329541157651,mono_11,0.8342331047098239,0.34746687262685017,0.9001228602581164,0.3810892063786643,0.8371443166970969,0.4124329541157651,0.9001228602581164,mono_11,0.3851888674082605,mono_12,0.8379938097117965,mono_12,0.4124329541157651,mono_11,15.8,73.1,70.9,262.5
MAX,42,21,10000,168942,5456,68239,1108,63716,True,8,4,5542,211697,0.9280554873862035,0.9281417853464502,0.9279691894259569,0.5324228358035963,0.5337180603480725,0.5311276112591202,0.9134442876273356,0.9133180306116604,0.913570544643011,0.5351692674426891,0.5363358761785604,0.5340026587068178,0.8685448406772562,0.8690437122492796,0.868045969105233,0.16011985232135267,0.16186913105352618,0.1583705735891792,mono_38,0.8956154186052019,0.3756539673691076,0.8892363480838157,0.43033169138678795,0.8608015164539937,0.1318927211397446,mono_32,0.8856281274046716,0.3941668621238269,0.8743001568276139,0.4490968831687415,0.8475308300620102,0.14709680709941153,0.8892363480838157,mono_38,0.4602284110043591,mono_16,0.8608015164539937,mono_38,0.14709680709941153,mono_32,19.3,18.6,20.9,0.8918505210494303,0.8921776953543942,0.8915233467444663,0.3086820808043176,0.3076418946218059,0.3097222669868293,0.9110745331259602,0.9111668965240721,0.9109821697278484,0.524656468929279,0.5256866651142978,0.5236262727442601,0.8715129416796057,0.8716668710181212,0.8713590123410903,0.14932846254486293,0.14950216786244153,0.1491547572272843,mono_6,0.8542143553473922,0.20232639945974062,0.8925560505191796,0.4888161648189677,0.8486495267922889,0.13369184177916174,mono_6,0.8542143553473922,0.20232639945974062,0.8925560505191796,0.4888161648189677,0.8486495267922889,0.13369184177916174,0.8925560505191796,mono_6,0.4888161648189677,mono_6,0.8486495267922889,mono_6,0.13369184177916174,mono_6,9.4,13.7,9.7,107.7
GATA3,44,19,8900,190518,2046,67918,5144,153635,True,36,17,10000,306679,0.869041484888449,0.8690335824236018,0.8690493873532962,0.3013034361688013,0.30186272539484776,0.30074414694275475,0.8397376208248593,0.840221131473676,0.8392541101760426,0.15723593956054024,0.16001923605828258,0.1544526430627979,0.8560788744565914,0.8561499374843762,0.8560078114288066,0.25828700946506955,0.25973164723415604,0.25684237169598306,mono_42,0.8047338610017798,0.14530701922205155,0.8008362795720226,0.11829236493103201,0.8231288005579259,0.166652115871246,mono_42,0.8047338610017798,0.14530701922205155,0.8008362795720226,0.11829236493103201,0.8231288005579259,0.166652115871246,0.8008362795720226,mono_42,0.11829236493103201,mono_42,0.8237154068025239,mono_6,0.1743148151021756,mono_6,22.6,27.9,29.5,0.8829006430991362,0.8832215102762171,0.8825797759220553,0.3594174086841894,0.3598029791947062,0.3590318381736726,0.8279071044702087,0.8275683780541868,0.8282458308862304,0.1490406502527356,0.1485230593373138,0.1495582411681574,0.859216032996345,0.8597137025855701,0.8587183634071199,0.28246945989085637,0.28187237884392763,0.2830665409377851,mono_13,0.8104264095357034,0.1079737007263949,0.7972866560063503,0.09128400562632157,0.8213313618586923,0.14326045666984075,mono_26,0.8028103495837668,0.13194525322420148,0.7861638547397893,0.1052201556296725,0.8122745604812278,0.1744447998003478,0.7994718352074092,mono_4,0.1054333297985151,mono_4,0.8216080370853319,mono_12,0.1744447998003478,mono_26,23.7,66.5,53.5,262.0
RUNX1,39,20,10000,228978,2554,81590,4504,164056,True,28,13,10000,335096,0.9005448177335815,0.900530517123916,0.900559118343247,0.3356032038194885,0.33686499427627714,0.3343414133626999,0.892419502923637,0.8922755045736925,0.8925635012735814,0.2045159651082346,0.20184830459695424,0.20718362561951495,0.8079873610934394,0.8081593709532187,0.8078153512336601,0.11661343240727508,0.11656185613692374,0.11666500867762641,mono_5,0.8652312176278942,0.21295235288190925,0.8704972544023477,0.18046295701993562,0.7940336559307262,0.1058379462385835,mono_11,0.8614304035758894,0.21927707644286829,0.8636023265284537,0.1692612746452011,0.7678932810199715,0.09637752161602524,0.8704972544023477,mono_5,0.18046295701993562,mono_5,0.7975382664031629,mono_30,0.11190691077597975,mono_29,21.9,21.0,32.5,0.8506012482243894,0.8505959772721847,0.8506065191765941,0.22991557696849224,0.22891982825968712,0.23091132567729739,0.8818192359413431,0.8818136128241336,0.8818248590585527,0.20098571347111732,0.20000220531273755,0.20196922162949713,0.8199303304140786,0.8198855098952045,0.8199751509329526,0.14352677142199172,0.14411325239575246,0.142940290448231,mono_21,0.8043607027538378,0.1128183307957793,0.8494033281175631,0.16556774284195527,0.7953923821803343,0.10801738379040854,mono_1,0.8036455946952514,0.11941423222384415,0.8672883224495762,0.1845641799188939,0.7926442168005969,0.11435749697083103,0.8672883224495762,mono_1,0.1845641799188939,mono_1,0.7953923821803343,mono_21,0.11435749697083103,mono_1,26.1,61.5,90.1,290.8
SPI1,42,21,10000,212407,2968,82391,10000,151856,True,132,66,10000,302996,0.9549752137406018,0.9547839861680641,0.9551664413131393,0.7265583397324628,0.7265989187560256,0.7265177607089,0.9620131209212427,0.9618762701785428,0.9621499716639426,0.6658598643350055,0.6652768175828543,0.6664429110871569,0.9607540620719629,0.9608775036877041,0.9606306204562217,0.6422907224329795,0.6419347151256162,0.6426467297403429,mono_21,0.9245346363349607,0.5728433458212626,0.937466751383131,0.5520927910784146,0.9381160405252345,0.5622423042891276,mono_21,0.9245346363349607,0.5728433458212626,0.937466751383131,0.5520927910784146,0.9381160405252345,0.5622423042891276,0.9375362502139151,mono_20,0.5520927910784146,mono_21,0.9412995680118006,mono_4,0.6003065030022064,mono_0,16.4,29.8,28.9,0.9637852902348545,0.9636395041518699,0.963931076317839,0.5740851160786248,0.5735807544704843,0.5745894776867653,0.9582468015979686,0.9583020551108923,0.9581915480850448,0.6264580159959432,0.6274762394752911,0.6254397925165952,0.9635168325584765,0.963585459909388,0.963448205207565,0.6533807446890725,0.653155501122884,0.653605988255261,mono_15,0.9418239306789528,0.4267784973092681,0.937720100077662,0.5485220728399941,0.9466014454483195,0.597030830349555,mono_113,0.9394794512138775,0.44006394737662513,0.9320596482926506,0.5543578703015853,0.9439192066826467,0.6039804633756176,0.9419119816589498,mono_58,0.57402327997046,mono_122,0.9486185211647877,mono_64,0.6039804633756176,mono_113,44.0,127.4,170.8,502.8
ERG,37,17,6048,211725,1621,77799,1458,67844,True,10,5,7106,246659,0.8069913902852044,0.807369560850934,0.8066132197194749,0.1736412169584839,0.17349412404734288,0.17378830986962487,0.7690863247236415,0.7689792870837637,0.7691933623635192,0.08414534529667882,0.0838912881728255,0.08439940242053214,0.8127176531587958,0.8139492872739843,0.8114860190436075,0.06430532192010655,0.065173343747252,0.06343730009296107,mono_22,0.7544202662402125,0.08611969458461471,0.7588901941025062,0.07255747192532169,0.8003593877797115,0.07000823243619476,mono_21,0.7541777692499443,0.08870054342770747,0.7512022887178883,0.0722894055409191,0.809695317725996,0.0732963877583413,0.7588901941025062,mono_22,0.07255747192532169,mono_22,0.85922758407511,mono_6,0.1617545821364425,mono_3,21.5,33.6,45.3,0.9006071878613371,0.9004848296147874,0.9007295461078869,0.3354636837589655,0.336068933279144,0.3348584342387871,0.7078480302842123,0.7074285624705605,0.7082674980978642,0.043314160739520005,0.04315259297888006,0.04347572850015996,0.8747206433155899,0.8747113425465942,0.8747299440845855,0.1914072603890353,0.19226306845639313,0.19055145232167747,mono_9,0.8620969447974045,0.20767644878085254,0.7206860964633717,0.04855818613871616,0.8612744912499578,0.16062698993150168,mono_8,0.8620963451712793,0.20777328225521555,0.7203923500520912,0.04845801603692645,0.8611950505512971,0.16073201338981488,0.7297943404815803,mono_5,0.05065329180844166,mono_4,0.8612744912499578,mono_9,0.16073201338981488,mono_8,22.1,27.7,18.5,192.6
GATA2,37,18,9734,208988,2475,76999,1921,141845,True,29,12,8367,307936,0.9029351152350811,0.9030849798665204,0.9027852506036418,0.32091016360371,0.31957769962632626,0.32224262758109373,0.8911832109586626,0.8914958124210192,0.8908706094963059,0.22648620767342914,0.22665263582395848,0.2263197795228998,0.8518989152932493,0.8522770463297795,0.8515207842567192,0.0838172395808221,0.08503917838174975,0.08259530077989444,mono_36,0.8514082089760224,0.21366464683659253,0.859821540382067,0.19970437272800035,0.8089042505925435,0.06215264682811804,mono_36,0.8514082089760224,0.21366464683659253,0.859821540382067,0.19970437272800035,0.8089042505925435,0.06215264682811804,0.8669313585470939,mono_9,0.19970437272800035,mono_36,0.8300794069763557,mono_3,0.07182599142133551,mono_14,28.2,34.9,34.0,0.8800248270627938,0.8800442241092012,0.8800054300163864,0.2732944843006631,0.2719618094379667,0.2746271591633595,0.8877998126959801,0.8878152293988862,0.887784395993074,0.2006516471170289,0.2010632819521323,0.2002400122819255,0.8675635283060128,0.8677980776466544,0.8673289789653711,0.11967993549014587,0.12071256347822946,0.11864730750206227,mono_6,0.8161482536899258,0.11313628283984599,0.8697654370691683,0.1676931174072663,0.835197201951988,0.07218001049513487,mono_8,0.8148375599857052,0.11525919897732224,0.8699973592730641,0.17528092118061311,0.8314833505327988,0.07398764651753463,0.8699973592730641,mono_8,0.1758534353060728,mono_26,0.835197201951988,mono_6,0.07576121211786656,mono_24,25.5,86.3,58.5,310.5
JUND,33,17,10000,203429,2459,78632,1968,137914,True,12,6,8648,307885,0.8836047006572316,0.8829601325278107,0.8842492687866527,0.394313081430616,0.393563099802567,0.395063063058665,0.8687485456884088,0.8691262671801676,0.8683708241966499,0.24670629103837438,0.24430501610895972,0.24910756596778907,0.8600167982026268,0.8597299714939591,0.8603036249112944,0.13638151793785808,0.13796508884122882,0.1347979470344873,mono_14,0.8547937621971302,0.2855330252393226,0.856309952340368,0.24197735876780263,0.8478882606940981,0.11722401992728441,mono_14,0.8547937621971302,0.2855330252393226,0.856309952340368,0.24197735876780263,0.8478882606940981,0.11722401992728441,0.8567441279635323,mono_4,0.24197735876780263,mono_14,0.8478882606940981,mono_14,0.11908187911634995,mono_24,28.4,21.9,27.6,0.8796952880246488,0.8797015028392585,0.8796890732100391,0.2952876278978651,0.29420649557526757,0.2963687602204627,0.8580998287470524,0.857876554163632,0.8583231033304728,0.2695538605283418,0.26770260504281274,0.27140511601387085,0.8735401585688312,0.8732507472548876,0.8738295698827748,0.13918707332579672,0.13827792971149364,0.1400962169400998,mono_7,0.8408514980687146,0.19026615114511589,0.8471655234357038,0.21193889241675723,0.8476921070229815,0.11672179417413507,mono_11,0.839887067757813,0.19853377064446334,0.8477352753433861,0.2152330916650347,0.8446831069815984,0.12457389177928407,0.8477820491486152,mono_6,0.2152330916650347,mono_11,0.8476921070229815,mono_7,0.12457389177928407,mono_11,24.0,41.5,38.9,209.9
SOX2,30,16,6374,232730,1382,82035,6356,163057,True,40,27,10000,326637,0.882005045337702,0.8823265717240544,0.8816835189513494,0.30996351765027297,0.31004985870366936,0.30987717659687664,0.8727827203400617,0.8729323732052174,0.8726330674749059,0.15284279181748017,0.15488843883622233,0.15079714479873801,0.8476965830648673,0.8480469035501155,0.847346262579619,0.18509251813863314,0.1849765888353647,0.18520844744190157,mono_20,0.8379770188236918,0.13499874331569084,0.8497995234641386,0.08520569644043748,0.8084722883529287,0.13618101905925972,mono_23,0.8217649929215646,0.1471085355927531,0.8346857616189907,0.09099442962320449,0.7824758980856991,0.13048767670047323,0.8497995234641386,mono_20,0.09099442962320449,mono_23,0.8104643173365427,mono_15,0.14008282736921643,mono_15,20.6,28.2,27.8,0.8864885757737182,0.8867226450157207,0.8862545065317158,0.28260647362786334,0.28272071017591416,0.2824922370798125,0.8650871063205259,0.8650860346308364,0.8650881780102153,0.1256135609871121,0.12712533354256855,0.12410178843165563,0.8645180089645225,0.8645492705946729,0.864486747334372,0.23619035905749675,0.23587401748707837,0.23650670062791512,mono_6,0.8121616004922896,0.11686537363170307,0.8510177920775583,0.0891646127644148,0.810275875297373,0.1374575641452828,mono_39,0.8101444343414862,0.1485985331446642,0.7524267420712825,0.067831126438016,0.7850837187309354,0.14841839339171564,0.8510177920775583,mono_6,0.0891646127644148,mono_6,0.810275875297373,mono_6,0.14841839339171564,mono_39,38.3,43.7,43.6,234.8
HNF4A,26,13,10000,191495,1914,66133,3048,129010,True,20,10,10000,274076,0.9632233722812606,0.9630056212955953,0.9634411232669261,0.7315722273533187,0.7308507514683552,0.7322937032382821,0.9538773714304006,0.9536930827196471,0.9540616601411541,0.5235997116096774,0.5236736762650651,0.5235257469542898,0.9392535289437166,0.9395065180403726,0.9390005398470607,0.38117487286325014,0.38121009183340665,0.3811396538930936,mono_5,0.9472225230423771,0.6038232516711283,0.9418555647677528,0.4480458873320777,0.9270591116764229,0.29227952492498777,mono_13,0.9463446445076895,0.6179338061491008,0.9395230607849692,0.4640210302460878,0.9265884951440213,0.3125966486187171,0.9434305234088535,mono_15,0.4640210302460878,mono_13,0.9270591116764229,mono_5,0.3151527361628193,mono_15,12.6,12.1,12.5,0.9533153129971249,0.9534139539762694,0.9532166720179804,0.5816553488433795,0.5821470064889444,0.5811636911978149,0.9484530879723535,0.9488769038156715,0.9480292721290355,0.4860804594709727,0.4894556627169941,0.48270525622495136,0.9417773597277551,0.9417297022286213,0.9418250172268889,0.4122346646386962,0.41311817505207254,0.41135115422531976,mono_15,0.9299169363607175,0.4482087131410531,0.9379549358445074,0.44647250752211787,0.9277494791243878,0.3485827428324628,mono_15,0.9299169363607175,0.4482087131410531,0.9379549358445074,0.44647250752211787,0.9277494791243878,0.3485827428324628,0.9400419480196023,mono_10,0.45284471169672796,mono_9,0.9277494791243878,mono_15,0.3485827428324628,mono_15,14.8,23.1,25.0,114.1
GATA1,28,14,10000,209539,3740,79049,8480,153894,True,53,26,10000,304582,0.9353355732107149,0.9351145602966512,0.9355565861247788,0.3995513057893667,0.4011643451696965,0.39793826640903696,0.9245192313871793,0.924669113038464,0.9243693497358945,0.36031495784336687,0.3613767955084036,0.35925312017833005,0.9112748654213351,0.9110460534155953,0.9115036774270748,0.3671173152166121,0.368209913709365,0.3660247167238592,mono_26,0.9051178315253964,0.2882189526021027,0.9095333815491007,0.3423246247558963,0.8978615143025425,0.34259025774009755,mono_26,0.9051178315253964,0.2882189526021027,0.9095333815491007,0.3423246247558963,0.8978615143025425,0.34259025774009755,0.9095333815491007,mono_26,0.3423246247558963,mono_26,0.8978615143025425,mono_26,0.34259025774009755,mono_26,24.0,28.7,28.3,0.9253201525369195,0.9253085440045703,0.9253317610692686,0.3407583566332252,0.339135981371777,0.34238073189467333,0.9227491453720271,0.9229809534639823,0.922517337280072,0.36187714162502027,0.3622726485563575,0.361481634693683,0.9161448130433321,0.9160648292803106,0.9162247968063535,0.3964907220608003,0.3978776233254908,0.39510382079610984,mono_52,0.8891645451799516,0.2136579907102228,0.904712196043299,0.33122987777149204,0.8926959546064663,0.32956198055658187,mono_52,0.8891645451799516,0.2136579907102228,0.904712196043299,0.33122987777149204,0.8926959546064663,0.32956198055658187,0.9047316654538311,mono_50,0.33122987777149204,mono_52,0.8926959546064663,mono_52,0.32956198055658187,mono_52,38.4,53.2,49.4,265.5
TAL1,16,14,7020,201246,1682,68559,2765,143373,True,17,16,10000,287475,0.8910955663240802,0.8909494359400196,0.8912416967081407,0.2554055952059161,0.2549258866891667,0.25588530372266555,0.8895413454261316,0.890090053926317,0.8889926369259461,0.1610722528725969,0.16070826981202682,0.16143623593316697,0.9178504275491579,0.9177135629066226,0.9179872921916933,0.19578894962275656,0.19499027987987436,0.1965876193656388,mono_10,0.811854983552185,0.14047884726266643,0.8432209564450064,0.13113945546173333,0.8919793398191032,0.15677483601950895,mono_11,0.8060145192176387,0.14516925672430536,0.8345321931157693,0.13112324201844078,0.8878746756853408,0.1609775312146371,0.8438467182739693,mono_9,0.1335616198061861,mono_8,0.8919793398191032,mono_10,0.16224338380661976,mono_1,18.3,18.5,21.0,0.9384922399339073,0.9388741847117141,0.9381102951561006,0.4111637866589574,0.4117488717182936,0.41057870159962123,0.8634614992382946,0.8635000172308778,0.8634229812457115,0.15371320510467912,0.15191780832338275,0.15550860188597546,0.9192061932715395,0.9190005535580639,0.9194118329850152,0.2000883404970073,0.1962234068011431,0.20395327419287151,mono_15,0.901791784329072,0.2827334429429284,0.8428169110060633,0.13338212350646272,0.894655017188628,0.16517028602157613,mono_9,0.888153559092095,0.28338833564880556,0.831811379417355,0.13321966927761872,0.8828292554572779,0.16619005639274598,0.8450868601870276,mono_6,0.134325884142265,mono_6,0.894655017188628,mono_15,0.16619005639274598,mono_9,20.2,46.7,43.4,187.9
CEBPB,20,10,10000,204971,2068,78296,10000,144452,True,86,42,10000,303252,0.9548641112645203,0.9549154385254499,0.9548127840035907,0.5954036728408372,0.595864697838823,0.5949426478428513,0.9471295657465326,0.9470168221908073,0.947242309302258,0.33242536045054594,0.331937028972053,0.33291369192903886,0.9291814083571012,0.929330926882286,0.9290318898319163,0.4946243284084756,0.49541255792687755,0.49383609889007357,mono_12,0.9398572112640324,0.4634512128702824,0.9389172460942248,0.28115734029528094,0.9219528732727826,0.44991919138647307,mono_12,0.9398572112640324,0.4634512128702824,0.9389172460942248,0.28115734029528094,0.9219528732727826,0.44991919138647307,0.9389172460942248,mono_12,0.28115734029528094,mono_12,0.9219528732727826,mono_12,0.44991919138647307,mono_12,12.4,13.9,13.7,0.9424352834441323,0.9423824795879335,0.9424880873003312,0.4783110297271075,0.4775735280588238,0.47904853139539116,0.946691070206422,0.9461509603292886,0.9472311800835553,0.3649465895367627,0.36567602377368563,0.3642171552998397,0.9317148987206822,0.9317633127267189,0.9316664847146457,0.5301135825978447,0.5303089999600223,0.529918165235667,mono_24,0.9256763281033595,0.34221568896643256,0.9383612051296089,0.28489948782883284,0.9225001457231469,0.45506755604067667,mono_42,0.9249598591270627,0.3444340936787081,0.9367737906874847,0.2746044377220021,0.9197824505718163,0.4419350348045364,0.9399559628797448,mono_25,0.29462925329367806,mono_67,0.9225001457231469,mono_24,0.45506755604067667,mono_24,52.3,82.2,80.9,299.1
PPARG,17,11,5435,168455,1390,53727,8582,130844,True,52,31,10000,266327,0.921929181756478,0.9211339628454576,0.9227244006674984,0.4823296266797227,0.48342700177388154,0.4812322515855638,0.9002830255757425,0.9002556221815781,0.9003104289699069,0.29376869303107167,0.29474382212558065,0.29279356393656264,0.8782318642641191,0.8780757691093889,0.8783879594188495,0.43440192671210154,0.4337032323586953,0.43510062106550784,mono_13,0.8908295525351525,0.3055614671048225,0.8865259459192375,0.2675307260896571,0.8682635952537061,0.4214953332285007,mono_13,0.8908295525351525,0.3055614671048225,0.8865259459192375,0.2675307260896571,0.8682635952537061,0.4214953332285007,0.8865259459192375,mono_13,0.2675307260896571,mono_13,0.8682635952537061,mono_13,0.4214953332285007,mono_13,19.4,12.1,10.2,0.9003448484381982,0.9004063759964254,0.9002833208799709,0.4421085192715515,0.4419836550908276,0.4422333834522753,0.8999783812460891,0.9006133861128194,0.8993433763793588,0.28781447197483145,0.287479983337846,0.28814896061181683,0.8843453130467858,0.8847837372996444,0.8839068887939272,0.44489367114772405,0.44363417972781893,0.4461531625676291,mono_47,0.8630438104285333,0.3014463587568393,0.8791431046351706,0.24762515471613686,0.8681102218384613,0.4031450940524911,mono_47,0.8630438104285333,0.3014463587568393,0.8791431046351706,0.24762515471613686,0.8681102218384613,0.4031450940524911,0.8798623751063364,mono_4,0.25739050255274315,mono_2,0.8681102218384613,mono_47,0.40690224912455486,mono_25,35.0,40.5,52.3,194.4
PRGR,19,9,1260,119372,296,29600,668,65499,True,5,3,3316,228156,0.9261894739214589,0.9264151672855139,0.9259637805574039,0.2611785841834922,0.2607437924260995,0.2616133759408849,0.8631609238038715,0.8637348201241783,0.8625870274835647,0.06941802853943474,0.06907955834333104,0.06975649873553844,0.8811837976134024,0.8809387934157792,0.8814288018110256,0.11913883877533112,0.11946212358626283,0.1188155539643994,mono_12,0.8502398531148992,0.07193417101775605,0.8254313139152667,0.059772176848223973,0.861836282548721,0.1127229094166115,mono_12,0.8502398531148992,0.07193417101775605,0.8254313139152667,0.059772176848223973,0.861836282548721,0.1127229094166115,0.8262167298210372,mono_5,0.07260969814056258,mono_15,0.861836282548721,mono_12,0.11456138642543894,mono_1,15.9,5.6,5.6,0.9140823157053717,0.914666100412832,0.9134985309979113,0.3909143956776524,0.3926481479415639,0.38918064341374087,0.8488675013696129,0.8480127488130023,0.8497222539262235,0.06013224907703775,0.06018513498045456,0.060079363173620934,0.9043973953800821,0.9046737629033601,0.9041210278568041,0.16143428885137806,0.1637337960406832,0.15913478166207295,mono_2,0.8723461206711232,0.18221594999871865,0.8223751369612855,0.05248405451218814,0.8700924994695262,0.1130296766815073,mono_0,0.8701589049625135,0.1859528826186714,0.8176911751278306,0.05893998939435667,0.8632131262597326,0.12806164264688588,0.8223751369612855,mono_2,0.05893998939435667,mono_0,0.8700924994695262,mono_2,0.12806164264688588,mono_0,12.0,7.0,6.6,58.1
FLI1,18,8,1346,104762,256,25400,3449,133553,True,21,8,10000,294746,0.9339237784942551,0.9330663194601743,0.934781237528336,0.2433045875577724,0.23936647032879763,0.24724270478674717,0.8726426396407481,0.8721412093996064,0.8731440698818899,0.0741679180597575,0.07532518311163762,0.07301065300787737,0.8317944038023682,0.8307406686799241,0.8328481389248124,0.14862371127643992,0.14691108242638173,0.15033634012649813,mono_16,0.866369927641549,0.07085215316080747,0.8629455278051181,0.06431385081987298,0.8216431351210289,0.14052617472653842,mono_15,0.8657561895124739,0.07145238719632765,0.8668825356791339,0.0591874948051563,0.8241556827819702,0.13833341451006356,0.8668825356791339,mono_15,0.06431385081987298,mono_16,0.8241556827819702,mono_15,0.14899905299797525,mono_11,11.4,4.3,4.9,0.861789409440671,0.8623249726883486,0.8612538461929933,0.29689150878421916,0.29626472293535433,0.297518294633084,0.8813870263287402,0.8815463521161417,0.8812277005413386,0.06791422547789205,0.06788548194227713,0.06794296901350698,0.8490503226754449,0.8488920592045972,0.8492085861462926,0.20868410414099928,0.2085018297891455,0.20886637849285306,mono_2,0.8280318823665123,0.2113016883722803,0.8685214689960629,0.06646704218058697,0.8338093213958273,0.18494717025298296,mono_2,0.8280318823665123,0.2113016883722803,0.8685214689960629,0.06646704218058697,0.8338093213958273,0.18494717025298296,0.8712589197834646,mono_14,0.06693552540380802,mono_14,0.8338093213958273,mono_2,0.18494717025298296,mono_2,16.7,22.7,35.1,106.1
SRF,14,11,8305,232783,1939,87394,558,50797,True,5,3,2084,183398,0.8862149417589661,0.8860013008629661,0.886428582654966,0.5485137000366352,0.5488306053290088,0.5481967947442616,0.8672491250669506,0.8677825613849359,0.8667156887489653,0.36984548038293635,0.3651732799603385,0.3745176808055342,0.8296637617876426,0.8296138583241199,0.8297136652511653,0.16365021853186143,0.16667794848882628,0.16062248857489658,mono_6,0.7884837460653273,0.3212282816985706,0.7726668020245329,0.2608140376635002,0.7768163819964249,0.0940345363494275,mono_3,0.7876277628605813,0.3725475172698892,0.7805279306133688,0.26876097751034494,0.7895412007157875,0.1031616904712961,0.7805279306133688,mono_3,0.27286475716483344,mono_4,0.7942947305258834,mono_11,0.12704585670382718,mono_4,9.3,17.1,16.9,0.8418636733417577,0.8443056016598075,0.8394217450237078,0.34682677615705737,0.3484336531192406,0.34521989919487417,0.7949194369501458,0.7948459551671662,0.7949929187331254,0.33204537121256794,0.32779962460691586,0.3362911178182201,0.8154989485521927,0.8139843722602929,0.8170135248440926,0.16366290550428203,0.1606538520949882,0.1666719589135759,mono_2,0.8076822132367101,0.20952470534748638,0.7616090447411882,0.29700927783862735,0.799492064237982,0.15611870116435905,mono_2,0.8076822132367101,0.20952470534748638,0.7616090447411882,0.29700927783862735,0.799492064237982,0.15611870116435905,0.7677350159803994,mono_4,0.29700927783862735,mono_2,0.799492064237982,mono_2,0.15611870116435905,mono_2,6.6,5.1,5.1,67.2
IRF4,12,6,6960,198867,1518,66547,2628,149930,True,16,7,10000,303157,0.8946562929137241,0.8959515323849838,0.8933610534424642,0.4773145735673625,0.47928125330053645,0.4753478938341886,0.8520199835780324,0.8537915776209601,0.8502483895351048,0.30787866249705986,0.311165316072148,0.3045920089219717,0.8703776044244289,0.8708842538491579,0.8698709549996999,0.32930701964977027,0.3318961605430425,0.3267178787564981,mono_8,0.7858214522338012,0.2860240793163098,0.7562861700388561,0.207011413679689,0.8137289436237165,0.2707132801328422,mono_8,0.7858214522338012,0.2860240793163098,0.7562861700388561,0.207011413679689,0.8137289436237165,0.2707132801328422,0.7570476356839183,mono_9,0.2164469339862612,mono_3,0.8139584495088068,mono_9,0.2707132801328422,mono_8,7.3,11.0,11.0,0.8822498722609077,0.8817809112110226,0.8827188333107927,0.5201802154919086,0.5201378106848992,0.5202226202989182,0.7961600212697999,0.7955807552026243,0.7967392873369754,0.2826269304799271,0.2812087676767161,0.2840450932831381,0.8832573135855077,0.8833932649036318,0.8831213622673838,0.3300807159940028,0.3292864566036141,0.33087497538439153,mono_11,0.8094083540871562,0.3846501194343536,0.7613946282589105,0.2255225862636947,0.8217797275461172,0.2979000380910124,mono_3,0.8092088167187298,0.39244405546214045,0.7604980683409723,0.227965314789482,0.8199123111840827,0.30197898068170015,0.7622220819176746,mono_10,0.227965314789482,mono_3,0.8217797275461172,mono_11,0.30197898068170015,mono_3,9.7,19.7,22.1,92.4
USF2,12,6,6522,157856,1266,50994,884,68054,True,6,3,4260,254457,0.9802296310657878,0.9803319615475398,0.9801273005840357,0.7710004278945161,0.7702454489792788,0.7717554068097533,0.9794969218879698,0.980175857507258,0.9788179862686816,0.628387691628502,0.6353991153596191,0.621376267897385,0.9814638814239478,0.9813329134290083,0.9815948494188872,0.3537094238180521,0.35342297005437656,0.3539958775817276,mono_3,0.9728803718991181,0.6808240597557215,0.9759833901717894,0.6224121685542724,0.9793799627046236,0.34102472499909703,mono_3,0.9728803718991181,0.6808240597557215,0.9759833901717894,0.6224121685542724,0.9793799627046236,0.34102472499909703,0.9760523819640894,mono_2,0.6224121685542724,mono_3,0.9793799627046236,mono_3,0.3423117425506868,mono_7,9.5,7.2,7.6,0.9881087119675496,0.9880705569833405,0.9881468669517588,0.6019341948977506,0.6020870184554218,0.6017813713400794,0.9758901877437987,0.9756196420221294,0.976160733465468,0.6156546347216895,0.6104061226047018,0.6209031468386771,0.9809574712894351,0.9812969259040631,0.9806180166748071,0.38939950154841635,0.3970903246336191,0.3817086784632136,mono_1,0.9816389142074624,0.46010870691894556,0.9728863030752742,0.6183296677411066,0.981020578281793,0.36080130604303895,mono_1,0.9816389142074624,0.46010870691894556,0.9728863030752742,0.6183296677411066,0.981020578281793,0.36080130604303895,0.9730798797318472,mono_3,0.6187485468309206,mono_0,0.981020578281793,mono_1,0.36318505885533997,mono_2,7.6,13.6,13.7,64.9
STAT1,11,6,4588,225764,1075,74254,2778,150183,True,29,20,10000,314106,0.943818382353952,0.943626485756156,0.9440102789517479,0.5512829976438189,0.5517212148375895,0.5508447804500485,0.9397673197152954,0.9408718033199686,0.9386628361106223,0.40770310169383084,0.4061040423520591,0.4093021610356026,0.8060882330228588,0.8048394433712878,0.8073370226744299,0.10197064729431846,0.10175715455656818,0.10218414003206873,mono_3,0.9022378518937624,0.3769059327431528,0.9131343828630953,0.3650866780206494,0.7241026626661141,0.07275465203925333,mono_3,0.9022378518937624,0.3769059327431528,0.9131343828630953,0.3650866780206494,0.7241026626661141,0.07275465203925333,0.9155139774789363,mono_7,0.3650866780206494,mono_3,0.7614458824357155,mono_0,0.14232245092988474,mono_0,11.2,13.2,15.1,0.8524788316682904,0.8525972173406431,0.8523604459959377,0.4040536259687907,0.40456712563406777,0.40354012630351366,0.9082619118161985,0.9090309941802525,0.9074928294521445,0.18452568376408224,0.18530959568539393,0.18374177184277057,0.8377452036712956,0.8379327879933686,0.8375576193492225,0.2522704418731099,0.2517450871388543,0.25279579660736545,mono_20,0.7803146831006093,0.15554844207578122,0.8602300839168637,0.14083263919026615,0.7647940307161716,0.0800072213538048,mono_21,0.7776869883096789,0.1947735939324991,0.890436878821343,0.19403561199785901,0.7575694981136691,0.11227371733229502,0.9092600069779344,mono_27,0.2522516052973823,mono_23,0.7648907557641688,mono_22,0.12670130530828655,mono_5,24.9,36.2,40.2,156.8
IRF1,11,5,3280,208371,765,60114,1066,95372,True,13,6,5055,290491,0.8774880132159911,0.8789691048248722,0.87600692160711,0.534586639814238,0.5341349246636613,0.5350383549648149,0.8450104822623509,0.8495836451048021,0.8404373194198996,0.46274593407986725,0.4601011867159134,0.4653906814438211,0.8057725022483304,0.8033422240974593,0.8082027803992015,0.2397520253805366,0.2408139269422777,0.2386901238187955,mono_5,0.8477176914218787,0.39935414096793825,0.810201749573414,0.4029052673239741,0.7887875503046469,0.22302444930338938,mono_5,0.8477176914218787,0.39935414096793825,0.810201749573414,0.4029052673239741,0.7887875503046469,0.22302444930338938,0.8151908650252973,mono_1,0.4029052673239741,mono_5,0.7947945062600333,mono_7,0.22302444930338938,mono_5,10.5,11.6,12.7,0.8297704759914981,0.8306233011449515,0.8289176508380447,0.4188143455537896,0.41921168443939416,0.4184170066681851,0.8217920645762159,0.8233954832224003,0.8201886459300315,0.43187249781595366,0.4282649283488398,0.43548006728306754,0.8126647469071244,0.8112032411603769,0.814126252653872,0.27624762261070834,0.2766703382142286,0.2758249070071881,mono_8,0.8063706878957599,0.28002509703536904,0.8128472786237739,0.409791302535245,0.7902813847763814,0.21863870455596598,mono_8,0.8063706878957599,0.28002509703536904,0.8128472786237739,0.409791302535245,0.7902813847763814,0.21863870455596598,0.8128472786237739,mono_8,0.409791302535245,mono_8,0.7902813847763814,mono_8,0.21863870455596598,mono_8,18.3,21.4,21.3,104.6
COE1,10,5,3924,211595,794,66949,4446,159928,True,30,14,10000,323356,0.9575218387048575,0.9577849698875867,0.9572587075221284,0.4391023319591063,0.4420580241338218,0.43614663978439083,0.9311047907326577,0.9311737838114527,0.9310357976538628,0.2272039701480213,0.2269417722565367,0.2274661680395059,0.9561048458367218,0.956082382258701,0.9561273094147427,0.45278601118551165,0.4487212693602342,0.4568507530107891,mono_7,0.9410033747128954,0.29513742605114285,0.9288641005844029,0.19824209359209588,0.9520179970550401,0.43977046398658515,mono_7,0.9410033747128954,0.29513742605114285,0.9288641005844029,0.19824209359209588,0.9520179970550401,0.43977046398658515,0.9288641005844029,mono_7,0.21061139569979842,mono_5,0.9534799825463519,mono_5,0.4576865963994697,mono_5,13.4,13.8,14.7,0.9707340054769356,0.9705556578507898,0.9709123531030814,0.6266285164060643,0.6268921544681193,0.6263648783440092,0.9328987048414197,0.9336928824313164,0.9321045272515228,0.2074267491349069,0.2088107717338384,0.2060427265359754,0.9599022769591797,0.9600682922587322,0.9597362616596272,0.4763177791064155,0.47482013966693437,0.47781541854589654,mono_17,0.9557273443201919,0.49429754782144064,0.9322075983022979,0.21510322512474395,0.9565306074643172,0.45856814116514505,mono_21,0.9554853846843727,0.497695054419742,0.9326229488644558,0.2139671455573019,0.9559264205442156,0.47473193814594195,0.9326229488644558,mono_21,0.21842901377976243,mono_13,0.9565306074643172,mono_17,0.47473193814594195,mono_21,24.7,42.6,44.0,173.4
STA5A,9,5,2550,220867,550,52311,9620,154756,True,60,32,10000,299632,0.8114345901716914,0.8108990194347285,0.8119701609086543,0.20098816970094907,0.19856050823660387,0.2034158311652943,0.771947461076325,0.77170089378038,0.7721940283722699,0.09668165554782265,0.0978697510644702,0.09549356003117512,0.8648602396843983,0.8697022407455282,0.8600182386232684,0.39413872232064256,0.4012367760475641,0.38704066859372105,mono_4,0.742385810749207,0.0564582637985355,0.7460946159420668,0.05291614821339253,0.8759811068556771,0.32164380572313434,mono_2,0.7298536178768573,0.07185293819488878,0.7307019556116304,0.06147081623500864,0.8989704139717709,0.3854019872115097,0.7460946159420668,mono_4,0.06147081623500864,mono_2,0.903010837488176,mono_7,0.4068658765517017,mono_7,13.1,14.0,10.6,0.9210715596965611,0.9206627823463449,0.9214803370467773,0.4187413134086756,0.4192832872450001,0.41819933957235117,0.7440085085528683,0.7422970312171435,0.7457199858885929,0.08292552603882891,0.08610237548339197,0.07974867659426586,0.9135510491292336,0.913504537543347,0.91359756071512,0.4564948412513823,0.4574254110298149,0.4555642714729497,mono_52,0.8999318437283066,0.28673124843972836,0.7324869095844608,0.07593537958219582,0.9071441740170254,0.4135995778435567,mono_52,0.8999318437283066,0.28673124843972836,0.7324869095844608,0.07593537958219582,0.9071441740170254,0.4135995778435567,0.7427461458653751,mono_4,0.07593537958219582,mono_52,0.9071441740170254,mono_52,0.4135995778435567,mono_52,44.2,48.9,46.7,203.8
RXRA,9,4,3918,187701,786,60127,8914,133824,True,53,26,10000,274364,0.8480010235561424,0.8483724280309299,0.8476296190813548,0.24516339159103318,0.24668059001332007,0.24364619316874625,0.8256431858757318,0.8246230593081793,0.8266633124432843,0.10105296681928844,0.10221985220566321,0.09988608143291368,0.8174005363230554,0.8175789473188296,0.8172221253272811,0.2544265759758612,0.25440489042720527,0.25444826152451716,mono_6,0.7527212937650865,0.07163745691956491,0.7474783442899975,0.0378406916396881,0.7636988056377928,0.1752161720069114,mono_3,0.7443848052638126,0.11823805916489591,0.7413459894114708,0.09186924044888903,0.7164974411721516,0.1817188797956739,0.7570584586628363,mono_1,0.09186924044888903,mono_3,0.7771116317641007,mono_5,0.1817188797956739,mono_3,12.6,11.5,10.1,0.8633222188406642,0.8632960980668017,0.8633483396145266,0.3693410969966678,0.3692925572689736,0.369389636724362,0.8363230927953982,0.8366343931638169,0.8360117924269795,0.11989846047703245,0.12103607999525892,0.11876084095880597,0.8464328008261659,0.8459809247046033,0.8468846769477285,0.3943696340900018,0.3939330120054834,0.39480625617452025,mono_45,0.7843041341065154,0.14337248701174227,0.7454383873896098,0.035939014116864336,0.7854095019010767,0.22791185700014452,mono_8,0.7623846113192693,0.20688637982445784,0.6974717551835045,0.03240580848020948,0.7571828135161729,0.2677420253280179,0.7628504292716125,mono_25,0.11010228098912286,mono_0,0.7883960122441585,mono_11,0.2710545700444546,mono_13,42.5,44.9,41.2,185.3
E2F4,7,4,2686,118552,594,40296,1250,58263,True,8,4,5636,194299,0.9173331895615884,0.9172603165564402,0.9174060625667366,0.37702660159328183,0.3790576271411974,0.37499557604536626,0.8425293610113443,0.8426982501208231,0.8423604719018656,0.16013286964462806,0.1593939937462547,0.1608717455430014,0.879402838851415,0.879072056021832,0.8797336216809981,0.1950495824215322,0.19798323753060154,0.19211592731246288,mono_5,0.8176400670347486,0.13947910735375665,0.7528403450827513,0.10740983574939131,0.8281590168717711,0.15139126640567768,mono_6,0.7973777444403974,0.15593321684689532,0.747157106435943,0.10794160107839439,0.7943321971062252,0.1556118417378499,0.7741114323033125,mono_2,0.10794160107839439,mono_6,0.8281590168717711,mono_5,0.1556118417378499,mono_6,8.6,4.8,5.6,0.9185644565369206,0.9184693963312074,0.9186595167426338,0.3791228468165515,0.3804239346009068,0.3778217590321963,0.8256564929621808,0.8248590898729871,0.8264538960513746,0.12028024189730091,0.12471313434738177,0.11584734944722004,0.870796629078489,0.8707388222370973,0.8708544359198805,0.18146064134259246,0.1815752823329348,0.18134600035225013,mono_6,0.8614766957313391,0.20705568273834454,0.7910710322736331,0.08717375089270267,0.8383942467775433,0.16167883094538923,mono_6,0.8614766957313391,0.20705568273834454,0.7910710322736331,0.08717375089270267,0.8383942467775433,0.16167883094538923,0.7910710322736331,mono_6,0.09422829969354972,mono_7,0.8383942467775433,mono_6,0.16167883094538923,mono_6,9.1,12.9,12.1,59.2
STAT3,5,5,3000,226482,842,71905,2185,148920,True,15,16,10000,314538,0.8427364746425765,0.8423912952611392,0.8430816540240138,0.20144025017103284,0.2044593793644481,0.19842112097761758,0.8361170865623205,0.8358837480371717,0.8363504250874694,0.08593051991041176,0.08620081631265707,0.08566022350816645,0.806677559742119,0.8065584827078383,0.8067966367763996,0.0726999867370699,0.07265202278600844,0.07274795068813136,mono_2,0.7989497053481808,0.06962832901791992,0.820615325942236,0.08672130757821674,0.7935345210150767,0.06185134767883926,mono_2,0.7989497053481808,0.06962832901791992,0.820615325942236,0.08672130757821674,0.7935345210150767,0.06185134767883926,0.820615325942236,mono_2,0.08672130757821674,mono_2,0.7935345210150767,mono_2,0.06257507942942932,mono_3,10.3,14.0,10.1,0.8585309189986583,0.8580566696233841,0.8590051683739326,0.25856769447955197,0.25794441152883524,0.2591909774302687,0.8283581067722472,0.828607157008596,0.8281090565358984,0.0749494373983755,0.07732072083697253,0.07257815395977847,0.8192471024019777,0.8185446073667861,0.8199495974371693,0.0735619881213734,0.07324235806340387,0.07388161817934294,mono_2,0.8148259757167655,0.14408094656522502,0.8116231068936466,0.060253838334535056,0.8052579011291673,0.06419171583247334,mono_2,0.8148259757167655,0.14408094656522502,0.8116231068936466,0.060253838334535056,0.8052579011291673,0.06419171583247334,0.8116231068936466,mono_2,0.07119005148206689,mono_12,0.8052579011291673,mono_2,0.06745905586801615,mono_7,18.1,30.5,30.8,125.8
AP2A,6,3,2406,212429,636,62935,1334,86392,True,8,4,5646,253997,0.9177137731612421,0.9166378848629791,0.9187896614595051,0.22763685707384157,0.22797562215568953,0.22729809199199358,0.9084922649054403,0.9088922732998456,0.9080922565110352,0.10252574875776188,0.10136667722322662,0.10368482029229716,0.883339749411802,0.8831321733799273,0.8835473254436768,0.10775800086450643,0.1086630166356543,0.10685298509335858,mono_3,0.8566678698264749,0.07541719927578591,0.8762400859826925,0.07747298906823509,0.86282188797258,0.09454498687513864,mono_3,0.8566678698264749,0.07541719927578591,0.8762400859826925,0.07747298906823509,0.86282188797258,0.09454498687513864,0.8762400859826925,mono_3,0.08509695740650068,mono_5,0.8655288408208157,mono_1,0.09454498687513864,mono_3,8.0,9.0,9.3,0.933741723439709,0.9336536369036275,0.9338298099757905,0.3040380557447631,0.3038402213500536,0.3042358901394726,0.8883867527293059,0.8884461006739008,0.888327404784711,0.0939630427619828,0.09282596453649096,0.09510012098747467,0.9016565760433978,0.9017369990113748,0.9015761530754207,0.11579687489126123,0.11480530407374702,0.11678844570877542,mono_1,0.8977509790961226,0.15491727396931212,0.8698275349479572,0.07005222333131199,0.8881495218683834,0.1027217184828694,mono_1,0.8977509790961226,0.15491727396931212,0.8698275349479572,0.07005222333131199,0.8881495218683834,0.1027217184828694,0.8698275349479572,mono_1,0.07005222333131199,mono_1,0.8881495218683834,mono_1,0.1027217184828694,mono_1,14.7,13.1,13.3,74.7
MAFK,6,3,2458,169047,468,39721,952,84069,True,6,3,4190,237591,0.8908487003265416,0.8901331901942446,0.8915642104588386,0.575081987708052,0.576041372436898,0.5741226029792058,0.8559521842199771,0.8578873970732181,0.854016971366736,0.45122615669058064,0.45359623179403086,0.4488560815871304,0.9419123482101687,0.9409912860694362,0.9428334103509012,0.6583361558431532,0.6580669071382138,0.6586054045480926,mono_4,0.8177727405895269,0.27995245948764963,0.8082991042005166,0.2482059170493658,0.9087750398307273,0.4824870377218108,mono_2,0.8079294855062263,0.3245221568145856,0.8103928211239206,0.27085184463710876,0.9140937376270853,0.5334027439052422,0.8103928211239206,mono_2,0.27085184463710876,mono_2,0.9140937376270853,mono_2,0.5334027439052422,mono_2,8.1,6.8,7.3,0.9643884359585513,0.965642345665139,0.9631345262519637,0.8083673458171587,0.8089110421691925,0.807823649465125,0.8723641200794345,0.8720482416134591,0.8726799985454099,0.48381346250582535,0.4848143803068401,0.48281254470481066,0.9497167742663564,0.9505728137881138,0.9488607347445991,0.6745020786709575,0.6743110849328461,0.6746930724090688,mono_2,0.934557944380241,0.5883488620420397,0.8429324452586706,0.35988650099301855,0.9272913925945784,0.5279977567263869,mono_3,0.926275444226475,0.620655809181462,0.8395706419799468,0.3304659752552001,0.9221283042710714,0.5650969444091459,0.8485410632322845,mono_1,0.35988650099301855,mono_2,0.9272913925945784,mono_2,0.5650969444091459,mono_3,11.8,15.9,15.0,71.0
TFE2,5,3,1939,128577,428,36074,5578,143178,True,38,19,10000,286775,0.8354041371003085,0.8353096576404674,0.8354986165601497,0.15869600512913046,0.1590726160169286,0.15831939424133232,0.7744017165649633,0.7732600148500565,0.7755434182798702,0.06101399490126502,0.060533464379201124,0.06149452542332893,0.8960617042863213,0.8957814465097192,0.8963419620629234,0.24220774589106253,0.2417624224712317,0.2426530693108934,mono_3,0.7569200440945193,0.041864207350124055,0.7323898784896467,0.02828068027917615,0.8820453020135994,0.19290733352847975,mono_1,0.7567166634171084,0.04394486385691628,0.7389151142589039,0.03321278170645205,0.869375368401237,0.18483454831521318,0.7427695031345226,mono_0,0.03321278170645205,mono_1,0.8820453020135994,mono_3,0.196690790326993,mono_4,10.6,5.1,5.4,0.9206696332490628,0.9207660036614069,0.9205732628367187,0.3688322334279771,0.36861100077009334,0.3690534660858609,0.759279131706943,0.7621941385801461,0.7563641248337399,0.04261975067361756,0.04505602009482756,0.040183481252407574,0.9119823467563919,0.9119893892931032,0.9119753042196805,0.3395501593902213,0.34076236435734647,0.33833795442309617,mono_16,0.8775956739604219,0.1669844776985936,0.7464004092833061,0.035625004016706395,0.8882028468541547,0.19614332107441915,mono_33,0.8652117280097638,0.16793639195976393,0.728582576106539,0.03312157648304663,0.8765507598224098,0.19195922274264585,0.752788757429562,mono_20,0.036279481012524865,mono_24,0.8882028468541547,mono_16,0.19614332107441915,mono_16,29.1,79.6,54.5,208.3
