	Names	Seq_count
0	ANDR	10000
1	AP2A	2406
2	BATF	3666
3	CEBPB	10000
4	COE1	3924
5	CTCF	10000
6	E2F4	2686
7	ERG	6048
8	ESR1	10000
9	FLI1	1346
10	GATA1	10000
11	GATA2	9734
12	GATA3	8900
13	GCR	7758
14	HNF4A	10000
15	IRF1	3280
16	IRF4	6960
17	JUND	10000
18	JUN	7949
19	MAFK	2458
20	MAX	10000
21	MYC	10000
22	MYOD1	666
23	P53	662
24	PPARG	5435
25	PRGR	1260
26	REST	10000
27	RUNX1	10000
28	RXRA	3918
29	SOX2	6374
30	SPI1	10000
31	SRF	8305
32	STA5A	2550
33	STAT1	4588
34	STAT3	3000
35	TAL1	7020
36	TF65	2008
37	TFE2	1939
38	USF2	6522
