TF,n_monoPWM_H_found,n_monoPWM_M_found,topH_PWM,topH_vs_nearestM_pcc,median_H_vs_nearestM_pcc,median_H_vs_nearestH_pcc
ANDR,195,32,ANDR_HUMAN~CM~ANDR_HUMAN.PEAKS034498.macs.M,0.9263,0.9454,0.9739
AP2A,6,8,AP2A_HUMAN~CM~AP2A_HUMAN.PEAKS034171.macs.M,0.9669,0.9641,0.9899
CEBPB,20,86,CEBPB_HUMAN~CM~CEBPB_HUMAN.PEAKS033926.macs.S,0.9897,0.9885,0.9946
COE1,10,30,COE1_HUMAN~CM~COE1_HUMAN.PEAKS038643.macs.M,0.9767,0.9804,0.9812
CTCF,198,146,CTCF_HUMAN~CM~CTCF_HUMAN.PEAKS034036.macs.M,0.9910,0.9884,0.9987
E2F4,7,8,E2F4_HUMAN~CM~E2F4_HUMAN.PEAKS033317.macs.M,0.9607,0.9569,0.9836
ERG,37,10,ERG_HUMAN~CM~ERG_HUMAN.PEAKS034771.macs.S,0.9462,0.9645,0.9969
ESR1,190,22,ESR1_HUMAN~CM~ESR1_HUMAN.PEAKS038659.macs.M,0.9560,0.9666,0.9834
FLI1,18,21,FLI1_HUMAN~CM~FLI1_HUMAN.PEAKS033228.macs.S,0.9889,0.9546,0.9920
GATA1,28,53,GATA1_HUMAN~CM~GATA1_HUMAN.PEAKS033209.macs.M,0.9913,0.9834,0.9937
GATA2,37,29,GATA2_HUMAN~CM~GATA2_HUMAN.PEAKS033325.macs.M,0.9845,0.9771,0.9928
GATA3,44,36,GATA3_HUMAN~CM~GATA3_HUMAN.PEAKS033118.macs.M,0.9809,0.9754,0.9925
GCR,47,41,GCR_HUMAN~CM~GCR_HUMAN.PEAKS034495.macs.M,0.9425,0.9582,0.9679
HNF4A,26,20,HNF4A_HUMAN~CM~HNF4A_HUMAN.PEAKS033346.macs.M,0.9837,0.9798,0.9887
IRF1,11,13,IRF1_HUMAN~CM~IRF1_HUMAN.PEAKS034605.macs.M,0.9730,0.9636,0.9757
IRF4,12,16,IRF4_HUMAN~CM~IRF4_HUMAN.PEAKS035165.macs.M,0.9772,0.9594,0.9870
JUND,33,12,JUND_HUMAN~CM~JUND_HUMAN.PEAKS033899.macs.S,0.9700,0.9637,0.9852
MAFK,6,6,MAFK_HUMAN~CM~MAFK_HUMAN.PEAKS033440.macs.M,0.9460,0.9295,0.9473
MAX,42,8,MAX_HUMAN~CM~MAX_HUMAN.PEAKS034864.macs.S,0.9363,0.8983,0.9662
MYC,110,51,MYC_HUMAN~CM~MYC_HUMAN.PEAKS034735.macs.S,0.9491,0.9537,0.9722
P53,48,14,P53_HUMAN~CM~P53_HUMAN.PEAKS034635.macs.S,0.8580,0.9575,0.9819
PPARG,17,52,PPARG_HUMAN~CM~PPARG_HUMAN.PEAKS033301.macs.M,0.9826,0.9802,0.9790
PRGR,19,5,PRGR_HUMAN~CM~PRGR_HUMAN.PEAKS034598.macs.M,0.9198,0.9198,0.9371
REST,70,19,REST_HUMAN~CM~REST_HUMAN.PEAKS033825.macs.M,0.9751,0.9805,0.9944
RUNX1,39,28,RUNX1_HUMAN~CM~RUNX1_HUMAN.PEAKS033154.macs.M,0.9817,0.9650,0.9972
RXRA,9,53,RXRA_HUMAN~CM~RXRA_HUMAN.PEAKS033436.macs.S,0.9629,0.9594,0.9429
SOX2,30,40,SOX2_HUMAN~CM~SOX2_HUMAN.PEAKS035061.macs.M,0.9809,0.9706,0.9943
SPI1,42,132,SPI1_HUMAN~CM~SPI1_HUMAN.PEAKS035176.macs.M,0.9842,0.9840,0.9976
SRF,14,5,SRF_HUMAN~CM~SRF_HUMAN.PEAKS033618.macs.M,0.9392,0.9295,0.9710
STA5A,9,60,STA5A_HUMAN~CM~STA5A_HUMAN.PEAKS035024.macs.M,0.9516,0.9632,0.9028
STAT1,11,29,STAT1_HUMAN~CM~STAT1_HUMAN.PEAKS033724.macs.M,0.9372,0.9515,0.9801
STAT3,5,15,STAT3_HUMAN~CM~STAT3_HUMAN.PEAKS033517.macs.M,0.9140,0.9140,0.9989
TAL1,16,17,TAL1_HUMAN~CM~TAL1_HUMAN.PEAKS033208.macs.M,0.9657,0.9108,0.9469
TF65,72,31,TF65_HUMAN~CM~TF65_HUMAN.PEAKS037539.macs.M,0.9617,0.9578,0.9785
TFE2,5,38,TFE2_HUMAN~CM~TFE2_HUMAN.PEAKS038473.macs.S,0.9702,0.9702,0.9887
USF2,12,6,USF2_HUMAN~CM~USF2_HUMAN.PEAKS033521.macs.M,0.9695,0.9624,0.9967
