tf,P,full_gain_auroc_H,max_over_k_auroc_H,hurts_auroc_H,sat_k_auroc_H,sat_k_topk_auroc_H,topk_minus_random_k4_auroc_H,topk_minus_random_k8_auroc_H,full_gain_auprc_H,max_over_k_auprc_H,hurts_auprc_H,sat_k_auprc_H,sat_k_topk_auprc_H,topk_minus_random_k4_auprc_H,topk_minus_random_k8_auprc_H,full_gain_auroc_M,max_over_k_auroc_M,hurts_auroc_M,sat_k_auroc_M,sat_k_topk_auroc_M,topk_minus_random_k4_auroc_M,topk_minus_random_k8_auroc_M,full_gain_auprc_M,max_over_k_auprc_M,hurts_auprc_M,sat_k_auprc_M,sat_k_topk_auprc_M,topk_minus_random_k4_auprc_M,topk_minus_random_k8_auprc_M
ANDR,303,0.05972997494373694,0.05972997494373694,False,32,P,-0.015813315589707597,-0.015369197831674009,0.17843692544264173,0.17843692544264173,False,64.0,P,-0.05664297073274374,-0.06587142525748493,0.028657050115331595,0.02885333600708282,False,32.0,P,-0.002180041400034716,-0.001107256358843546,0.03333579982338952,0.03333579982338952,False,64.0,64.0,0.011367834143056567,0.024227198754814362
AP2A,9,0.03225217892274784,0.03225217892274784,False,16,4,0.01187961723511275,0.005817177850962363,0.02505275968952686,0.02505275968952686,False,8.0,4,0.008870004095791313,0.003140884499701256,0.02051786143922213,0.02051786143922213,False,16.0,2,0.007128004314353741,0.001159421793872073,0.013213013989367799,0.013213013989367799,False,16.0,8.0,0.006692598821738538,0.003161303910651503
CEBPB,30,0.008212319652307787,0.008212319652307787,False,32,16,0.005893969994144132,0.0034724249334814996,0.05126802015526502,0.05126802015526502,False,16.0,8,0.022997457929797193,0.0336748715480641,0.007228531969097007,0.007228531969097007,False,32.0,32,0.004211377204884803,0.0023490232741669504,0.04470513235708004,0.04470513235708004,False,32.0,16.0,0.020314250126503685,0.014478505576691014
COE1,15,0.0022406901482549535,0.0022406901482549535,False,16,8,0.002910655740696333,0.0014939715192809678,0.028961876555925498,0.028961876555925498,False,16.0,16,0.0036203011408720287,0.0010877821696545671,0.004086848781681918,0.004086848781681918,False,16.0,16,0.002667009589762892,0.0009754814205307216,0.013015547198926558,0.013015547198926558,False,16.0,16.0,0.01071533394689358,0.0025267225572863762
CTCF,297,0.005069593933805405,0.005725276415608338,False,32,1,0.003029060452380161,0.0058136246280231065,0.026232255208859245,0.026232255208859245,False,32.0,32,0.007670550364726237,0.018362061271403184,0.00197903333736954,0.0030319589448797313,False,4.0,1,-0.0008209511124141365,0.0005403679155699282,0.002445596622346724,0.015649181490288953,True,4.0,1.0,-0.008285747957960575,0.019788707854029485
E2F4,11,0.08968901592859302,0.08968901592859302,False,8,8,0.012173451810140262,0.006027133220899317,0.05219126856623375,0.05219126856623375,False,16.0,8,0.03009771419209621,0.007530834987689805,0.051243821979644,0.051243821979644,False,8.0,8,0.01507483789025621,0.006065393131146693,0.03943774068368226,0.03943774068368226,False,16.0,8.0,0.018423537035210248,0.011685771567265149
ERG,54,0.01019610683279043,0.01019610683279043,False,64,64,0.027296225688083608,0.010377426751146635,0.011855921069598895,0.011855921069598895,False,64.0,32,0.02430362596782517,0.009884365505594937,0.012358265379084354,0.030919603829296503,True,4.0,4,-0.007777582057247677,0.0029347262326733896,-0.008991065838234794,0.007353487306494563,True,,,-0.004856681166242957,0.0015102053018347193
ESR1,290,0.019040758809918124,0.01946678017959642,False,32,P,-0.001127448301577471,-0.0023215857188063627,0.044764002427604865,0.044764002427604865,False,32.0,P,0.0150019938345493,0.008066410183016702,0.0243655004111632,0.024422737778666347,False,16.0,P,-0.008918151569655985,-0.011191784480068634,0.01742195745243294,0.028911655464223317,True,8.0,4.0,0.02447041347934865,-0.012731700379653578
FLI1,26,0.00969711183562999,0.010735328494094509,False,16,16,0.01805604084645669,0.008316713828740241,0.014980423254601152,0.014980423254601152,False,16.0,4,0.014554504655766874,0.0024982208703456365,0.010151268681339254,0.010151268681339254,False,16.0,32,0.004128674306557478,0.003148602905764619,0.010290296766376397,0.010290296766376397,False,32.0,32.0,0.001170845937180207,-0.002599191369963866
GATA1,42,0.014985849838078491,0.014985849838078491,False,32,16,0.004800902276615382,0.002659171056360354,0.0179903330874705,0.0179903330874705,False,32.0,8,0.008038050205819502,0.012223253465225814,0.01341334843684372,0.01341334843684372,False,32.0,16,0.007580652870966409,0.004667423160170725,0.024527050295030217,0.024527050295030217,False,32.0,32.0,0.010759142222103923,0.008125848845643258
GATA2,55,0.03136163384517271,0.031406156265180486,False,16,16,0.004430088230189488,0.0024826380402946484,0.026781555781819608,0.026781555781819608,False,32.0,64,0.009154350386508952,0.004374767593514328,0.04299466653567435,0.04299466653567435,False,16.0,16,-0.0016469084295129624,0.0022511418962956956,0.02166459278919145,0.022254644607507663,False,16.0,64.0,-0.0002663001379222575,-0.003460166698496185
GATA3,63,0.03890133765468484,0.03890133765468484,False,64,64,0.01331469893673467,0.005745444660611665,0.038943574004722356,0.038943574004722356,False,64.0,64,0.023478853895888014,0.003251434829339841,0.0329500738986655,0.0329500738986655,False,64.0,16,0.020944886339393575,0.015405191993039979,0.09163489359382349,0.09163489359382349,False,64.0,16.0,0.058426038362399284,0.05003238899829471
GCR,73,0.018363032681201763,0.018363032681201763,False,32,32,0.006887346657877514,0.002665449879564897,0.03414031541435042,0.03414031541435042,False,64.0,128,0.03028299170576245,0.021949699927107758,0.02427103762013416,0.02427103762013416,False,32.0,64,-0.006539889162045353,-0.005475299154926349,0.014322203642666426,0.016756863449403657,False,32.0,4.0,0.023832070363118407,0.013350852754114073
HNF4A,39,0.012021806662647794,0.012151703856455476,False,32,8,0.0027076907383416504,0.0019740514985468575,0.059578681363589625,0.059578681363589625,False,64.0,16,0.01002886012872347,0.009017903861298152,0.012194417267293811,0.012194417267293811,False,32.0,32,0.002050588765932404,0.0009230988014725001,0.068578224244533,0.07111116155919703,False,16.0,16.0,-0.012054753446726706,-0.005060445800382049
IRF1,16,0.034808732688936805,0.034808732688936805,False,16,16,-0.005593894476311957,-0.00519854542165088,0.05984066675589317,0.05984066675589317,False,16.0,16,0.01764154627488148,-0.00967386061675203,0.016984951943683546,0.016984951943683546,False,16.0,16,0.003019090290383719,-0.0010375133013264207,0.01672757607714731,0.01672757607714731,False,16.0,16.0,-0.004665137746082959,-0.009508804752730532
IRF4,18,0.0957338135391762,0.09716819556716953,False,16,32,0.0028828129892365835,-0.024351533136367086,0.10086724881737083,0.1026756097728458,False,16.0,32,0.0014024127618798218,-0.004050937578145633,0.05664866080071257,0.05664866080071257,False,16.0,32,-0.0009646470229993202,-0.015117696223737528,0.05859373951692812,0.05859373951692812,False,16.0,32.0,0.002176991519520344,-0.005970810210077705
JUND,50,0.012438593348040872,0.012438593348040872,False,64,64,0.011757730121225874,-0.0017603169546955401,0.004728932270571737,0.004728932270571737,False,64.0,32,-0.008891348453783511,-0.0017896009676359017,0.012128533824130594,0.012128533824130594,False,64.0,64,0.008316799965242861,-0.0005571885790496504,0.019157497939254392,0.026912809433488356,True,8.0,64.0,-0.00030142201418410265,-0.021393815824474
MAFK,9,0.04765308001946039,0.04765308001946039,False,8,2,0.014991348846236763,-0.000895508995758118,0.1803743120534719,0.1803743120534719,False,8.0,4,0.049272622650017306,-0.007178186147988819,0.033137308379441455,0.033137308379441455,False,8.0,2,0.0075298541784057475,-0.007229323231987064,0.12493341193791097,0.12686029365182716,False,8.0,8.0,0.015287353527808148,-0.0023263591713803544
MAX,63,0.024207940886479706,0.024207940886479706,False,32,16,0.008900439798897163,0.007928029520532487,0.08607238458801214,0.08607238458801214,False,32.0,32,0.012560265048332686,0.010338821104422455,0.007743324223262571,0.007743324223262571,False,64.0,2,0.01649398118863643,0.017643188988682557,0.013023045221941143,0.013872202615441864,False,32.0,64.0,0.012142459111968502,0.019950443158511365
MYC,165,0.020859777431665005,0.020859777431665005,False,64,4,0.017961533883415214,0.014779695031899177,0.087218915407555,0.087218915407555,False,32.0,4,0.044236688097310094,0.023962026347486697,0.013825624796476754,0.013825624796476754,False,128.0,16,0.011905948225908024,0.01077463633086988,0.04911984145511665,0.04978952364591082,False,64.0,128.0,0.01987632255813717,0.010435427312623473
P53,74,0.03742302270366532,0.04280992893769264,True,16,2,0.01554615752419588,0.03411118530609558,0.2511000655670758,0.2511000655670758,False,16.0,16,0.07343942721587743,0.03937654489453657,0.056689447636508405,0.06539067408025798,True,16.0,128,-0.03172015692950732,-0.03228034143262768,-0.018948205678122776,-0.006950367016125103,True,,,-0.06684352438525867,-0.06689414333933148
PPARG,28,0.013757079656504967,0.013757079656504967,False,32,8,0.017249410254587105,0.013481958416738538,0.026237966941414476,0.026237966941414476,False,32.0,32,0.02646621957044166,0.01203428110253404,0.009968267229315597,0.009968267229315597,False,32.0,8,0.012883044234744023,0.011299810624461282,0.012906734698506034,0.012906734698506034,False,32.0,32.0,0.030072370985288643,0.014946911972376142
PRGR,28,0.03772960988860474,0.03772960988860474,False,16,32,0.008184897735573515,-0.00047089572680787325,0.0096458516912108,0.014806744016440925,True,8.0,32,0.0019091228615434148,-0.007141324867715574,0.01934751506468141,0.01934751506468141,False,32.0,32,0.0003238610490281964,-0.0026092344235633565,0.0064159293587195965,0.0064159293587195965,False,32.0,4.0,0.007717443099228385,0.007757153593246635
REST,106,0.012445457684319872,0.012445457684319872,False,64,2,0.007258417689378405,0.007818828806245603,0.039902429850903254,0.039902429850903254,False,64.0,64,0.01871043723920094,0.01843291146906716,0.015318247886387637,0.015318247886387637,False,64.0,64,0.015512182984799793,0.01211516360818803,0.07741928238878454,0.07741928238878454,False,128.0,128.0,-0.023842015698437004,0.033458653109065664
RUNX1,59,0.021922238923478887,0.021922238923478887,False,32,32,0.004622975449856615,0.0021315268590406337,0.035254684756230045,0.035254684756230045,False,64.0,64,0.0027730673339230356,-0.00459908959839319,0.013953705162713215,0.013953705162713215,False,32.0,16,0.000527255601366794,0.0009727764242613238,0.020235910791249853,0.020235910791249853,False,32.0,32.0,-0.002086288077454184,-0.0013982118490204615
RXRA,13,0.07816484158573433,0.07816484158573433,False,8,8,0.0035405190480826826,0.004120127663620951,0.009183726370399395,0.009183726370399395,False,16.0,16,-0.026772530701938264,-0.0011825485388919973,0.053701732990555195,0.053701732990555195,False,8.0,8,-0.005919930384254136,0.0007625473706613928,0.07270769168696894,0.07270769168696894,False,8.0,8.0,-0.007616911211735307,-0.0005647149975256949
SOX2,46,0.022983196875923095,0.024127508316179713,False,16,32,0.011376117479064706,-5.887148694161404e-05,0.06184836219427574,0.06193895854446722,False,16.0,64,-0.004066837021045103,-0.03652398771562388,0.03922429495316038,0.03922540901222564,False,16.0,64,-0.0014900850692260992,-0.013283389092185759,0.05460484159683429,0.05460484159683429,False,16.0,64.0,-0.0005200575207351468,-0.02135934425378265
SPI1,63,0.024546369538111734,0.024546369538111734,False,32,32,0.011724053221865116,-0.001663853943956295,0.11376707325659102,0.11376707325659102,False,32.0,32,0.028655150747111315,0.009444937875671952,0.022638021546728337,0.022638021546728337,False,32.0,32,0.008914945540512042,-0.0035941621667895593,0.08004841814385194,0.08004841814385194,False,32.0,32.0,0.011949865379968939,-0.017798523768687957
SRF,25,0.09458230533880801,0.09458230533880801,False,16,16,0.024935381529255028,0.001767657046332305,0.10108449064040081,0.10108449064040081,False,16.0,16,0.024579595470103133,0.004580865191366995,0.05284737979121784,0.05284737979121784,False,32.0,4,0.027388446090464914,0.017311283940440944,0.06048852806056525,0.06048852806056525,False,32.0,16.0,0.01847514176110795,0.006530743016207485
STA5A,14,0.025852845134258173,0.025852845134258173,False,16,4,0.016899991484495704,0.0012505348258057478,0.035210839312814046,0.035210839312814046,False,16.0,16,-0.012482156851247119,-0.018321885427537786,-0.01112086851468519,-0.01112086851468519,False,,,0.01121964821666277,-0.006670601280244815,0.008736735369697907,0.008736735369697907,False,8.0,16.0,-0.005207302792808621,-0.019613766134983
STAT1,17,0.026632936852200084,0.026632936852200084,False,16,16,-0.0007591654290332924,-0.0037881890005455167,0.042616423673181414,0.042616423673181414,False,16.0,16,0.011752201692807362,0.012355864838534614,0.08198555417777886,0.08198555417777886,False,16.0,16,-0.011693624107362788,-0.013395295848016863,0.029215994615429,0.030306492647640303,False,16.0,16.0,0.0015980942491995026,-0.0010452556785204544
STAT3,10,0.015501768878539823,0.015501768878539823,False,16,8,-0.005673897384728987,0.0012687861276449164,-0.0007907574486773483,-0.0007907574486773483,False,,,-0.003234843753071917,0.005963188431401675,0.013143031043958975,0.013143031043958975,False,16.0,8,-0.0009896905315526228,0.004195247121763335,0.010848641688306043,0.014131326999839678,False,8.0,8.0,-0.0034864707784061037,-0.0011326284437801776
TAL1,30,0.04632039765293078,0.04632039765293078,False,32,32,0.0065478670922303195,-0.01488136909218283,0.029949016685451496,0.029949016685451496,False,32.0,32,-0.0007239108815828947,-0.01048487612478129,0.02587108773005481,0.02587108773005481,False,16.0,32,0.011237120731721317,0.0013152788823861186,0.03481141840811945,0.03481141840811945,False,32.0,32.0,0.015731686600074492,-0.0013699118302811612
TF65,108,0.03623596186383832,0.037076573291385605,False,64,128,-0.004325594581220305,-0.014624956461065187,0.05080616228351276,0.05080616228351276,False,64.0,128,0.012496677757343554,-0.007873544985300913,0.0013757400577725787,0.010062313903384745,True,2.0,2,0.0057642800900228105,0.008085443931036895,0.005067349713478948,0.005067349713478948,False,32.0,64.0,-0.014141786182805796,-0.012164287473135684
TFE2,8,0.04201180569120894,0.04201180569120894,False,8,8,-0.01304132626651662,0.0,0.027801157681148252,0.027801157681148252,False,8.0,8,-0.009387302860427044,0.0,0.014016400394545214,0.014016400394545214,False,8.0,8,0.0024830588332953596,0.0,0.05737319325547775,0.05737319325547775,False,8.0,8.0,0.006826893903704147,0.0
USF2,18,0.003513531716180407,0.004067665613294746,False,16,8,0.0020239131066500217,0.0005769442503565704,0.0059755230742296606,0.007342178940230837,False,8.0,8,-0.01151818960323876,0.016808154780884356,0.0020839187193242292,0.0024024839470704997,False,16.0,8,0.0001556788746546634,0.00014383706737002293,0.012684698818955092,0.021741395403859342,True,2.0,1.0,0.01777185652927581,0.011321771223415433
