design,k,metric,median_delta,q25,q75,frac_of_full,n_tf_with_P_ge_k
random,1,auroc_H,-0.01888869293049964,-0.040886404314748416,-0.003569824356914486,-0.7748522239778116,36
random,1,auprc_H,-0.039123995940753664,-0.057051392272029315,-0.019684125675379367,-1.0545798943018612,36
random,1,auroc_M,-0.022187522831404537,-0.03793411124012192,-0.009619964888898486,-1.3737043356769925,36
random,1,auprc_M,-0.035704171225474056,-0.07024689222353947,-0.015356683810812899,-1.7042359005031325,36
random,2,auroc_H,-0.0013908003304867523,-0.014778130271483792,0.007215483756624879,-0.05705343049156283,36
random,2,auprc_H,-0.009721418318139944,-0.026934857143372428,0.006202559746932353,-0.26203898798918823,36
random,2,auroc_M,-0.0017913125167570822,-0.011639587343489376,0.004792419288154982,-0.11090619667278545,36
random,2,auprc_M,-0.007300491495190865,-0.022395173748615424,0.0036244009473120706,-0.34846795963562854,36
random,4,auroc_H,0.008084485438767351,0.002318530133022406,0.019238784062836117,0.3316418740563122,36
random,4,auprc_H,0.011998172548101382,-0.0012339986102537317,0.023108503934425713,0.3234084666799632,36
random,4,auroc_M,0.007339017176904805,0.00043903758037432404,0.015301295713378798,0.45438329425637164,36
random,4,auprc_M,0.003672121183724916,-0.0047245371612525955,0.012545149895258506,0.17527814083069979,36
random,8,auroc_H,0.013697046350783504,0.007131136763161444,0.028850735934402506,0.5618804258125566,36
random,8,auprc_H,0.02241998113801731,0.007949810650539561,0.04730472129914304,0.6043263416800303,36
random,8,auroc_M,0.011728747223601666,0.0029920513669562275,0.020338904192110905,0.7261662798298593,36
random,8,auprc_M,0.014469321664939812,0.002511934735972679,0.028344788167814307,0.6906514446615831,36
random,16,auroc_H,0.02112033281191391,0.011522945209625246,0.03543812989322086,0.8663985862165293,28
random,16,auprc_H,0.028381517118536877,0.01906592549884118,0.057522464421938604,0.7650184139758531,28
random,16,auroc_M,0.014721002504534642,0.007789637309400688,0.025983358172121322,0.9114268915756636,28
random,16,auprc_M,0.019473697258802495,0.00878544157806068,0.04207867789634199,0.9295209171611295,28
random,32,auroc_H,0.023466791802978428,0.013355735706492594,0.03880015883925579,0.9626550595674876,18
random,32,auprc_H,0.03044962999456521,0.0256180830711093,0.06036523970303668,0.8207640045210776,18
random,32,auroc_M,0.016230009119984668,0.010129029986850627,0.029006479067890584,1.004854578206589,18
random,32,auprc_M,0.022945998133790755,0.012851225728618298,0.054708117389634464,1.0952612103927886,18
random,64,auroc_H,0.02437715521229572,0.013427458079388943,0.03802254183012477,1.0,8
random,64,auprc_H,0.035583771568713535,0.024993219354513242,0.060342590615488814,0.959153817432704,8
random,64,auroc_M,0.01550067616911438,0.011634217538432759,0.03299688251885949,0.95969911653673,8
random,64,auprc_M,0.023095821542110834,0.012851225728618298,0.05529692951149516,1.102412599780386,8
random,128,auroc_H,0.02437715521229572,0.013429174163458693,0.03802254183012477,1.0,4
random,128,auprc_H,0.0370991293804762,0.025264457652214946,0.060342590615488814,1.0,4
random,128,auroc_M,0.01615159991503559,0.011634217538432759,0.03299688251885949,1.0,4
random,128,auprc_M,0.023095821542110834,0.012851225728618298,0.05529692951149516,1.102412599780386,4
random,P,auroc_H,0.02437715521229572,0.013429174163458693,0.03802254183012477,1.0,36
random,P,auprc_H,0.0370991293804762,0.02593738132902615,0.060342590615488814,1.0,36
random,P,auroc_M,0.01615159991503559,0.011634217538432759,0.03299688251885949,1.0,36
random,P,auprc_M,0.020950251790220652,0.012851225728618298,0.05529692951149516,1.0,36
topk,1,auroc_H,0.005787761658194002,0.0028653968706617294,0.010270347608847125,0.23742563920152104,36
topk,1,auprc_H,0.0026480865112530894,-0.01565102038241147,0.015077640661041905,0.07137866994384705,36
topk,1,auroc_M,0.0011069896845052885,-0.00548848529912932,0.008187800436590675,0.06853746318188499,36
topk,1,auprc_M,-0.006771742573447689,-0.02705091558952868,0.009923009429603499,-0.323229650949048,36
topk,2,auroc_H,0.010106687714237284,0.0061135939157491714,0.016811874920074937,0.4145966839124657,36
topk,2,auprc_H,0.014237238010993497,-0.001559166654920171,0.02732924513573433,0.3837620517986061,36
topk,2,auroc_M,0.007769893598885247,0.0026121189183635485,0.011216427520343214,0.4810603060847378,36
topk,2,auprc_M,0.011843447954272397,-0.0037706613120917047,0.020527890077335,0.5653129171364322,36
topk,4,auroc_H,0.014534944447845144,0.0077755090439126096,0.023408684307704014,0.5962526931983346,36
topk,4,auprc_H,0.014592358273562617,0.006780097782001473,0.034986246528133175,0.39333425116013626,36
topk,4,auroc_M,0.010277811251657498,0.00533959936002068,0.017749758125172183,0.6363339425024911,36
topk,4,auprc_M,0.012555849247727402,0.0017996759091895506,0.020959936900872465,0.5993173434597256,36
topk,8,auroc_H,0.018065705355406858,0.009600500017037189,0.02713071361851857,0.74109161623152,36
topk,8,auprc_H,0.02320076226514539,0.014365100308809763,0.050110790238820396,0.6253721489581648,36
topk,8,auroc_M,0.012066038289002046,0.008004009922697314,0.0185271112488761,0.747049106743272,36
topk,8,auprc_M,0.015059173226492147,0.00519826464296097,0.03501020047269517,0.7188063120807743,36
topk,16,auroc_H,0.020522751559622965,0.010752249255914781,0.03167041952524506,0.8418845997777209,28
topk,16,auprc_H,0.028381517118536877,0.01659346222959423,0.053042213173730965,0.7650184139758531,28
topk,16,auroc_M,0.013579715719252095,0.009222448048677612,0.02288255832975436,0.8407659792644245,28
topk,16,auprc_M,0.02081169798583972,0.010320665108654009,0.04142625684906316,0.9933865327362983,28
topk,32,auroc_H,0.021925081437934202,0.010992058773721086,0.03289131736429508,0.8994109955404187,18
topk,32,auprc_H,0.0314014255851083,0.022343503532026396,0.05297665125056229,0.8464194742433396,18
topk,32,auroc_M,0.01550067616911438,0.010112527687366105,0.027188875874641166,0.95969911653673,18
topk,32,auprc_M,0.02135448289240044,0.01222568453629283,0.04777441479144815,1.0192948087797435,18
topk,64,auroc_H,0.0235955688812014,0.012470118460481239,0.03802254183012477,0.9679377546605565,8
topk,64,auprc_H,0.03661084243860537,0.024908075787379927,0.060342590615488814,0.9868383180407518,8
topk,64,auroc_M,0.015270457182718689,0.012177946406503007,0.03299688251885949,0.9454454829891716,8
topk,64,auprc_M,0.020950251790220652,0.012851225728618298,0.05529692951149516,1.0,8
topk,128,auroc_H,0.02437715521229572,0.012588416979043268,0.03793131470369737,1.0,4
topk,128,auprc_H,0.03620599311622801,0.02579184651595824,0.060342590615488814,0.9759256812986503,4
topk,128,auroc_M,0.014667324140466426,0.011634217538432759,0.03299688251885949,0.9081034830990676,4
topk,128,auprc_M,0.020950251790220652,0.01222568453629283,0.05610964875992491,1.0,4
topk,P,auroc_H,0.02437715521229572,0.013429174163458693,0.03802254183012477,1.0,36
topk,P,auprc_H,0.0370991293804762,0.02593738132902615,0.060342590615488814,1.0,36
topk,P,auroc_M,0.01615159991503559,0.011634217538432759,0.03299688251885949,1.0,36
topk,P,auprc_M,0.020950251790220652,0.012851225728618298,0.05529692951149516,1.0,36
