TF,below_baseline_M,family,TFclass_id,n_paralogs_approx,n_monoPWM_H,n_diPWM_H,n_monoPWM_M,n_train_pos,n_train_pos_M,n_test_pos_M,n_exp_H,n_exp_M,n_exp_H_metafile,n_exp_M_metafile,cells_H,cells_M,celltype_overlap,celltype_overlap_note,PWM_auROC_M,PWM_auPRC_M,ARCH_auROC_M,ARCH_auPRC_M,dROC_M,dPRC_M,dROC_H,dPRC_H,PWM_auROC_H,PWM_auPRC_H,ARCH_auROC_H,ARCH_auPRC_H,n_monoPWM_H_found,n_monoPWM_M_found,topH_PWM,topH_vs_nearestM_pcc,median_H_vs_nearestM_pcc,median_H_vs_nearestH_pcc
ANDR,False,NR3C steroid receptor,2.1.1.1.4,4,196,108,32,10000,10000,4746,31,13,97,17,LNCaP(x8); VCaP(x8); LNCaP-1F5(x7); DU145(x4); LNCaP-AR(x2); C4-2B; prostate ca.,epididymis(x6); prostate(x3); prostate(ERG-tg)(x2); prostate(Pten-/-); kidney,yes,prostate (LNCaP/VCaP vs mouse prostate),0.9196,0.5459,0.9484,0.5789,0.0289,0.0330,0.0596,0.1792,0.8780,0.5415,0.9375,0.7207,195,32,ANDR_HUMAN~CM~ANDR_HUMAN.PEAKS034498.macs.M,0.9263,0.9454,0.9739
AP2A,False,AP-2,1.3.1.0.1,5,6,3,8,2406,5646,1334,2,3,5,3,HeLa-S3; LoVo,epididymis(x2); prostate,no,HeLa/LoVo vs epididymis/prostate,0.8628,0.0945,0.8831,0.1087,0.0203,0.0141,0.0319,0.0269,0.8762,0.0775,0.9082,0.1044,6,8,AP2A_HUMAN~CM~AP2A_HUMAN.PEAKS034171.macs.M,0.9669,0.9641,0.9899
CEBPB,False,bZIP C/EBP,1.1.8.1.2,6,20,10,86,10000,10000,10000,9,17,19,45,ECC-1(x2); A549(x2); HCT-116(x2); HepG2; LoVo; monocytes,3T3-L1(x6); C2C12(x3); n/a(x2); tissue(C57BL6)(x2); MC3T3-E1(x2); diff. hematopoietic; liver,partial,HepG2 vs liver; monocytes vs hematopoietic; rest unmatched (adipocyte/myoblast),0.9220,0.4499,0.9293,0.4954,0.0074,0.0455,0.0095,0.0916,0.9389,0.2812,0.9484,0.3728,20,86,CEBPB_HUMAN~CM~CEBPB_HUMAN.PEAKS033926.macs.S,0.9897,0.9885,0.9946
COE1,False,EBF,6.1.5.0.1,4,10,5,30,3924,10000,4446,3,5,4,7,GM12878(x2); ASC-adipocyte,pre-B; splenic B; bone marrow; pro-B; 3T3-L1,yes,GM12878 (B-LCL) vs pre-B/B cells; ASC vs 3T3-L1,0.9520,0.4398,0.9561,0.4487,0.0041,0.0090,0.0031,0.0252,0.9289,0.1982,0.9319,0.2235,10,30,COE1_HUMAN~CM~COE1_HUMAN.PEAKS038643.macs.M,0.9767,0.9804,0.9812
CTCF,False,C2H2 ZF CTCF,2.3.3.50.1,2,198,99,146,10000,10000,10000,57,51,186,89,LCL(x4); hASC(x4); fibroblast(x3); HUVEC(x3); MCF-7(x3); CD36+ erythroid(x2); GP5d(x2); panc. islets(x2); HMEC(x2); HCT-116(x2); CD14+ monocytes; lung; A549; HFF; CD20+ B; NHLF; HSMMtube; pancreas; GM12878; NHEK; MM1.S; fetal lung fibr.; WI-38; NH-A; HL-60; SK-N-SH; HVMF; HeLa-S3; T-47D; osteoblast; K562; AG09309; HCFaa; HMF; NB4; ECC-1; BJAB; CD34+; BL41; THP-1,ESC(x5); BMDC(x4); bone marrow(x3); pro-B(x3); cortex(x2); testis(x2); cerebellum(x2); lung(x2); spleen(x2); liver(x2); heart(x2); CH12; E14.5 limb; plasmablasts; DP thymocytes; pre-pro-B; diff. ESC; G1E-ER4; NIH-3T3; placenta; intestine; E14.5 heart; G1E; E14.5 brain; splenic B; DN thymocytes; limb; MEF; sm. intestine; brain; MEL; kidney; C2C12,yes,"many shared lineages (ESC, erythroid, B, fibroblast, liver, lung)",0.9780,0.7462,0.9799,0.7487,0.0019,0.0025,0.0076,0.0269,0.9683,0.8174,0.9759,0.8443,198,146,CTCF_HUMAN~CM~CTCF_HUMAN.PEAKS034036.macs.M,0.9910,0.9884,0.9987
E2F4,False,E2F,3.3.2.1.4,8,7,4,8,2686,5636,1250,4,3,5,10,LCL; MSC-adipocyte; HeLa-S3; K562,MEF(OSK reprogr.); CH12; C2C12,partial?,LCL vs CH12 (B lineage); others unmatched (HeLa/K562 vs MEF/C2C12),0.8282,0.1556,0.8791,0.1980,0.0509,0.0424,0.0910,0.0582,0.7528,0.1079,0.8438,0.1661,7,8,E2F4_HUMAN~CM~E2F4_HUMAN.PEAKS033317.macs.M,0.9607,0.9569,0.9836
ERG,True,ETS,3.5.2.1.6,27,37,17,10,6048,7106,1458,6,4,27,7,VCaP(x3); RWPE-1(x2); CD34+,prostate(ERG-tg); prostate(Pten-/-); spleen; GATA1s megakaryoblasts,yes,prostate (VCaP/RWPE-1 vs ERG-tg prostate); CD34+ vs hematopoietic,0.8004,0.0733,0.8139,0.0652,0.0136,-0.0081,0.0092,0.0118,0.7589,0.0723,0.7681,0.0841,37,10,ERG_HUMAN~CM~ERG_HUMAN.PEAKS034771.macs.S,0.9462,0.9645,0.9969
ESR1,False,NR3A estrogen receptor,2.1.1.2.1,2,190,100,22,10000,10000,3796,36,9,69,18,breast tumor(x12); ECC-1(x7); MCF-7(x6); T-47D(x6); MDA-MB-134(x2); Ishikawa; H3396; ZR-75-1,liver(x3); uterus(x3); mammary 3134(x2); mammary 7438,yes,breast/endometrium vs mammary/uterus,0.8691,0.3714,0.8936,0.3883,0.0244,0.0168,0.0197,0.0416,0.8537,0.5842,0.8734,0.6258,190,22,ESR1_HUMAN~CM~ESR1_HUMAN.PEAKS038659.macs.M,0.9560,0.9666,0.9834
FLI1,False,ETS,3.5.2.1.5,27,18,8,21,1346,10000,3449,1,3,9,9,CB megakaryocytes,HPC-7; megakaryocytes; diff. hematopoietic,yes,megakaryocytes in both,0.8216,0.1383,0.8307,0.1469,0.0091,0.0086,0.0141,0.0080,0.8629,0.0592,0.8770,0.0671,18,21,FLI1_HUMAN~CM~FLI1_HUMAN.PEAKS033228.macs.S,0.9889,0.9546,0.9920
GATA1,False,GATA,2.2.1.1.1,6,28,14,53,10000,10000,8480,13,18,18,31,K562(x5); proerythroblasts(x3); CD36+ erythroid(x2); erythroblasts(x2); CB megakaryocytes,G1E-ER4(x9); G1ME(x2); Ter119+ erythroid; erythroblasts; megakaryocytes; ES-EP; bone marrow; FDCP-mix; MEL,yes,erythroid/megakaryocytic in both,0.8979,0.3426,0.9110,0.3682,0.0132,0.0256,0.0144,0.0189,0.9095,0.3423,0.9239,0.3612,28,53,GATA1_HUMAN~CM~GATA1_HUMAN.PEAKS033209.macs.M,0.9913,0.9834,0.9937
GATA2,False,GATA,2.2.1.1.2,6,37,18,29,9734,8367,1921,9,11,15,17,K562(x5); HUVEC(x2); CB megakaryocytes; CD34+,FDCP-mix(x6); G1E(x2); Lin- HPC; HPC-7; G1ME,yes,hematopoietic progenitors/K562 vs FDCP-mix/G1E,0.8089,0.0622,0.8523,0.0850,0.0434,0.0229,0.0320,0.0315,0.8598,0.1997,0.8918,0.2312,37,29,GATA2_HUMAN~CM~GATA2_HUMAN.PEAKS033325.macs.M,0.9845,0.9771,0.9928
GATA3,False,GATA,2.2.1.1.3,6,44,19,36,8900,10000,5144,9,4,19,16,MCF-7(x3); T-47D(x2); Jurkat; Th1; Th2; CCRF-CEM,CD4 T; DN1 thymocytes; DN2b thymocytes; DP thymocytes,yes,T cells in both (Th1/Th2/Jurkat vs CD4 T/thymocytes),0.8231,0.1667,0.8561,0.2597,0.0330,0.0931,0.0391,0.0403,0.8008,0.1183,0.8399,0.1586,44,36,GATA3_HUMAN~CM~GATA3_HUMAN.PEAKS033118.macs.M,0.9809,0.9754,0.9925
GCR,False,NR3C steroid receptor,2.1.1.1.1,4,47,26,41,7758,10000,6532,14,5,32,21,A549(x6); LNCaP-1F5(x5); ECC-1(x2); HEK293,mammary 3134(x4); 3T3-L1,no,A549/LNCaP/ECC-1 vs mammary 3134/3T3-L1,0.8409,0.4205,0.8654,0.4346,0.0245,0.0141,0.0181,0.0372,0.9064,0.4052,0.9244,0.4424,47,41,GCR_HUMAN~CM~GCR_HUMAN.PEAKS034495.macs.M,0.9425,0.9582,0.9679
HNF4A,False,NR2A HNF4,2.1.3.2.1,2,26,13,20,10000,10000,3048,8,4,11,6,HepG2(x3); Caco-2(x2); GP5d(x2); LoVo,kidney(x2); intestinal villus; intestinal villus(Cdx2-/-),yes,colon lines (Caco-2/LoVo/GP5d) vs intestinal villus,0.9271,0.3126,0.9395,0.3812,0.0124,0.0686,0.0123,0.0548,0.9419,0.4640,0.9541,0.5188,26,20,HNF4A_HUMAN~CM~HNF4A_HUMAN.PEAKS033346.macs.M,0.9837,0.9798,0.9887
IRF1,False,IRF,3.5.3.0.1,9,11,5,13,3280,5055,1066,5,4,7,4,CD14+ monocytes(x4); K562,BMDC(x4),partial,CD14+ monocytes vs BMDC (both LPS-stimulated myeloid),0.7888,0.2230,0.8033,0.2408,0.0146,0.0178,0.0355,0.0616,0.8102,0.4029,0.8457,0.4646,11,13,IRF1_HUMAN~CM~IRF1_HUMAN.PEAKS034605.macs.M,0.9730,0.9636,0.9757
IRF4,False,IRF,3.5.3.0.4,9,12,6,16,6960,10000,2628,6,3,8,21,OCI-LY3(x3); GM12878; OCI-LY10; H929,B cells(x2); pro-B,yes,B-cell lymphoma/LCL/myeloma vs B/pro-B cells,0.8137,0.2707,0.8709,0.3319,0.0572,0.0612,0.0937,0.0993,0.7563,0.2070,0.8500,0.3063,12,16,IRF4_HUMAN~CM~IRF4_HUMAN.PEAKS035165.macs.M,0.9772,0.9594,0.9870
JUND,False,bZIP AP-1 (Jun),1.1.1.1.3,3,33,17,12,10000,8648,1968,10,5,19,7,HCT-116(x2); SK-N-SH(x2); GM12878; HepG2; MCF-7; T-47D; LoVo; GP5d,STHdh striatal(x2); CH12; Th17; 3T3-L1,partial?,GM12878 vs CH12 (B); SK-N-SH vs striatal; majority unmatched,0.8479,0.1172,0.8597,0.1380,0.0118,0.0207,0.0153,0.0386,0.8563,0.2420,0.8716,0.2806,33,12,JUND_HUMAN~CM~JUND_HUMAN.PEAKS033899.macs.S,0.9700,0.9637,0.9852
MAFK,False,bZIP small MAF,1.1.3.2.3,3,6,3,6,2458,4190,952,2,3,5,4,K562; LoVo,MEL(x2); CH12,yes,K562 vs MEL (erythroleukemia); LoVo/CH12 unmatched,0.9088,0.5334,0.9410,0.6581,0.0322,0.1247,0.0480,0.1798,0.8083,0.2709,0.8563,0.4506,6,6,MAFK_HUMAN~CM~MAFK_HUMAN.PEAKS033440.macs.M,0.9460,0.9295,0.9473
MAX,False,bHLH-ZIP MYC/MAX,1.2.6.5.5,10,42,21,8,10000,5542,1108,19,4,33,5,P493-6(x3); MCF-7(x2); HepG2(x2); HCT-116(x2); H128(x2); HeLa-S3; H1-hESC; NB4; HUVEC; K562; ECC-1; plasma cell; H2171,C2C12(x2); MEL; ESC,yes,K562 vs MEL; H1-hESC vs ESC,0.8608,0.1471,0.8690,0.1619,0.0082,0.0148,0.0250,0.0875,0.8892,0.4491,0.9142,0.5366,42,8,MAX_HUMAN~CM~MAX_HUMAN.PEAKS034864.macs.S,0.9363,0.8983,0.9662
MYC,False,bHLH-ZIP MYC/MAX,1.2.6.5.1,10,110,55,51,10000,10000,2423,28,6,57,17,K562(x7); P493-6(x4); HeLa-S3(x3); HepG2(x2); GM12878(x2); FB8470; BL41; Ramos; CA46; Blue1; MCF-7; H2171; plasma cell; HeLa; U2OS,ESC(x2); MEL; CH12; pro-B; tissue(p53 mut.),yes,K562 vs MEL; LCL vs CH12/pro-B; ESC,0.8746,0.1673,0.8884,0.2142,0.0138,0.0468,0.0218,0.0905,0.8925,0.5367,0.9143,0.6271,110,51,MYC_HUMAN~CM~MYC_HUMAN.PEAKS034735.macs.S,0.9491,0.9537,0.9722
P53,True,p53,6.3.1.0.1,3,48,26,14,662,2144,525,11,4,33,6,U2OS(x3); keratinocytes(x3); H9-hESC(x2); IMR90; LCL; BJ-hTERT,ESC(x3); MEF,yes,H9-hESC vs ESC; BJ/IMR90 fibroblasts vs MEF,0.8066,0.5392,0.8663,0.5191,0.0597,-0.0201,0.0436,0.2554,0.8879,0.3410,0.9315,0.5964,48,14,P53_HUMAN~CM~P53_HUMAN.PEAKS034635.macs.S,0.8580,0.9575,0.9819
PPARG,False,NR1C PPAR,2.1.2.5.3,3,17,11,52,5435,10000,8582,5,10,6,27,hASC(x2); SGBS adipocytes; THP-1; adipocyte,3T3-L1(x4); 3T3-L1 adipocytes(x4); WAT adipocytes; BAT adipocytes,yes,adipocytes in both,0.8683,0.4215,0.8781,0.4337,0.0098,0.0122,0.0139,0.0212,0.8865,0.2675,0.9005,0.2888,17,52,PPARG_HUMAN~CM~PPARG_HUMAN.PEAKS033301.macs.M,0.9826,0.9802,0.9790
PRGR,False,NR3C steroid receptor,2.1.1.1.3,4,19,9,5,1260,3316,668,2,3,12,4,AB32; T-47D,uterus(x3),no?,"T-47D/AB32 vs uterus (both PR-responsive reproductive tissue, not the same tissue)",0.8618,0.1127,0.8809,0.1195,0.0191,0.0067,0.0363,0.0087,0.8254,0.0598,0.8617,0.0685,19,5,PRGR_HUMAN~CM~PRGR_HUMAN.PEAKS034598.macs.M,0.9198,0.9198,0.9371
REST,False,C2H2 ZF REST,2.3.4.0.27,1,70,36,19,10000,10000,2557,33,5,38,11,PANC-1(x4); GM12878(x4); PFSK-1(x3); HepG2(x3); GP5d(x2); HCT-116(x2); ECC-1(x2); K562(x2); U87(x2); H295R(x2); SK-N-SH; HeLa-S3; MCF-7; H1-hESC; HL-60; LoVo; APL blasts,ESC(x4); C2C12,yes,H1-hESC vs ESC,0.9558,0.7424,0.9709,0.8193,0.0151,0.0768,0.0159,0.0511,0.9781,0.9309,0.9939,0.9821,70,19,REST_HUMAN~CM~REST_HUMAN.PEAKS033825.macs.M,0.9751,0.9805,0.9944
RUNX1,False,RUNX,6.4.1.0.2,3,39,20,28,10000,10000,4504,9,8,25,17,Jurkat(x3); K562(x2); Kasumi-1(x2); CMK; CCRF-CEM,BMDC(x2); diff. hematopoietic(x2); LSK HPC; L8057(megakaryoblast); megakaryocytes; BM iFLT3,yes,hematopoietic/megakaryocytic leukaemia lines vs hematopoietic progenitors/megakaryocytes,0.7940,0.0964,0.8082,0.1166,0.0141,0.0202,0.0227,0.0351,0.8705,0.1693,0.8932,0.2044,39,28,RUNX1_HUMAN~CM~RUNX1_HUMAN.PEAKS033154.macs.M,0.9817,0.9650,0.9972
RXRA,False,NR2B RXR,2.1.3.1.1,3,9,4,53,3918,10000,8914,4,9,10,32,LS180(x2); HepG2(x2),F9 EC(x4); liver(x3); RMWT_227; IDG-SW3(osteocyte),yes,HepG2 vs liver,0.7637,0.1817,0.8176,0.2544,0.0539,0.0727,0.0790,0.0071,0.7475,0.0919,0.8265,0.0990,9,53,RXRA_HUMAN~CM~RXRA_HUMAN.PEAKS033436.macs.S,0.9629,0.9594,0.9429
SOX2,False,SOX (B1),4.1.1.2.2,3,30,16,40,6374,10000,6356,5,12,11,20,ReN-VM(NPC); KYSE70; TT; HCC95; H9-hESC,ESC(x4); diff. ESC(x4); TS cells(x2); ES-NPC; neural EB,yes,H9-hESC/ReN-VM vs ESC/NPC,0.8085,0.1305,0.8480,0.1850,0.0396,0.0545,0.0239,0.0645,0.8498,0.0910,0.8737,0.1555,30,40,SOX2_HUMAN~CM~SOX2_HUMAN.PEAKS035061.macs.M,0.9809,0.9706,0.9943
SPI1,False,ETS (SPI),3.5.2.5.1,3,42,21,132,10000,10000,10000,11,18,19,69,OCI-LY3(x3); macrophages(x2); CB CD133+; THP-1; K562; GM12878; OCI-LY10; H929,macrophages(x8); RAW264.7(x2); B cells(x2); 38B9(pre-B); MEL; HPC-7; DN2b thymocytes; 3T3-L1; FDCP-mix,yes,macrophages/THP-1/B-lymphoma vs macrophages/B cells,0.9381,0.5622,0.9609,0.6419,0.0228,0.0797,0.0239,0.1198,0.9375,0.5521,0.9613,0.6719,42,132,SPI1_HUMAN~CM~SPI1_HUMAN.PEAKS035176.macs.M,0.9842,0.9840,0.9976
SRF,False,MADS SRF,5.1.2.0.1,1,14,11,5,8305,2084,558,11,3,12,9,GM12878(x3); HCT-116(x2); MCF-7(x2); HepG2; H1-hESC; K562; ECC-1,HL-1; NIH-3T3; C2C12,no,LCL/epithelial lines vs cardiomyocyte/fibroblast/myoblast,0.7768,0.1032,0.8296,0.1667,0.0528,0.0635,0.0983,0.1122,0.7727,0.2688,0.8710,0.3810,14,5,SRF_HUMAN~CM~SRF_HUMAN.PEAKS033618.macs.M,0.9392,0.9295,0.9710
STA5A,True,STAT,6.2.1.0.5,7,9,5,60,2550,10000,9620,4,11,10,25,Treg(x2); K562; Tconv,mammary(x4); T cells(x2); n/a(FH); n/a(MH); Th1; 3T3-L1; MEF,yes,T cells in both,0.8760,0.3854,0.8697,0.4012,-0.0063,0.0158,0.0278,0.0355,0.7461,0.0615,0.7739,0.0970,9,60,STA5A_HUMAN~CM~STA5A_HUMAN.PEAKS035024.macs.M,0.9516,0.9632,0.9028
STAT1,False,STAT,6.2.1.0.1,7,11,6,29,4588,10000,2778,5,3,16,19,K562(x3); HeLa-S3(x2),BMDM(x3),no,K562/HeLa vs BMDM,0.7241,0.0728,0.8048,0.1018,0.0807,0.0290,0.0261,0.0491,0.9131,0.3651,0.9392,0.4141,11,29,STAT1_HUMAN~CM~STAT1_HUMAN.PEAKS033724.macs.M,0.9372,0.9515,0.9801
STAT3,False,STAT,6.2.1.0.3,7,5,5,15,3000,10000,2185,3,4,14,18,HeLa-S3; MCF10A-Src; U-2932,AtT-20(x2); ESC; CD4 T,no,HeLa/MCF10A/U-2932 vs AtT-20/ESC/CD4 T,0.7935,0.0619,0.8066,0.0727,0.0130,0.0108,0.0154,0.0014,0.8206,0.0867,0.8361,0.0881,5,15,STAT3_HUMAN~CM~STAT3_HUMAN.PEAKS033517.macs.M,0.9140,0.9140,0.9989
TAL1,False,bHLH TAL,1.2.3.1.1,3,16,14,17,7020,10000,2765,10,9,22,18,proerythroblasts(x3); CD36+ erythroid(x2); T-ALL; CB megakaryocytes; K562; Jurkat; CCRF-CEM,G1E(x2); Lin- HPC; Ter119+ erythroid; FL erythroblasts; G1E-ER4; erythroblasts; MEL; bone marrow,yes,erythroid in both,0.8920,0.1610,0.9177,0.1950,0.0257,0.0340,0.0469,0.0319,0.8432,0.1311,0.8901,0.1630,16,17,TAL1_HUMAN~CM~TAL1_HUMAN.PEAKS033208.macs.M,0.9657,0.9108,0.9469
TF65,False,NF-kB/Rel,6.1.1.2.1,5,72,36,31,2008,10000,2556,22,10,38,28,LCL(x18); GM12878(x2); fetal lung fibr.; HUVEC,macrophages(x6); BMDC(x4),no,LCL/fibroblast/HUVEC vs macrophages/BMDC,0.8032,0.1138,0.8034,0.1151,0.0002,0.0013,0.0372,0.0557,0.8012,0.1493,0.8384,0.2050,72,31,TF65_HUMAN~CM~TF65_HUMAN.PEAKS037539.macs.M,0.9617,0.9578,0.9785
TFE2,False,bHLH E2A,1.2.1.0.1,3,5,3,38,1939,10000,5578,2,3,6,8,GM12878; RPMI-8402(T-ALL),thymocytes(x2); C2C12,yes,RPMI-8402 (T-ALL) vs thymocytes; GM12878 unmatched,0.8820,0.1848,0.8958,0.2418,0.0137,0.0569,0.0453,0.0258,0.7324,0.0332,0.7777,0.0590,5,38,TFE2_HUMAN~CM~TFE2_HUMAN.PEAKS038473.macs.S,0.9702,0.9702,0.9887
USF2,False,bHLH-ZIP USF,1.2.6.2.2,3,12,6,6,6522,4260,884,5,3,6,3,HepG2; GM12878; H1-hESC; K562; HeLa-S3,MEL(x2); CH12,yes,K562 vs MEL; GM12878 vs CH12,0.9794,0.3410,0.9813,0.3534,0.0020,0.0124,0.0041,0.0468,0.9760,0.6224,0.9801,0.6692,12,6,USF2_HUMAN~CM~USF2_HUMAN.PEAKS033521.macs.M,0.9695,0.9624,0.9967
