TF,test_set,model,model_key,auROC,auPRC,base_auROC,base_auPRC,d_auROC,d_auPRC
ANDR,mouse,Slim m=0,slim0,0.9072788810169272,0.36740219374131206,0.919557209177338,0.5459057740863315,-0.012278328160410745,-0.1785035803450194
ANDR,mouse,Slim m=1,slim1,0.9006847046796036,0.36119239478694004,0.919557209177338,0.5459057740863315,-0.018872504497734366,-0.1847133792993914
ANDR,mouse,LSlim m=-5,lslim5,0.9001574387836268,0.35784542058662994,0.919557209177338,0.5459057740863315,-0.019399770393711213,-0.18806035349970152
ANDR,mouse,diChIPMunk,munk,0.9331504977719558,0.5415759337624817,0.919557209177338,0.5459057740863315,0.013593288594617836,-0.004329840323849754
ANDR,mouse,ArChIPelago RF2f,RF2f,0.9201069102702261,0.42514938286590265,0.919557209177338,0.5459057740863315,0.0005497010928880997,-0.1207563912204288
ANDR,mouse,ArChIPelago RF2f + diChIPMunk,RF2f_munk,0.9303088196595461,0.5195893110827293,0.919557209177338,0.5459057740863315,0.010751610482208185,-0.02631646300360213
ANDR,mouse,ArChIPelago RF2f + Slim m=1,RF2f_slim1,0.9313874907794459,0.471518320705474,0.919557209177338,0.5459057740863315,0.011830281602107973,-0.07438745338085745
ANDR,mouse,ArChIPelago RF2f + LSlim m=-5,RF2f_lslim5,0.9248470173251873,0.46802470962822273,0.919557209177338,0.5459057740863315,0.005289808147849295,-0.07788106445810872
ANDR,mouse,"ArChIPelago RF2f + Slim m=1, LSlim m=-5 + diChIPMunk",RF2f_all5,0.9347103355992274,0.5349680601347377,0.919557209177338,0.5459057740863315,0.015153126421889485,-0.010937713951593708
ANDR,mouse,ArChIPelago RF on all PWMs,RF_all,0.948447865148413,0.5789182264206497,0.919557209177338,0.5459057740863315,0.028890655971074986,0.033012452334318265
AP2A,mouse,Slim m=0,slim0,0.8806486972043195,0.12164870493889447,0.86282188797258,0.0945449868751386,0.017826809231739515,0.027103718063755874
AP2A,mouse,Slim m=1,slim1,0.9085625865879913,0.14993282642242767,0.86282188797258,0.0945449868751386,0.0457406986154113,0.05538783954728907
AP2A,mouse,LSlim m=-5,lslim5,0.8661776129945954,0.09692970165911224,0.86282188797258,0.0945449868751386,0.003355725022015421,0.002384714783973646
AP2A,mouse,diChIPMunk,munk,0.8997512974922854,0.13164013165035074,0.86282188797258,0.0945449868751386,0.03692940951970547,0.03709514477521214
AP2A,mouse,ArChIPelago RF2f,RF2f,0.8786153154555234,0.10967559375552666,0.86282188797258,0.0945449868751386,0.015793427482943434,0.015130606880388059
AP2A,mouse,ArChIPelago RF2f + diChIPMunk,RF2f_munk,0.8924823662110977,0.12676369831232095,0.86282188797258,0.0945449868751386,0.029660478238517696,0.03221871143718236
AP2A,mouse,ArChIPelago RF2f + Slim m=1,RF2f_slim1,0.900174979067555,0.14472200210080202,0.86282188797258,0.0945449868751386,0.03735309109497498,0.050177015225663424
AP2A,mouse,ArChIPelago RF2f + LSlim m=-5,RF2f_lslim5,0.8910938606537087,0.13097172642121624,0.86282188797258,0.0945449868751386,0.028271972681128688,0.03642673954607764
AP2A,mouse,"ArChIPelago RF2f + Slim m=1, LSlim m=-5 + diChIPMunk",RF2f_all5,0.9052146448537006,0.145435767537525,0.86282188797258,0.0945449868751386,0.04239275688112065,0.05089078066238639
AP2A,mouse,ArChIPelago RF on all PWMs,RF_all,0.8831321733799273,0.1086630166356543,0.86282188797258,0.0945449868751386,0.02031028540734736,0.014118029760515696
CEBPB,mouse,Slim m=0,slim0,0.9273663497217067,0.5148469870461325,0.9219528732727826,0.449919191386473,0.005413476448924093,0.0649277956596595
CEBPB,mouse,Slim m=1,slim1,0.9329023540691718,0.5304996183440015,0.9219528732727826,0.449919191386473,0.010949480796389133,0.08058042695752848
CEBPB,mouse,LSlim m=-5,lslim5,0.9335233157034863,0.5335474528103231,0.9219528732727826,0.449919191386473,0.011570442430703709,0.0836282614238501
CEBPB,mouse,diChIPMunk,munk,0.9283668865782406,0.4983394281519604,0.9219528732727826,0.449919191386473,0.006414013305457988,0.0484202367654874
CEBPB,mouse,ArChIPelago RF2f,RF2f,0.9234347492592696,0.4471498646914202,0.9219528732727826,0.449919191386473,0.001481875986486969,-0.0027693266950528095
CEBPB,mouse,ArChIPelago RF2f + diChIPMunk,RF2f_munk,0.927701122172071,0.47853700506555635,0.9219528732727826,0.449919191386473,0.005748248899288377,0.028617813679083337
CEBPB,mouse,ArChIPelago RF2f + Slim m=1,RF2f_slim1,0.930884512502423,0.507774244603825,0.9219528732727826,0.449919191386473,0.008931639229640354,0.057855053217352015
CEBPB,mouse,ArChIPelago RF2f + LSlim m=-5,RF2f_lslim5,0.9320406401434387,0.5173038496946903,0.9219528732727826,0.449919191386473,0.010087766870656045,0.06738465830821733
CEBPB,mouse,"ArChIPelago RF2f + Slim m=1, LSlim m=-5 + diChIPMunk",RF2f_all5,0.9336044845346552,0.5362034594616466,0.9219528732727826,0.449919191386473,0.01165161126187253,0.08628426807517359
CEBPB,mouse,ArChIPelago RF on all PWMs,RF_all,0.9293309268822862,0.4954125579268775,0.9219528732727826,0.449919191386473,0.00737805360950361,0.04549336654040448
COE1,mouse,Slim m=0,slim0,0.9589616187608311,0.48093072327588093,0.95201799705504,0.4397704639865851,0.006943621705791103,0.04116025928929584
COE1,mouse,Slim m=1,slim1,0.9609711319036436,0.45818855131644187,0.95201799705504,0.4397704639865851,0.008953134848603606,0.01841808732985678
COE1,mouse,LSlim m=-5,lslim5,0.9466660005436993,0.3195431262177285,0.95201799705504,0.4397704639865851,-0.005351996511340662,-0.12022733776885658
COE1,mouse,diChIPMunk,munk,0.9589554967414149,0.4741453127875876,0.95201799705504,0.4397704639865851,0.006937499686374915,0.0343748488010025
COE1,mouse,ArChIPelago RF2f,RF2f,0.9526542581251081,0.4326980660227071,0.95201799705504,0.4397704639865851,0.0006362610700680893,-0.0070723979638779855
COE1,mouse,ArChIPelago RF2f + diChIPMunk,RF2f_munk,0.9584950049947129,0.46083396091642637,0.95201799705504,0.4397704639865851,0.006477007939672874,0.021063496929841274
COE1,mouse,ArChIPelago RF2f + Slim m=1,RF2f_slim1,0.9605866372998753,0.46470875092625713,0.95201799705504,0.4397704639865851,0.00856864024483528,0.02493828693967204
COE1,mouse,ArChIPelago RF2f + LSlim m=-5,RF2f_lslim5,0.9567955729088435,0.4505059548919361,0.95201799705504,0.4397704639865851,0.004777575853803562,0.01073549090535103
COE1,mouse,"ArChIPelago RF2f + Slim m=1, LSlim m=-5 + diChIPMunk",RF2f_all5,0.9624396416421578,0.4794439685481909,0.95201799705504,0.4397704639865851,0.010421644587117807,0.03967350456160579
COE1,mouse,ArChIPelago RF on all PWMs,RF_all,0.956082382258701,0.4487212693602342,0.95201799705504,0.4397704639865851,0.004064385203661036,0.008950805373649118
CTCF,mouse,Slim m=0,slim0,0.975214211878071,0.7276697490255202,0.9780461863731668,0.7461634625553875,-0.002831974495095757,-0.018493713529867284
CTCF,mouse,Slim m=1,slim1,0.9796259465556908,0.7510069758225463,0.9780461863731668,0.7461634625553875,0.001579760182524037,0.004843513267158817
CTCF,mouse,LSlim m=-5,lslim5,0.9767613277590481,0.745185807718054,0.9780461863731668,0.7461634625553875,-0.0012848586141186447,-0.0009776548373334748
CTCF,mouse,diChIPMunk,munk,0.9770487320837927,0.7349980664320308,0.9780461863731668,0.7461634625553875,-0.0009974542893740335,-0.011165396123356652
CTCF,mouse,ArChIPelago RF2f,RF2f,0.9798730429988975,0.7560422018324963,0.9780461863731668,0.7461634625553875,0.0018268566257307883,0.009878739277108806
CTCF,mouse,ArChIPelago RF2f + diChIPMunk,RF2f_munk,0.9796926410512966,0.7521395334439639,0.9780461863731668,0.7461634625553875,0.0016464546781298495,0.005976070888576435
CTCF,mouse,ArChIPelago RF2f + Slim m=1,RF2f_slim1,0.9809952396581502,0.7670842689046452,0.9780461863731668,0.7461634625553875,0.002949053284983405,0.020920806349257748
CTCF,mouse,ArChIPelago RF2f + LSlim m=-5,RF2f_lslim5,0.9798137335814571,0.7567613650312888,0.9780461863731668,0.7461634625553875,0.0017675472082903099,0.01059790247590131
CTCF,mouse,"ArChIPelago RF2f + Slim m=1, LSlim m=-5 + diChIPMunk",RF2f_all5,0.9809817186175602,0.7695240023513181,0.9780461863731668,0.7461634625553875,0.0029355322443934684,0.023360539795930668
CTCF,mouse,ArChIPelago RF on all PWMs,RF_all,0.9799376522359806,0.7486518327721627,0.9780461863731668,0.7461634625553875,0.001891465862813857,0.002488370216775282
E2F4,mouse,Slim m=0,slim0,0.8793203096304688,0.2141083449251786,0.8281590168717711,0.1556118417378499,0.05116129275869774,0.05849650318732871
E2F4,mouse,Slim m=1,slim1,0.8822803082573847,0.2010977497986308,0.8281590168717711,0.1556118417378499,0.05412129138561361,0.0454859080607809
E2F4,mouse,LSlim m=-5,lslim5,0.879952587405386,0.21569615779658033,0.8281590168717711,0.1556118417378499,0.051793570533614885,0.060084316058730436
E2F4,mouse,diChIPMunk,munk,0.8266615176012221,0.15345391628256674,0.8281590168717711,0.1556118417378499,-0.0014974992705489854,-0.0021579254552831495
E2F4,mouse,ArChIPelago RF2f,RF2f,0.8590701611657484,0.14686571244303703,0.8281590168717711,0.1556118417378499,0.030911144293977344,-0.00874612929481286
E2F4,mouse,ArChIPelago RF2f + diChIPMunk,RF2f_munk,0.8642465372534884,0.15677707582600411,0.8281590168717711,0.1556118417378499,0.036087520381717364,0.0011652340881542211
E2F4,mouse,ArChIPelago RF2f + Slim m=1,RF2f_slim1,0.8913314041501468,0.2124310886733186,0.8281590168717711,0.1556118417378499,0.06317238727837571,0.05681924693546872
E2F4,mouse,ArChIPelago RF2f + LSlim m=-5,RF2f_lslim5,0.8929171378061548,0.21038224588059212,0.8281590168717711,0.1556118417378499,0.06475812093438371,0.05477040414274223
E2F4,mouse,"ArChIPelago RF2f + Slim m=1, LSlim m=-5 + diChIPMunk",RF2f_all5,0.9028426273964609,0.24273271375417071,0.8281590168717711,0.1556118417378499,0.07468361052468986,0.08712087201632082
E2F4,mouse,ArChIPelago RF on all PWMs,RF_all,0.879072056021832,0.1979832375306015,0.8281590168717711,0.1556118417378499,0.05091303915006096,0.04237139579275162
ERG,mouse,Slim m=0,slim0,0.8284499039149686,0.09565936752966188,0.8003593877797115,0.0732963877583413,0.02809051613525715,0.022362979771320582
ERG,mouse,Slim m=1,slim1,0.8203203140360169,0.09043673139264058,0.8003593877797115,0.0732963877583413,0.01996092625630541,0.017140343634299282
ERG,mouse,LSlim m=-5,lslim5,0.8256567717807227,0.0947026647620403,0.8003593877797115,0.0732963877583413,0.025297384001011225,0.021406277003699
ERG,mouse,diChIPMunk,munk,0.8044066679558342,0.07165629963032678,0.8003593877797115,0.0732963877583413,0.0040472801761226584,-0.0016400881280145135
ERG,mouse,ArChIPelago RF2f,RF2f,0.8056424166503497,0.0701658643762326,0.8003593877797115,0.0732963877583413,0.005283028870638251,-0.003130523382108702
ERG,mouse,ArChIPelago RF2f + diChIPMunk,RF2f_munk,0.8073041506743988,0.06969119932082533,0.8003593877797115,0.0732963877583413,0.006944762894687262,-0.003605188437515963
ERG,mouse,ArChIPelago RF2f + Slim m=1,RF2f_slim1,0.8229721856863753,0.08508447029716715,0.8003593877797115,0.0732963877583413,0.022612797906663817,0.01178808253882585
ERG,mouse,ArChIPelago RF2f + LSlim m=-5,RF2f_lslim5,0.8270977641840973,0.08739920140236893,0.8003593877797115,0.0732963877583413,0.02673837640438581,0.014102813644027629
ERG,mouse,"ArChIPelago RF2f + Slim m=1, LSlim m=-5 + diChIPMunk",RF2f_all5,0.8297121092534645,0.09206661337964697,0.8003593877797115,0.0732963877583413,0.029352721473753007,0.018770225621305675
ERG,mouse,ArChIPelago RF on all PWMs,RF_all,0.8139492872739842,0.065173343747252,0.8003593877797115,0.0732963877583413,0.013589899494272695,-0.008123044011089292
ESR1,mouse,Slim m=0,slim0,0.8600374304556547,0.36711252699959185,0.8691397574230324,0.371448478866594,-0.009102326967377672,-0.004335951867002141
ESR1,mouse,Slim m=1,slim1,0.8707250359578487,0.3094770530176442,0.8691397574230324,0.371448478866594,0.0015852785348162701,-0.06197142584894977
ESR1,mouse,LSlim m=-5,lslim5,0.8677767256431465,0.37585596738183175,0.8691397574230324,0.371448478866594,-0.0013630317798859481,0.004407488515237756
ESR1,mouse,diChIPMunk,munk,0.8620191429413839,0.37326338788700186,0.8691397574230324,0.371448478866594,-0.0071206144816484684,0.0018149090204078733
ESR1,mouse,ArChIPelago RF2f,RF2f,0.8726729407657414,0.3883445008053244,0.8691397574230324,0.371448478866594,0.003533183342709023,0.01689602193873041
ESR1,mouse,ArChIPelago RF2f + diChIPMunk,RF2f_munk,0.8764183351217985,0.3928897042644901,0.8691397574230324,0.371448478866594,0.007278577698766053,0.021441225397896113
ESR1,mouse,ArChIPelago RF2f + Slim m=1,RF2f_slim1,0.8833816471095807,0.38877915974838145,0.8691397574230324,0.371448478866594,0.01424188968654827,0.017330680881787464
ESR1,mouse,ArChIPelago RF2f + LSlim m=-5,RF2f_lslim5,0.8773291018360179,0.40001815002740404,0.8691397574230324,0.371448478866594,0.008189344412985466,0.02856967116081005
ESR1,mouse,"ArChIPelago RF2f + Slim m=1, LSlim m=-5 + diChIPMunk",RF2f_all5,0.8858136263760206,0.4005782764307545,0.8691397574230324,0.371448478866594,0.01667386895298817,0.02912979756416051
ESR1,mouse,ArChIPelago RF on all PWMs,RF_all,0.8935513422737892,0.3882835755133371,0.8691397574230324,0.371448478866594,0.024411584850756785,0.016835096646743097
FLI1,mouse,Slim m=0,slim0,0.8458531487321869,0.1854560286232033,0.8216431351210289,0.1383334145100635,0.024210013611157932,0.04712261411313978
FLI1,mouse,Slim m=1,slim1,0.8450932582915833,0.1847465184428051,0.8216431351210289,0.1383334145100635,0.023450123170554393,0.04641310393274159
FLI1,mouse,LSlim m=-5,lslim5,0.8434665540450204,0.18377594304169767,0.8216431351210289,0.1383334145100635,0.021823418923991422,0.04544252853163416
FLI1,mouse,diChIPMunk,munk,0.832733530337415,0.14821348961920783,0.8216431351210289,0.1383334145100635,0.011090395216386106,0.00988007510914432
FLI1,mouse,ArChIPelago RF2f,RF2f,0.8146025979172349,0.12251894156320327,0.8216431351210289,0.1383334145100635,-0.007040537203794051,-0.01581447294686024
FLI1,mouse,ArChIPelago RF2f + diChIPMunk,RF2f_munk,0.8242300307923184,0.13107158489901893,0.8216431351210289,0.1383334145100635,0.0025868956712894464,-0.0072618296110445735
FLI1,mouse,ArChIPelago RF2f + Slim m=1,RF2f_slim1,0.8375436630517126,0.15556494940008894,0.8216431351210289,0.1383334145100635,0.01590052793068364,0.017231534890025435
FLI1,mouse,ArChIPelago RF2f + LSlim m=-5,RF2f_lslim5,0.8378173329402119,0.1633445209936723,0.8216431351210289,0.1383334145100635,0.016174197819182945,0.025011106483608797
FLI1,mouse,"ArChIPelago RF2f + Slim m=1, LSlim m=-5 + diChIPMunk",RF2f_all5,0.8433381457079325,0.16176248276270405,0.8216431351210289,0.1383334145100635,0.021695010586903596,0.023429068252640545
FLI1,mouse,ArChIPelago RF on all PWMs,RF_all,0.8307406686799241,0.1469110824263817,0.8216431351210289,0.1383334145100635,0.009097533558895199,0.008577667916318199
GATA1,mouse,Slim m=0,slim0,0.8945756395114893,0.32260710433391965,0.8978615143025425,0.3425902577400975,-0.003285874791053134,-0.019983153406177845
GATA1,mouse,Slim m=1,slim1,0.8979216378505812,0.3325178351057221,0.8978615143025425,0.3425902577400975,6.012354803874853e-05,-0.01007242263437541
GATA1,mouse,LSlim m=-5,lslim5,0.8955232548267111,0.33049230260653034,0.8978615143025425,0.3425902577400975,-0.002338259475831328,-0.012097955133567151
GATA1,mouse,diChIPMunk,munk,0.8982771443576331,0.3219530916252298,0.8978615143025425,0.3425902577400975,0.0004156300550905989,-0.02063716611486771
GATA1,mouse,ArChIPelago RF2f,RF2f,0.9084926916738327,0.3628689069841791,0.8978615143025425,0.3425902577400975,0.010631177371290268,0.020278649244081626
GATA1,mouse,ArChIPelago RF2f + diChIPMunk,RF2f_munk,0.9129954368094824,0.37258216031214925,0.8978615143025425,0.3425902577400975,0.0151339225069399,0.029991902572051754
GATA1,mouse,ArChIPelago RF2f + Slim m=1,RF2f_slim1,0.9157635410528835,0.3842123818001093,0.8978615143025425,0.3425902577400975,0.017902026750341027,0.04162212406001181
GATA1,mouse,ArChIPelago RF2f + LSlim m=-5,RF2f_lslim5,0.9125497367429578,0.377283863812389,0.8978615143025425,0.3425902577400975,0.014688222440415344,0.034693606072291494
GATA1,mouse,"ArChIPelago RF2f + Slim m=1, LSlim m=-5 + diChIPMunk",RF2f_all5,0.9157358158310878,0.3854609876158794,0.8978615143025425,0.3425902577400975,0.0178743015285453,0.04287072987578189
GATA1,mouse,ArChIPelago RF on all PWMs,RF_all,0.9110460534155954,0.368209913709365,0.8978615143025425,0.3425902577400975,0.013184539113052951,0.02561965596926752
GATA2,mouse,Slim m=0,slim0,0.8488205455695246,0.08262103335016159,0.8089042505925435,0.062152646828118,0.039916294976981126,0.020468386522043594
GATA2,mouse,Slim m=1,slim1,0.8560403776739458,0.09562813070094849,0.8089042505925435,0.062152646828118,0.04713612708140236,0.03347548387283049
GATA2,mouse,LSlim m=-5,lslim5,0.8486560993645706,0.08221970381850233,0.8089042505925435,0.062152646828118,0.0397518487720272,0.02006705699038433
GATA2,mouse,diChIPMunk,munk,0.8458020352699658,0.0790385701508362,0.8089042505925435,0.062152646828118,0.03689778467742233,0.016885923322718197
GATA2,mouse,ArChIPelago RF2f,RF2f,0.8280650740008839,0.07194216442356535,0.8089042505925435,0.062152646828118,0.019160823408340466,0.009789517595447356
GATA2,mouse,ArChIPelago RF2f + diChIPMunk,RF2f_munk,0.8436082075130619,0.08142789438087265,0.8089042505925435,0.062152646828118,0.03470395692051842,0.019275247552754657
GATA2,mouse,ArChIPelago RF2f + Slim m=1,RF2f_slim1,0.8538548458095256,0.08950283981210015,0.8089042505925435,0.062152646828118,0.04495059521698219,0.027350192983982155
GATA2,mouse,ArChIPelago RF2f + LSlim m=-5,RF2f_lslim5,0.8463237094680466,0.07854289658006587,0.8089042505925435,0.062152646828118,0.03741945887550313,0.016390249751947875
GATA2,mouse,"ArChIPelago RF2f + Slim m=1, LSlim m=-5 + diChIPMunk",RF2f_all5,0.8576343303811933,0.08909866887959395,0.8089042505925435,0.062152646828118,0.04873007978864985,0.02694602205147595
GATA2,mouse,ArChIPelago RF on all PWMs,RF_all,0.8522770499997165,0.0850391784547245,0.8089042505925435,0.062152646828118,0.04337279940717309,0.022886531626606504
GATA3,mouse,Slim m=0,slim0,0.8324396363480104,0.17945691880535822,0.8231288005579259,0.166652115871246,0.009310835790084515,0.012804802934112208
GATA3,mouse,Slim m=1,slim1,0.8280072436939139,0.15621276536574627,0.8231288005579259,0.166652115871246,0.004878443135987953,-0.01043935050549974
GATA3,mouse,LSlim m=-5,lslim5,0.8174525904416564,0.14461048296952608,0.8231288005579259,0.166652115871246,-0.005676210116269509,-0.022041632901719926
GATA3,mouse,diChIPMunk,munk,0.8429802025169125,0.227515024112577,0.8231288005579259,0.166652115871246,0.019851401958986603,0.060862908241331004
GATA3,mouse,ArChIPelago RF2f,RF2f,0.8426591997321924,0.2141644281017439,0.8231288005579259,0.166652115871246,0.019530399174266466,0.0475123122304979
GATA3,mouse,ArChIPelago RF2f + diChIPMunk,RF2f_munk,0.8470942938973788,0.2240804313023966,0.8231288005579259,0.166652115871246,0.02396549333945286,0.057428315431150595
GATA3,mouse,ArChIPelago RF2f + Slim m=1,RF2f_slim1,0.8495926146583308,0.21974089000082764,0.8231288005579259,0.166652115871246,0.02646381410040488,0.05308877412958163
GATA3,mouse,ArChIPelago RF2f + LSlim m=-5,RF2f_lslim5,0.8481510301348943,0.21373356219853532,0.8231288005579259,0.166652115871246,0.025022229576968424,0.047081446327289306
GATA3,mouse,"ArChIPelago RF2f + Slim m=1, LSlim m=-5 + diChIPMunk",RF2f_all5,0.8529924011997291,0.23062831340933554,0.8231288005579259,0.166652115871246,0.029863600641803156,0.06397619753808953
GATA3,mouse,ArChIPelago RF on all PWMs,RF_all,0.8561499374843762,0.259731647234156,0.8231288005579259,0.166652115871246,0.033021136926450256,0.09307953136290997
GCR,mouse,Slim m=0,slim0,0.845670841611875,0.43632566019785685,0.8409362837306731,0.4204938509527975,0.004734557881201917,0.015831809245059336
GCR,mouse,Slim m=1,slim1,0.8445204275119874,0.4301271463333387,0.8409362837306731,0.4204938509527975,0.0035841437813143306,0.009633295380541196
GCR,mouse,LSlim m=-5,lslim5,0.8482553989670605,0.4253448611229904,0.8409362837306731,0.4204938509527975,0.007319115236387397,0.004851010170192904
GCR,mouse,diChIPMunk,munk,0.8441750129537136,0.4332717434196497,0.8409362837306731,0.4204938509527975,0.0032387292230404707,0.012777892466852181
GCR,mouse,ArChIPelago RF2f,RF2f,0.8459874376015768,0.42041860349417254,0.8409362837306731,0.4204938509527975,0.005051153870903713,-7.524745862497184e-05
GCR,mouse,ArChIPelago RF2f + diChIPMunk,RF2f_munk,0.8490046749966821,0.43177318564794764,0.8409362837306731,0.4204938509527975,0.008068391266009,0.011279334695150134
GCR,mouse,ArChIPelago RF2f + Slim m=1,RF2f_slim1,0.8522018213968916,0.44884455637481324,0.8409362837306731,0.4204938509527975,0.011265537666218517,0.028350705422015732
GCR,mouse,ArChIPelago RF2f + LSlim m=-5,RF2f_lslim5,0.8551361448583372,0.4408445481761284,0.8409362837306731,0.4204938509527975,0.014199861127664137,0.020350697223330882
GCR,mouse,"ArChIPelago RF2f + Slim m=1, LSlim m=-5 + diChIPMunk",RF2f_all5,0.8556901660457394,0.4451104030123769,0.8409362837306731,0.4204938509527975,0.014753882315066358,0.02461655205957941
GCR,mouse,ArChIPelago RF on all PWMs,RF_all,0.8654090586979915,0.4346016385444837,0.8409362837306731,0.4204938509527975,0.024472774967318367,0.014107787591686183
HNF4A,mouse,Slim m=0,slim0,0.9331383088779664,0.34046768315742665,0.9270591116764229,0.3125966486187171,0.006079197201543596,0.027871034538709538
HNF4A,mouse,Slim m=1,slim1,0.9428276252161372,0.4059068247477664,0.9270591116764229,0.3125966486187171,0.015768513539714313,0.0933101761290493
HNF4A,mouse,LSlim m=-5,lslim5,0.9419756189930952,0.3966807238160867,0.9270591116764229,0.3125966486187171,0.014916507316672378,0.0840840751973696
HNF4A,mouse,diChIPMunk,munk,0.9392436159804496,0.3802160511210091,0.9270591116764229,0.3125966486187171,0.012184504304026733,0.06761940250229198
HNF4A,mouse,ArChIPelago RF2f,RF2f,0.9340181314150706,0.332904706370569,0.9270591116764229,0.3125966486187171,0.006959019738647765,0.020308057751851905
HNF4A,mouse,ArChIPelago RF2f + diChIPMunk,RF2f_munk,0.9388608987970373,0.37468263352945536,0.9270591116764229,0.3125966486187171,0.011801787120614415,0.062085984910738246
HNF4A,mouse,ArChIPelago RF2f + Slim m=1,RF2f_slim1,0.9431933138715772,0.38991195997350964,0.9270591116764229,0.3125966486187171,0.01613420219515438,0.07731531135479253
HNF4A,mouse,ArChIPelago RF2f + LSlim m=-5,RF2f_lslim5,0.9415283175061608,0.38590789762636835,0.9270591116764229,0.3125966486187171,0.014469205829737986,0.07331124900765124
HNF4A,mouse,"ArChIPelago RF2f + Slim m=1, LSlim m=-5 + diChIPMunk",RF2f_all5,0.9436317679497876,0.39502148999641423,0.9270591116764229,0.3125966486187171,0.016572656273364794,0.08242484137769712
HNF4A,mouse,ArChIPelago RF on all PWMs,RF_all,0.9395065180403726,0.3812100918334066,0.9270591116764229,0.3125966486187171,0.012447406363949698,0.06861344321468948
IRF1,mouse,Slim m=0,slim0,0.48438897583543505,0.010956198838226608,0.7887875503046469,0.2230244493033893,-0.3043985744692118,-0.2120682504651627
IRF1,mouse,Slim m=1,slim1,0.7947196733887464,0.19892335204774353,0.7887875503046469,0.2230244493033893,0.0059321230840995165,-0.02410109725564577
IRF1,mouse,LSlim m=-5,lslim5,0.7854061137039446,0.212468652862282,0.7887875503046469,0.2230244493033893,-0.0033814366007022256,-0.010555796441107296
IRF1,mouse,diChIPMunk,munk,0.7916298764612377,0.22398865773235063,0.7887875503046469,0.2230244493033893,0.0028423261565908575,0.0009642084289613329
IRF1,mouse,ArChIPelago RF2f,RF2f,0.7936041786879918,0.21202153895425052,0.7887875503046469,0.2230244493033893,0.004816628383344956,-0.011002910349138778
IRF1,mouse,ArChIPelago RF2f + diChIPMunk,RF2f_munk,0.7928085974628116,0.2292815318476613,0.7887875503046469,0.2230244493033893,0.004021047158164759,0.0062570825442720135
IRF1,mouse,ArChIPelago RF2f + Slim m=1,RF2f_slim1,0.7954601676665499,0.23528401510410754,0.7887875503046469,0.2230244493033893,0.006672617361903055,0.012259565800718242
IRF1,mouse,ArChIPelago RF2f + LSlim m=-5,RF2f_lslim5,0.7958963632404882,0.23600088500639138,0.7887875503046469,0.2230244493033893,0.007108812935841313,0.012976435703002082
IRF1,mouse,"ArChIPelago RF2f + Slim m=1, LSlim m=-5 + diChIPMunk",RF2f_all5,0.797556633965515,0.24578882002441102,0.7887875503046469,0.2230244493033893,0.008769083660868149,0.02276437072102172
IRF1,mouse,ArChIPelago RF on all PWMs,RF_all,0.8033422240974593,0.2408139269422777,0.7887875503046469,0.2230244493033893,0.01455467379281239,0.017789477638888412
IRF4,mouse,Slim m=0,slim0,0.820514466872973,0.24230883819186938,0.8137289436237165,0.2707132801328422,0.00678552324925652,-0.028404441940972802
IRF4,mouse,Slim m=1,slim1,0.8575567862668738,0.22935882539393984,0.8137289436237165,0.2707132801328422,0.04382784264315731,-0.04135445473890234
IRF4,mouse,LSlim m=-5,lslim5,0.8279156148059352,0.281521587910755,0.8137289436237165,0.2707132801328422,0.014186671182218724,0.010808307777912807
IRF4,mouse,diChIPMunk,munk,0.8268728019295863,0.2735990762659588,0.8137289436237165,0.2707132801328422,0.013143858305869838,0.002885796133116625
IRF4,mouse,ArChIPelago RF2f,RF2f,0.825441228230201,0.2685026169368572,0.8137289436237165,0.2707132801328422,0.011712284606484547,-0.0022106631959850076
IRF4,mouse,ArChIPelago RF2f + diChIPMunk,RF2f_munk,0.8287088591621803,0.27467233375854055,0.8137289436237165,0.2707132801328422,0.014979915538463784,0.003959053625698372
IRF4,mouse,ArChIPelago RF2f + Slim m=1,RF2f_slim1,0.8615246171196482,0.2874954483457507,0.8137289436237165,0.2707132801328422,0.04779567349593172,0.01678216821290851
IRF4,mouse,ArChIPelago RF2f + LSlim m=-5,RF2f_lslim5,0.8337982839480342,0.2924076300664806,0.8137289436237165,0.2707132801328422,0.02006934032431773,0.02169434993363839
IRF4,mouse,"ArChIPelago RF2f + Slim m=1, LSlim m=-5 + diChIPMunk",RF2f_all5,0.8690535618803741,0.3080183114367415,0.8137289436237165,0.2707132801328422,0.055324618256657576,0.03730503130389934
IRF4,mouse,ArChIPelago RF on all PWMs,RF_all,0.8708842538491581,0.3318961605430425,0.8137289436237165,0.2707132801328422,0.057155310225441625,0.06118288041020031
JUND,mouse,Slim m=0,slim0,0.8555091323849634,0.13719832177625832,0.8478882606940981,0.1172240199272844,0.0076208716908653384,0.01997430184897392
JUND,mouse,Slim m=1,slim1,0.8705654694848716,0.13449885152732385,0.8478882606940981,0.1172240199272844,0.022677208790773506,0.017274831600039453
JUND,mouse,LSlim m=-5,lslim5,0.8524919603485666,0.1335396459673605,0.8478882606940981,0.1172240199272844,0.004603699654468496,0.01631562604007611
JUND,mouse,diChIPMunk,munk,0.8554469286916284,0.14344620336375205,0.8478882606940981,0.1172240199272844,0.007558667997530355,0.02622218343646765
JUND,mouse,ArChIPelago RF2f,RF2f,0.8383810066447678,0.08191615193542634,0.8478882606940981,0.1172240199272844,-0.009507254049330283,-0.03530786799185806
JUND,mouse,ArChIPelago RF2f + diChIPMunk,RF2f_munk,0.8531613712728481,0.13419252700792197,0.8478882606940981,0.1172240199272844,0.005273110578750018,0.016968507080637574
JUND,mouse,ArChIPelago RF2f + Slim m=1,RF2f_slim1,0.860280704270636,0.11868639846386432,0.8478882606940981,0.1172240199272844,0.012392443576537904,0.0014623785365799197
JUND,mouse,ArChIPelago RF2f + LSlim m=-5,RF2f_lslim5,0.852090611493365,0.12221343048129757,0.8478882606940981,0.1172240199272844,0.004202350799266896,0.004989410554013168
JUND,mouse,"ArChIPelago RF2f + Slim m=1, LSlim m=-5 + diChIPMunk",RF2f_all5,0.8603336859154951,0.13074735714340843,0.8478882606940981,0.1172240199272844,0.012445425221397022,0.013523337216124032
JUND,mouse,ArChIPelago RF on all PWMs,RF_all,0.8597299714939591,0.1379650888412288,0.8478882606940981,0.1172240199272844,0.011841710799861072,0.020741068913944394
MAFK,mouse,Slim m=0,slim0,0.9229547812416191,0.6151033049238207,0.9087750398307272,0.5334027439052422,0.014179741410891955,0.08170056101857848
MAFK,mouse,Slim m=1,slim1,0.9574905757185649,0.6685231296529621,0.9087750398307272,0.5334027439052422,0.048715535887837724,0.1351203857477199
MAFK,mouse,LSlim m=-5,lslim5,0.9474153808831102,0.6524161002060817,0.9087750398307272,0.5334027439052422,0.03864034105238301,0.11901335630083942
MAFK,mouse,diChIPMunk,munk,0.9464361557348201,0.6572755525423636,0.9087750398307272,0.5334027439052422,0.037661115904092934,0.12387280863712136
MAFK,mouse,ArChIPelago RF2f,RF2f,0.9374976947207531,0.5813987348170725,0.9087750398307272,0.5334027439052422,0.0287226548900259,0.047995990911830266
MAFK,mouse,ArChIPelago RF2f + diChIPMunk,RF2f_munk,0.944145120489762,0.6737150097260691,0.9087750398307272,0.5334027439052422,0.0353700806590348,0.1403122658208269
MAFK,mouse,ArChIPelago RF2f + Slim m=1,RF2f_slim1,0.9499105301757429,0.6594282085876498,0.9087750398307272,0.5334027439052422,0.041135490345015735,0.1260254646824076
MAFK,mouse,ArChIPelago RF2f + LSlim m=-5,RF2f_lslim5,0.945356410415574,0.6401040288450429,0.9087750398307272,0.5334027439052422,0.036581370584846895,0.10670128493980069
MAFK,mouse,"ArChIPelago RF2f + Slim m=1, LSlim m=-5 + diChIPMunk",RF2f_all5,0.9520761182466063,0.6698301371811546,0.9087750398307272,0.5334027439052422,0.04330107841587916,0.13642739327591236
MAFK,mouse,ArChIPelago RF on all PWMs,RF_all,0.940991286069436,0.6580669071382138,0.9087750398307272,0.5334027439052422,0.03221624623870889,0.12466416323297158
MAX,mouse,Slim m=0,slim0,0.8216428956064739,0.0801753409038199,0.8608015164539937,0.1470968070994115,-0.039158620847519865,-0.0669214661955916
MAX,mouse,Slim m=1,slim1,0.8725105006807057,0.15054166965080173,0.8608015164539937,0.1470968070994115,0.01170898422671196,0.003444862551390232
MAX,mouse,LSlim m=-5,lslim5,0.8451144354925161,0.11632731995285973,0.8608015164539937,0.1470968070994115,-0.01568708096147764,-0.03076948714655177
MAX,mouse,diChIPMunk,munk,0.8369642970056883,0.10011531476943077,0.8608015164539937,0.1470968070994115,-0.023837219448305413,-0.04698149232998074
MAX,mouse,ArChIPelago RF2f,RF2f,0.8709184149292449,0.14362823690720655,0.8608015164539937,0.1470968070994115,0.010116898475251213,-0.0034685701922049506
MAX,mouse,ArChIPelago RF2f + diChIPMunk,RF2f_munk,0.8710804323925687,0.13836275219392125,0.8608015164539937,0.1470968070994115,0.010278915938574995,-0.008734054905490257
MAX,mouse,ArChIPelago RF2f + Slim m=1,RF2f_slim1,0.882027702238249,0.15940136228494312,0.8608015164539937,0.1470968070994115,0.02122618578425528,0.012304555185531613
MAX,mouse,ArChIPelago RF2f + LSlim m=-5,RF2f_lslim5,0.8758561797126372,0.16151285411415692,0.8608015164539937,0.1470968070994115,0.015054663258643464,0.014416047014745415
MAX,mouse,"ArChIPelago RF2f + Slim m=1, LSlim m=-5 + diChIPMunk",RF2f_all5,0.8826278382660602,0.1654072484093107,0.8608015164539937,0.1470968070994115,0.02182632181206645,0.0183104413098992
MAX,mouse,ArChIPelago RF on all PWMs,RF_all,0.8690437122492796,0.1618691310535261,0.8608015164539937,0.1470968070994115,0.008242195795285845,0.014772323954114597
MYC,mouse,Slim m=0,slim0,0.8804962602613005,0.19782151034273834,0.8745789474851673,0.1673442823597931,0.005917312776133166,0.03047722798294525
MYC,mouse,Slim m=1,slim1,0.8705531921815589,0.19685221954542315,0.8745789474851673,0.1673442823597931,-0.00402575530360838,0.02950793718563005
MYC,mouse,LSlim m=-5,lslim5,0.8920309882020353,0.20985731255912893,0.8745789474851673,0.1673442823597931,0.01745204071686801,0.04251303019933583
MYC,mouse,diChIPMunk,munk,0.831864773630409,0.14193452266436232,0.8745789474851673,0.1673442823597931,-0.042714173854758286,-0.025409759695430773
MYC,mouse,ArChIPelago RF2f,RF2f,0.8798342168856639,0.17721086939727665,0.8745789474851673,0.1673442823597931,0.005255269400496587,0.009866587037483554
MYC,mouse,ArChIPelago RF2f + diChIPMunk,RF2f_munk,0.878534965024776,0.18101237303717388,0.8745789474851673,0.1673442823597931,0.003956017539608725,0.013668090677380784
MYC,mouse,ArChIPelago RF2f + Slim m=1,RF2f_slim1,0.892936900632646,0.21956143760932106,0.8745789474851673,0.1673442823597931,0.01835795314747868,0.05221715524952797
MYC,mouse,ArChIPelago RF2f + LSlim m=-5,RF2f_lslim5,0.8964888662489794,0.2097270609256116,0.8745789474851673,0.1673442823597931,0.021909918763812097,0.04238277856581851
MYC,mouse,"ArChIPelago RF2f + Slim m=1, LSlim m=-5 + diChIPMunk",RF2f_all5,0.8997596800291858,0.23199953304279092,0.8745789474851673,0.1673442823597931,0.025180732544018536,0.06465525068299782
MYC,mouse,ArChIPelago RF on all PWMs,RF_all,0.8883664413737618,0.2141738017929962,0.8745789474851673,0.1673442823597931,0.01378749388859446,0.0468295194332031
P53,mouse,Slim m=0,slim0,0.8512396849041743,0.3299372675135051,0.8065754518453041,0.5392436981111457,0.04466423305887024,-0.2093064305976406
P53,mouse,Slim m=1,slim1,0.8718260061367658,0.5345887774598305,0.8065754518453041,0.5392436981111457,0.06525055429146165,-0.004654920651315231
P53,mouse,LSlim m=-5,lslim5,0.8627669102093303,0.36364823646034294,0.8065754518453041,0.5392436981111457,0.05619145836402617,-0.17559546165080275
P53,mouse,diChIPMunk,munk,0.8412218784614797,0.367318693339918,0.8065754518453041,0.5392436981111457,0.03464642661617556,-0.17192500477122769
P53,mouse,ArChIPelago RF2f,RF2f,0.8181065694678619,0.3478456834016012,0.8065754518453041,0.5392436981111457,0.011531117622557763,-0.19139801470954448
P53,mouse,ArChIPelago RF2f + diChIPMunk,RF2f_munk,0.8288838507023449,0.4389904658424163,0.8065754518453041,0.5392436981111457,0.022308398857040834,-0.1002532322687294
P53,mouse,ArChIPelago RF2f + Slim m=1,RF2f_slim1,0.8447658698329031,0.5103006180228092,0.8065754518453041,0.5392436981111457,0.038190417987599035,-0.02894308008833646
P53,mouse,ArChIPelago RF2f + LSlim m=-5,RF2f_lslim5,0.8415906664411305,0.504141786161453,0.8065754518453041,0.5392436981111457,0.03501521459582635,-0.0351019119496927
P53,mouse,"ArChIPelago RF2f + Slim m=1, LSlim m=-5 + diChIPMunk",RF2f_all5,0.8568434215288804,0.48118637987480645,0.8065754518453041,0.5392436981111457,0.050267969683576275,-0.05805731823633925
P53,mouse,ArChIPelago RF on all PWMs,RF_all,0.8662581552234354,0.5191393699078622,0.8065754518453041,0.5392436981111457,0.05968270337813131,-0.02010432820328345
PPARG,mouse,Slim m=0,slim0,0.8571433674272663,0.3686369422205904,0.8682635952537061,0.4214953332285007,-0.011120227826439844,-0.05285839100791029
PPARG,mouse,Slim m=1,slim1,0.8606242965689346,0.3604799749421698,0.8682635952537061,0.4214953332285007,-0.007639298684771534,-0.06101535828633087
PPARG,mouse,LSlim m=-5,lslim5,0.8523674023558404,0.35367266915848355,0.8682635952537061,0.4214953332285007,-0.015896192897865702,-0.06782266407001714
PPARG,mouse,diChIPMunk,munk,0.8427606718530276,0.34287399393316126,0.8682635952537061,0.4214953332285007,-0.0255029234006785,-0.07862133929533943
PPARG,mouse,ArChIPelago RF2f,RF2f,0.8706525825509976,0.41444514673178146,0.8682635952537061,0.4214953332285007,0.002388987297291534,-0.007050186496719235
PPARG,mouse,ArChIPelago RF2f + diChIPMunk,RF2f_munk,0.8713655950299859,0.4200382226062721,0.8682635952537061,0.4214953332285007,0.0031019997762797846,-0.0014571106222285857
PPARG,mouse,ArChIPelago RF2f + Slim m=1,RF2f_slim1,0.8808553840198843,0.43264693603089777,0.8682635952537061,0.4214953332285007,0.012591788766178169,0.011151602802397076
PPARG,mouse,ArChIPelago RF2f + LSlim m=-5,RF2f_lslim5,0.8777843192340404,0.42651197506529037,0.8682635952537061,0.4214953332285007,0.009520723980334322,0.0050166418367896815
PPARG,mouse,"ArChIPelago RF2f + Slim m=1, LSlim m=-5 + diChIPMunk",RF2f_all5,0.8798244937421178,0.42511097196867814,0.8682635952537061,0.4214953332285007,0.011560898488411686,0.0036156387401774515
PPARG,mouse,ArChIPelago RF on all PWMs,RF_all,0.8780757521889633,0.4337032294887245,0.8682635952537061,0.4214953332285007,0.009812156935257166,0.012207896260223783
PRGR,mouse,Slim m=0,slim0,0.8412565013334299,0.07190127829620521,0.861836282548721,0.1127229094166115,-0.020579781215291137,-0.04082163112040629
PRGR,mouse,Slim m=1,slim1,0.8891790572658558,0.12955888347645758,0.861836282548721,0.1127229094166115,0.027342774717134755,0.016835974059846076
PRGR,mouse,LSlim m=-5,lslim5,0.8449537740348552,0.11628794242997978,0.861836282548721,0.1127229094166115,-0.016882508513865857,0.003565033013368274
PRGR,mouse,diChIPMunk,munk,0.8460422054256348,0.07449888940994297,0.861836282548721,0.1127229094166115,-0.015794077123086225,-0.03822402000666854
PRGR,mouse,ArChIPelago RF2f,RF2f,0.8650938287397174,0.10674632563963993,0.861836282548721,0.1127229094166115,0.0032575461909963854,-0.005976583776971578
PRGR,mouse,ArChIPelago RF2f + diChIPMunk,RF2f_munk,0.8718024949505561,0.10509505887785316,0.861836282548721,0.1127229094166115,0.00996621240183504,-0.007627850538758349
PRGR,mouse,ArChIPelago RF2f + Slim m=1,RF2f_slim1,0.8910879975952459,0.12573725342278982,0.861836282548721,0.1127229094166115,0.029251715046524907,0.013014344006178319
PRGR,mouse,ArChIPelago RF2f + LSlim m=-5,RF2f_lslim5,0.8731796814926003,0.12737579351763798,0.861836282548721,0.1127229094166115,0.011343398943879257,0.01465288410102647
PRGR,mouse,"ArChIPelago RF2f + Slim m=1, LSlim m=-5 + diChIPMunk",RF2f_all5,0.8888456198033101,0.12141239171822324,0.861836282548721,0.1127229094166115,0.027009337254589094,0.008689482301611734
PRGR,mouse,ArChIPelago RF on all PWMs,RF_all,0.8809387934157793,0.1194621235862628,0.861836282548721,0.1127229094166115,0.019102510867058276,0.0067392141696513
REST,mouse,Slim m=0,slim0,0.9293468013754436,0.6957586252480529,0.9557608616998972,0.7424425004165226,-0.026414060324453592,-0.046683875168469724
REST,mouse,Slim m=1,slim1,0.9464978856541271,0.7146945269287093,0.9557608616998972,0.7424425004165226,-0.009262976045770088,-0.027747973487813327
REST,mouse,LSlim m=-5,lslim5,0.9442171571473175,0.7219052654050653,0.9557608616998972,0.7424425004165226,-0.011543704552579692,-0.020537235011457322
REST,mouse,diChIPMunk,munk,0.9287722698700891,0.7253837880384819,0.9557608616998972,0.7424425004165226,-0.026988591829808062,-0.017058712378040686
REST,mouse,ArChIPelago RF2f,RF2f,0.9596023634525706,0.7646657589702827,0.9557608616998972,0.7424425004165226,0.003841501752673393,0.02222325855376006
REST,mouse,ArChIPelago RF2f + diChIPMunk,RF2f_munk,0.9592440300693754,0.7645849352701392,0.9557608616998972,0.7424425004165226,0.0034831683694782622,0.022142434853616555
REST,mouse,ArChIPelago RF2f + Slim m=1,RF2f_slim1,0.9620257166969367,0.7787319559869081,0.9557608616998972,0.7424425004165226,0.006264854997039548,0.03628945557038554
REST,mouse,ArChIPelago RF2f + LSlim m=-5,RF2f_lslim5,0.9611684871831601,0.7681720998426796,0.9557608616998972,0.7424425004165226,0.005407625483262901,0.025729599426157046
REST,mouse,"ArChIPelago RF2f + Slim m=1, LSlim m=-5 + diChIPMunk",RF2f_all5,0.9638027991817562,0.7699236182060156,0.9557608616998972,0.7424425004165226,0.008041937481858996,0.027481117789493026
REST,mouse,ArChIPelago RF on all PWMs,RF_all,0.9709033734499568,0.819279506637987,0.9557608616998972,0.7424425004165226,0.01514251175005965,0.07683700622146439
RUNX1,mouse,Slim m=0,slim0,0.8141796422880252,0.12929641554205065,0.7940336559307262,0.0963775216160252,0.02014598635729903,0.032918893926025455
RUNX1,mouse,Slim m=1,slim1,0.8191902523742922,0.13422413639637598,0.7940336559307262,0.0963775216160252,0.02515659644356605,0.037846614780350785
RUNX1,mouse,LSlim m=-5,lslim5,0.81809623355877,0.14215846566774218,0.7940336559307262,0.0963775216160252,0.02406257762804387,0.04578094405171698
RUNX1,mouse,diChIPMunk,munk,0.8088002482430077,0.11675626189126193,0.7940336559307262,0.0963775216160252,0.014766592312281501,0.02037874027523673
RUNX1,mouse,ArChIPelago RF2f,RF2f,0.7922269335846505,0.10468417157922094,0.7940336559307262,0.0963775216160252,-0.0018067223460757065,0.008306649963195745
RUNX1,mouse,ArChIPelago RF2f + diChIPMunk,RF2f_munk,0.8034504302661545,0.10858422485154824,0.7940336559307262,0.0963775216160252,0.009416774335428313,0.012206703235523045
RUNX1,mouse,ArChIPelago RF2f + Slim m=1,RF2f_slim1,0.8115039493727437,0.12915758156813245,0.7940336559307262,0.0963775216160252,0.01747029344201756,0.032780059952107254
RUNX1,mouse,ArChIPelago RF2f + LSlim m=-5,RF2f_lslim5,0.809316770441034,0.13798199441435263,0.7940336559307262,0.0963775216160252,0.015283114510307838,0.041604472798327435
RUNX1,mouse,"ArChIPelago RF2f + Slim m=1, LSlim m=-5 + diChIPMunk",RF2f_all5,0.8161978509796637,0.14184103924326288,0.7940336559307262,0.0963775216160252,0.02216419504893752,0.04546351762723769
RUNX1,mouse,ArChIPelago RF on all PWMs,RF_all,0.8081593709532187,0.1165618561369237,0.7940336559307262,0.0963775216160252,0.014125715022492491,0.020184334520898503
RXRA,mouse,Slim m=0,slim0,0.7914332444734407,0.24316610414338743,0.7636988056377928,0.1817188797956739,0.027734438835647857,0.06144722434771355
RXRA,mouse,Slim m=1,slim1,0.7942558506079722,0.2219445900807955,0.7636988056377928,0.1817188797956739,0.030557044970179414,0.04022571028512162
RXRA,mouse,LSlim m=-5,lslim5,0.7642991134726518,0.22295357862262183,0.7636988056377928,0.1817188797956739,0.0006003078348589819,0.04123469882694794
RXRA,mouse,diChIPMunk,munk,0.7850593434625912,0.22477425634575462,0.7636988056377928,0.1817188797956739,0.02136053782479841,0.04305537655008074
RXRA,mouse,ArChIPelago RF2f,RF2f,0.7804397969499615,0.20575665280828354,0.7636988056377928,0.1817188797956739,0.016740991312168663,0.024037773012609648
RXRA,mouse,ArChIPelago RF2f + diChIPMunk,RF2f_munk,0.7964510558515093,0.23195262697771926,0.7636988056377928,0.1817188797956739,0.03275225021371653,0.050233747182045374
RXRA,mouse,ArChIPelago RF2f + Slim m=1,RF2f_slim1,0.8049349530423129,0.23762411563608138,0.7636988056377928,0.1817188797956739,0.041236147404520085,0.05590523584040749
RXRA,mouse,ArChIPelago RF2f + LSlim m=-5,RF2f_lslim5,0.7984426040016581,0.24475398465904494,0.7636988056377928,0.1817188797956739,0.03474379836386532,0.06303510486337105
RXRA,mouse,"ArChIPelago RF2f + Slim m=1, LSlim m=-5 + diChIPMunk",RF2f_all5,0.816392097179977,0.2568113377384807,0.7636988056377928,0.1817188797956739,0.05269329154218416,0.0750924579428068
RXRA,mouse,ArChIPelago RF on all PWMs,RF_all,0.8175789431273885,0.2544048775748525,0.7636988056377928,0.1817188797956739,0.05388013748959575,0.07268599777917858
SOX2,mouse,Slim m=0,slim0,0.8299538148317585,0.1851062748850734,0.8084722883529287,0.1304876767004732,0.021481526478829727,0.05461859818460019
SOX2,mouse,Slim m=1,slim1,0.8339355845683665,0.1975588151002417,0.8084722883529287,0.1304876767004732,0.025463296215437747,0.0670711383997685
SOX2,mouse,LSlim m=-5,lslim5,0.8303701980257454,0.18446550846251797,0.8084722883529287,0.1304876767004732,0.021897909672816684,0.053977831762044765
SOX2,mouse,diChIPMunk,munk,0.828536478128261,0.15790331533825783,0.8084722883529287,0.1304876767004732,0.02006418977533231,0.027415638637784623
SOX2,mouse,ArChIPelago RF2f,RF2f,0.8182513316132065,0.14860024966447005,0.8084722883529287,0.1304876767004732,0.009779043260277787,0.018112572963996848
SOX2,mouse,ArChIPelago RF2f + diChIPMunk,RF2f_munk,0.8269291864420514,0.15871155130038042,0.8084722883529287,0.1304876767004732,0.018456898089122653,0.028223874599907217
SOX2,mouse,ArChIPelago RF2f + Slim m=1,RF2f_slim1,0.833984980534727,0.18742971295959762,0.8084722883529287,0.1304876767004732,0.025512692181798302,0.05694203625912442
SOX2,mouse,ArChIPelago RF2f + LSlim m=-5,RF2f_lslim5,0.8328974037707407,0.18134421918493354,0.8084722883529287,0.1304876767004732,0.024425115417812004,0.05085654248446034
SOX2,mouse,"ArChIPelago RF2f + Slim m=1, LSlim m=-5 + diChIPMunk",RF2f_all5,0.8370675166455535,0.19233832494657147,0.8084722883529287,0.1304876767004732,0.02859522829262473,0.06185064824609826
SOX2,mouse,ArChIPelago RF on all PWMs,RF_all,0.8480469035501155,0.1849765888353647,0.8084722883529287,0.1304876767004732,0.03957461519718675,0.05448891213489149
SPI1,mouse,Slim m=0,slim0,0.9517709948898956,0.5997379630046559,0.9381160405252345,0.5622423042891276,0.013654954364661132,0.03749565871552829
SPI1,mouse,Slim m=1,slim1,0.9559034473448531,0.6113123478955136,0.9381160405252345,0.5622423042891276,0.017787406819618656,0.049070043606386005
SPI1,mouse,LSlim m=-5,lslim5,0.9560138170371931,0.6097006389735942,0.9381160405252345,0.5622423042891276,0.017897776511958674,0.047458334684466585
SPI1,mouse,diChIPMunk,munk,0.9577751303866822,0.617203675277018,0.9381160405252345,0.5622423042891276,0.01965908986144771,0.054961370987890446
SPI1,mouse,ArChIPelago RF2f,RF2f,0.9422829654409439,0.5597152724702666,0.9381160405252345,0.5622423042891276,0.004166924915709469,-0.0025270318188609364
SPI1,mouse,ArChIPelago RF2f + diChIPMunk,RF2f_munk,0.9517539695501,0.5917200935460167,0.9381160405252345,0.5622423042891276,0.013637929024865603,0.029477789256889153
SPI1,mouse,ArChIPelago RF2f + Slim m=1,RF2f_slim1,0.9527532975318723,0.6011057264092649,0.9381160405252345,0.5622423042891276,0.014637257006637872,0.03886342212013727
SPI1,mouse,ArChIPelago RF2f + LSlim m=-5,RF2f_lslim5,0.9525795688020229,0.5968979771881116,0.9381160405252345,0.5622423042891276,0.014463528276788429,0.03465567289898397
SPI1,mouse,"ArChIPelago RF2f + Slim m=1, LSlim m=-5 + diChIPMunk",RF2f_all5,0.9565859057264776,0.610496391795265,0.9381160405252345,0.5622423042891276,0.018469865201243163,0.048254087506137466
SPI1,mouse,ArChIPelago RF on all PWMs,RF_all,0.960877503687704,0.6419347151256162,0.9381160405252345,0.5622423042891276,0.02276146316246952,0.07969241083648859
SRF,mouse,Slim m=0,slim0,0.8242359795610654,0.13305952184238748,0.7768163819964249,0.1031616904712961,0.04741959756464054,0.02989783137109138
SRF,mouse,Slim m=1,slim1,0.8218952972062599,0.11327909826954251,0.7768163819964249,0.1031616904712961,0.04507891520983498,0.010117407798246408
SRF,mouse,LSlim m=-5,lslim5,0.8197223003672712,0.14335380725443475,0.7768163819964249,0.1031616904712961,0.04290591837084634,0.04019211678313865
SRF,mouse,diChIPMunk,munk,0.8041067322365367,0.15017412055852555,0.7768163819964249,0.1031616904712961,0.027290350240111838,0.047012430087229454
SRF,mouse,ArChIPelago RF2f,RF2f,0.8059602869330964,0.1117177476553609,0.7768163819964249,0.1031616904712961,0.029143904936671516,0.008556057184064797
SRF,mouse,ArChIPelago RF2f + diChIPMunk,RF2f_munk,0.8252588329836033,0.15032174787734406,0.7768163819964249,0.1031616904712961,0.048442450987178365,0.047160057406047964
SRF,mouse,ArChIPelago RF2f + Slim m=1,RF2f_slim1,0.8296710470935581,0.14490475979238207,0.7768163819964249,0.1031616904712961,0.05285466509713321,0.04174306932108597
SRF,mouse,ArChIPelago RF2f + LSlim m=-5,RF2f_lslim5,0.8344354078427147,0.1487186311904729,0.7768163819964249,0.1031616904712961,0.05761902584628986,0.045556940719176806
SRF,mouse,"ArChIPelago RF2f + Slim m=1, LSlim m=-5 + diChIPMunk",RF2f_all5,0.842021563376552,0.16936407285758454,0.7768163819964249,0.1031616904712961,0.0652051813801271,0.06620238238628844
SRF,mouse,ArChIPelago RF on all PWMs,RF_all,0.8296138583241202,0.1666779484888262,0.7768163819964249,0.1031616904712961,0.05279747632769527,0.0635162580175301
STA5A,mouse,Slim m=0,slim0,0.5620133194450183,0.06568272085817688,0.8759811068556771,0.3854019872115097,-0.3139677874106588,-0.3197192663533328
STA5A,mouse,Slim m=1,slim1,0.8870721226961048,0.39086824549137256,0.8759811068556771,0.3854019872115097,0.01109101584042771,0.005466258279862857
STA5A,mouse,LSlim m=-5,lslim5,0.7527156494464708,0.13566675069190515,0.8759811068556771,0.3854019872115097,-0.12326545740920625,-0.24973523651960455
STA5A,mouse,diChIPMunk,munk,0.9028823467069802,0.39290246550973007,0.8759811068556771,0.3854019872115097,0.026901239851303105,0.00750047829822037
STA5A,mouse,ArChIPelago RF2f,RF2f,0.8569254163982316,0.34014776124059987,0.8759811068556771,0.3854019872115097,-0.019055690457445484,-0.045254225970909834
STA5A,mouse,ArChIPelago RF2f + diChIPMunk,RF2f_munk,0.8714941266404539,0.38597585240093235,0.8759811068556771,0.3854019872115097,-0.004486980215223202,0.000573865189422651
STA5A,mouse,ArChIPelago RF2f + Slim m=1,RF2f_slim1,0.8708682258528467,0.3843278760412279,0.8759811068556771,0.3854019872115097,-0.005112881002830361,-0.0010741111702817774
STA5A,mouse,ArChIPelago RF2f + LSlim m=-5,RF2f_lslim5,0.8678698185686606,0.3595157524540235,0.8759811068556771,0.3854019872115097,-0.00811128828701646,-0.025886234757486193
STA5A,mouse,"ArChIPelago RF2f + Slim m=1, LSlim m=-5 + diChIPMunk",RF2f_all5,0.8736230735484399,0.39544024795195826,0.8759811068556771,0.3854019872115097,-0.0023580333072371618,0.010038260740448557
STA5A,mouse,ArChIPelago RF on all PWMs,RF_all,0.8697022477984121,0.4012367770583024,0.8759811068556771,0.3854019872115097,-0.006278859057264996,0.015834789846792707
STAT1,mouse,Slim m=0,slim0,0.7341125468397238,0.07965314188551988,0.7241026626661141,0.0727546520392533,0.010009884173609707,0.006898489846266578
STAT1,mouse,Slim m=1,slim1,0.7468189444826435,0.08178940595141186,0.7241026626661141,0.0727546520392533,0.022716281816529404,0.009034753912158563
STAT1,mouse,LSlim m=-5,lslim5,0.6494869024369103,0.03982720354749447,0.7241026626661141,0.0727546520392533,-0.0746157602292038,-0.032927448491758826
STAT1,mouse,diChIPMunk,munk,0.7368019331750038,0.08325074155324576,0.7241026626661141,0.0727546520392533,0.012699270508889637,0.01049608951399246
STAT1,mouse,ArChIPelago RF2f,RF2f,0.7256180852688254,0.07965839548711974,0.7241026626661141,0.0727546520392533,0.0015154226027113138,0.006903743447866442
STAT1,mouse,ArChIPelago RF2f + diChIPMunk,RF2f_munk,0.7295798082422957,0.07989770353132722,0.7241026626661141,0.0727546520392533,0.005477145576181619,0.007143051492073921
STAT1,mouse,ArChIPelago RF2f + Slim m=1,RF2f_slim1,0.7348741866336556,0.08341891840240916,0.7241026626661141,0.0727546520392533,0.010771523967541441,0.010664266363155858
STAT1,mouse,ArChIPelago RF2f + LSlim m=-5,RF2f_lslim5,0.7246788435746978,0.07688026383555925,0.7241026626661141,0.0727546520392533,0.00057618090858369,0.004125611796305953
STAT1,mouse,"ArChIPelago RF2f + Slim m=1, LSlim m=-5 + diChIPMunk",RF2f_all5,0.7375132360118927,0.0820872969267952,0.7241026626661141,0.0727546520392533,0.013410573345778554,0.009332644887541902
STAT1,mouse,ArChIPelago RF on all PWMs,RF_all,0.8048394433712877,0.1017571545565681,0.7241026626661141,0.0727546520392533,0.08073678070517354,0.0290025025173148
STAT3,mouse,Slim m=0,slim0,0.8295427090305731,0.09088708971258055,0.7935345210150767,0.0618513476788392,0.036008188015496434,0.029035742033741353
STAT3,mouse,Slim m=1,slim1,0.8084623384478082,0.08339966208643362,0.7935345210150767,0.0618513476788392,0.014927817432731527,0.021548314407594422
STAT3,mouse,LSlim m=-5,lslim5,0.8334889326722192,0.09184570222723222,0.7935345210150767,0.0618513476788392,0.03995441165714253,0.02999435454839302
STAT3,mouse,diChIPMunk,munk,0.8170023205984691,0.0724419069529029,0.7935345210150767,0.0618513476788392,0.0234677995833924,0.010590559274063695
STAT3,mouse,ArChIPelago RF2f,RF2f,0.7961681421259768,0.06598164209682256,0.7935345210150767,0.0618513476788392,0.002633621110900042,0.004130294417983356
STAT3,mouse,ArChIPelago RF2f + diChIPMunk,RF2f_munk,0.8166461528343508,0.07527070074986235,0.7935345210150767,0.0618513476788392,0.023111631819274114,0.013419353071023148
STAT3,mouse,ArChIPelago RF2f + Slim m=1,RF2f_slim1,0.8080054685113441,0.0848477930741606,0.7935345210150767,0.0618513476788392,0.014470947496267428,0.022996445395321398
STAT3,mouse,ArChIPelago RF2f + LSlim m=-5,RF2f_lslim5,0.8249149390485639,0.08749960064153837,0.7935345210150767,0.0618513476788392,0.031380418033487234,0.025648252962699174
STAT3,mouse,"ArChIPelago RF2f + Slim m=1, LSlim m=-5 + diChIPMunk",RF2f_all5,0.8284092975141846,0.09107473884219186,0.7935345210150767,0.0618513476788392,0.03487477649910786,0.02922339116335266
STAT3,mouse,ArChIPelago RF on all PWMs,RF_all,0.8065584827078383,0.0726520227860084,0.7935345210150767,0.0618513476788392,0.013023961692761543,0.010800675107169193
TAL1,mouse,Slim m=0,slim0,0.8615557903953129,0.09105909353365414,0.8919793398191032,0.1609775312146371,-0.03042354942379022,-0.06991843768098295
TAL1,mouse,Slim m=1,slim1,0.871984499415648,0.10402837062925985,0.8919793398191032,0.1609775312146371,-0.019994840403455116,-0.056949160585377245
TAL1,mouse,LSlim m=-5,lslim5,0.8648820350221679,0.09233777622866561,0.8919793398191032,0.1609775312146371,-0.027097304796935284,-0.06863975498597148
TAL1,mouse,diChIPMunk,munk,0.8754147305724599,0.11121886252516482,0.8919793398191032,0.1609775312146371,-0.01656460924664327,-0.04975866868947228
TAL1,mouse,ArChIPelago RF2f,RF2f,0.9102870168732101,0.1723071397687844,0.8919793398191032,0.1609775312146371,0.018307677054106963,0.011329608554147302
TAL1,mouse,ArChIPelago RF2f + diChIPMunk,RF2f_munk,0.9126888993717106,0.17252089156916775,0.8919793398191032,0.1609775312146371,0.02070955955260745,0.011543360354530657
TAL1,mouse,ArChIPelago RF2f + Slim m=1,RF2f_slim1,0.9142559142985313,0.17617596604845193,0.8919793398191032,0.1609775312146371,0.022276574479428102,0.015198434833814833
TAL1,mouse,ArChIPelago RF2f + LSlim m=-5,RF2f_lslim5,0.9162496453155755,0.17783054125377293,0.8919793398191032,0.1609775312146371,0.024270305496472355,0.016853010039135835
TAL1,mouse,"ArChIPelago RF2f + Slim m=1, LSlim m=-5 + diChIPMunk",RF2f_all5,0.9155842367136321,0.17308408075035903,0.8919793398191032,0.1609775312146371,0.023604896894528937,0.012106549535721933
TAL1,mouse,ArChIPelago RF on all PWMs,RF_all,0.9177135629066228,0.1949902798798743,0.8919793398191032,0.1609775312146371,0.025734223087519603,0.03401274866523721
TF65,mouse,Slim m=0,slim0,0.8238309098838797,0.11720020528281165,0.8032373142160594,0.1137937516482875,0.020593595667820375,0.0034064536345241453
TF65,mouse,Slim m=1,slim1,0.8116148559639984,0.10020241271304517,0.8032373142160594,0.1137937516482875,0.008377541747939032,-0.013591338935242336
TF65,mouse,LSlim m=-5,lslim5,0.7383006221774804,0.047543890654334384,0.8032373142160594,0.1137937516482875,-0.06493669203857899,-0.06624986099395312
TF65,mouse,diChIPMunk,munk,0.8161178175825977,0.10143531067254138,0.8032373142160594,0.1137937516482875,0.012880503366538343,-0.012358440975746121
TF65,mouse,ArChIPelago RF2f,RF2f,0.8079356586936615,0.09428880557834368,0.8032373142160594,0.1137937516482875,0.00469834447760209,-0.019504946069943824
TF65,mouse,ArChIPelago RF2f + diChIPMunk,RF2f_munk,0.8176816190848586,0.09965538806172831,0.8032373142160594,0.1137937516482875,0.014444304868799218,-0.014138363586559191
TF65,mouse,ArChIPelago RF2f + Slim m=1,RF2f_slim1,0.815897261865441,0.09577735924360443,0.8032373142160594,0.1137937516482875,0.012659947649381609,-0.01801639240468307
TF65,mouse,ArChIPelago RF2f + LSlim m=-5,RF2f_lslim5,0.8181022295882456,0.0988827482946824,0.8032373142160594,0.1137937516482875,0.01486491537218626,-0.01491100335360511
TF65,mouse,"ArChIPelago RF2f + Slim m=1, LSlim m=-5 + diChIPMunk",RF2f_all5,0.8232222530967237,0.10233154249474517,0.8032373142160594,0.1137937516482875,0.019984938880664327,-0.011462209153542333
TF65,mouse,ArChIPelago RF on all PWMs,RF_all,0.8034303526214456,0.1151271137206537,0.8032373142160594,0.1137937516482875,0.00019303840538620332,0.001333362072366201
TFE2,mouse,Slim m=0,slim0,0.8707534868438804,0.18217688077552668,0.8820453020135994,0.1848345483152131,-0.011291815169719,-0.002657667539686409
TFE2,mouse,Slim m=1,slim1,0.8541611852078547,0.14746314497700036,0.8820453020135994,0.1848345483152131,-0.027884116805744763,-0.03737140333821273
TFE2,mouse,LSlim m=-5,lslim5,0.8714122573349952,0.18625376061821494,0.8820453020135994,0.1848345483152131,-0.010633044678604264,0.0014192123030018489
TFE2,mouse,diChIPMunk,munk,0.8752192439531261,0.18047228587021827,0.8820453020135994,0.1848345483152131,-0.006826058060473317,-0.004362262444994824
TFE2,mouse,ArChIPelago RF2f,RF2f,0.8854068326897774,0.1819131397413184,0.8820453020135994,0.1848345483152131,0.0033615306761779484,-0.002921408573894696
TFE2,mouse,ArChIPelago RF2f + diChIPMunk,RF2f_munk,0.8986115032535456,0.23016796268154247,0.8820453020135994,0.1848345483152131,0.01656620123994612,0.04533341436632937
TFE2,mouse,ArChIPelago RF2f + Slim m=1,RF2f_slim1,0.8919854835369269,0.2006615096578055,0.8820453020135994,0.1848345483152131,0.00994018152332743,0.0158269613425924
TFE2,mouse,ArChIPelago RF2f + LSlim m=-5,RF2f_lslim5,0.8930116829955602,0.21197473793133148,0.8820453020135994,0.1848345483152131,0.010966380981960788,0.027140189616118388
TFE2,mouse,"ArChIPelago RF2f + Slim m=1, LSlim m=-5 + diChIPMunk",RF2f_all5,0.8986769902679542,0.23789788719742092,0.8820453020135994,0.1848345483152131,0.016631688254354793,0.05306333888220782
TFE2,mouse,ArChIPelago RF on all PWMs,RF_all,0.8957814465097192,0.2417624224712317,0.8820453020135994,0.1848345483152131,0.013736144496119818,0.056927874156018604
USF2,mouse,Slim m=0,slim0,0.9801226188891521,0.35814951568707043,0.9793799627046236,0.341024724999097,0.0007426561845285118,0.017124790687973457
USF2,mouse,Slim m=1,slim1,0.9813575312232088,0.38901683626159195,0.9793799627046236,0.341024724999097,0.0019775685185852154,0.047992111262494974
USF2,mouse,LSlim m=-5,lslim5,0.9817135999399997,0.3788152298747277,0.9793799627046236,0.341024724999097,0.0023336372353761625,0.03779050487563074
USF2,mouse,diChIPMunk,munk,0.9811282416531881,0.36329869734935893,0.9793799627046236,0.341024724999097,0.0017482789485645522,0.02227397235026196
USF2,mouse,ArChIPelago RF2f,RF2f,0.98088944406272,0.3551022215824815,0.9793799627046236,0.341024724999097,0.001509481358096476,0.01407749658338453
USF2,mouse,ArChIPelago RF2f + diChIPMunk,RF2f_munk,0.9821346290482392,0.3653925943569658,0.9793799627046236,0.341024724999097,0.0027546663436156527,0.024367869357868832
USF2,mouse,ArChIPelago RF2f + Slim m=1,RF2f_slim1,0.9818627860999922,0.37500146273663865,0.9793799627046236,0.341024724999097,0.0024828233953686496,0.033976737737541673
USF2,mouse,ArChIPelago RF2f + LSlim m=-5,RF2f_lslim5,0.9819797247780475,0.37862124133941233,0.9793799627046236,0.341024724999097,0.002599762073423939,0.037596516340315356
USF2,mouse,"ArChIPelago RF2f + Slim m=1, LSlim m=-5 + diChIPMunk",RF2f_all5,0.9817779951693937,0.35693889294169634,0.9793799627046236,0.341024724999097,0.0023980324647701057,0.015914167942599367
USF2,mouse,ArChIPelago RF on all PWMs,RF_all,0.9813329134290084,0.3534229700543765,0.9793799627046236,0.341024724999097,0.0019529507243848387,0.012398245055279533
