design,k,d_auroc_H,d_auprc_H,d_auroc_M,d_auprc_M
random,1,-0.01888869293049964,-0.039123995940753664,-0.022187522831404537,-0.035704171225474056
random,2,-0.0013908003304867523,-0.009721418318139944,-0.0017913125167570822,-0.007300491495190865
random,4,0.008084485438767351,0.011998172548101382,0.007339017176904805,0.003672121183724916
random,8,0.013697046350783504,0.02241998113801731,0.011728747223601666,0.014469321664939812
random,16,0.02112033281191391,0.028381517118536877,0.014721002504534642,0.019473697258802495
random,32,0.023466791802978428,0.03044962999456521,0.016230009119984668,0.022945998133790755
random,64,0.02437715521229572,0.035583771568713535,0.01550067616911438,0.023095821542110834
random,128,0.02437715521229572,0.0370991293804762,0.01615159991503559,0.023095821542110834
random,P,0.02437715521229572,0.0370991293804762,0.01615159991503559,0.020950251790220652
topk,1,0.005787761658194002,0.0026480865112530894,0.0011069896845052885,-0.006771742573447689
topk,2,0.010106687714237284,0.014237238010993497,0.007769893598885247,0.011843447954272397
topk,4,0.014534944447845144,0.014592358273562617,0.010277811251657498,0.012555849247727402
topk,8,0.018065705355406858,0.02320076226514539,0.012066038289002046,0.015059173226492147
topk,16,0.020522751559622965,0.028381517118536877,0.013579715719252095,0.02081169798583972
topk,32,0.021925081437934202,0.0314014255851083,0.01550067616911438,0.02135448289240044
topk,64,0.0235955688812014,0.03661084243860537,0.015270457182718689,0.020950251790220652
topk,128,0.02437715521229572,0.03620599311622801,0.014667324140466426,0.020950251790220652
topk,P,0.02437715521229572,0.0370991293804762,0.01615159991503559,0.020950251790220652
