TF,PWM_set,auROC_best_PWM,auROC_ArChIPelago,auPRC_best_PWM,auPRC_ArChIPelago,n_training_positives,delta_auROC,delta_auPRC,n_PWMs_total_mono_plus_di,test_set
ANDR,di,0.8779521091470112,0.938248952552616,0.5415163927881678,0.7213420491480234,10000,0.060296843405604816,0.1798256563598556,303,human
ANDR,mono,0.8779521091470112,0.9245973818520802,0.5415163927881678,0.6834136154407512,10000,0.04664527270506902,0.14189722265258342,303,human
ANDR,mono+di,0.8779521091470112,0.9375366122556492,0.5415163927881678,0.720667439958371,10000,0.059584503108638054,0.17915104717020325,303,human
AP2A,di,0.8762400859826925,0.9057622844374223,0.0774729890682353,0.1084118172900028,2406,0.02952219845472981,0.030938828221767495,9,human
AP2A,mono,0.8762400859826925,0.8891899049283652,0.0774729890682353,0.0973242077620281,2406,0.012949818945672709,0.019851218693792805,9,human
AP2A,mono+di,0.8762400859826925,0.9081565386669784,0.0774729890682353,0.1043558276551064,2406,0.03191645268428589,0.0268828385868711,9,human
CEBPB,di,0.9389172460942248,0.9479064432667264,0.2811573402952807,0.3451709111175803,10000,0.008989197172501573,0.06401357082229958,30,human
CEBPB,mono,0.9389172460942248,0.9439996490034644,0.2811573402952807,0.365563528393385,10000,0.005082402909239669,0.0844061880981043,30,human
CEBPB,mono+di,0.9389172460942248,0.9484493354485354,0.2811573402952807,0.372775249096431,10000,0.009532089354310602,0.09161790880115028,30,human
COE1,di,0.9288641005844028,0.9301740190745592,0.1982420935920943,0.1973720396998893,3924,0.001309918490156381,-0.0008700538922049861,15,human
COE1,mono,0.9288641005844028,0.9313877893368436,0.1982420935920943,0.2247334775693937,3924,0.0025236887524408003,0.026491383977299415,15,human
COE1,mono+di,0.9288641005844028,0.9319481241275692,0.1982420935920943,0.2234514582052179,3924,0.003084023543166392,0.02520936461312359,15,human
CTCF,di,0.9683369357475168,0.97574615798371,0.8174315028254594,0.842576546425505,10000,0.007409222236193225,0.025145043600045547,297,human
CTCF,mono,0.9683369357475168,0.9704126933232744,0.8174315028254594,0.8229194386439241,10000,0.0020757575757576197,0.00548793581846474,297,human
CTCF,mono+di,0.9683369357475168,0.975913528088632,0.8174315028254594,0.8443233651609332,10000,0.007576592341115185,0.026891862335473804,297,human
E2F4,di,0.7528403450827513,0.8324245699667577,0.1079416010783942,0.135902254887507,2686,0.0795842248840064,0.027960653809112807,11,human
E2F4,mono,0.7528403450827513,0.8314510083296067,0.1079416010783942,0.1610018480336741,2686,0.0786106632468554,0.05306024695527989,11,human
E2F4,mono+di,0.7528403450827513,0.8438065052617365,0.1079416010783942,0.1660918614675668,2686,0.09096616017898518,0.05815026038917259,11,human
ERG,di,0.7588901941025061,0.7663917415938075,0.072289405540921,0.0828759342870523,6048,0.007501547491301386,0.010586528746131293,54,human
ERG,mono,0.7588901941025061,0.7670228067346295,0.072289405540921,0.0820273017217577,6048,0.008132612632123393,0.009737896180836703,54,human
ERG,mono+di,0.7588901941025061,0.7681327272919454,0.072289405540921,0.0841216132586655,6048,0.00924253318943924,0.0118322077177445,54,human
ESR1,di,0.8537285780143842,0.868204244490454,0.5841917697210154,0.6234700138397878,10000,0.014475666476069793,0.039278244118772454,290,human
ESR1,mono,0.8537285780143842,0.8698266133771372,0.5841917697210154,0.6161411238742163,10000,0.016098035362753005,0.03194935415320088,290,human
ESR1,mono+di,0.8537285780143842,0.8733956265815667,0.5841917697210154,0.6257570655134885,10000,0.019667048567182488,0.041565295792473145,290,human
FLI1,di,0.8629455278051181,0.8774910802165354,0.0591874948051516,0.0648400865014597,1346,0.014545552411417306,0.0056525916963081,26,human
FLI1,mono,0.8629455278051181,0.8707257320374016,0.0591874948051516,0.062931956820981,1346,0.0077802042322834275,0.0037444620158294042,26,human
FLI1,mono+di,0.8629455278051181,0.877015717273622,0.0591874948051516,0.0671398273298297,1346,0.014070189468503913,0.007952332524678106,26,human
GATA1,di,0.9095333815491008,0.9236041538711216,0.3423246247558992,0.3556077071355096,10000,0.014070772322020808,0.0132830823796104,42,human
GATA1,mono,0.9095333815491008,0.9175390401255892,0.3423246247558992,0.3433128787785612,10000,0.008005658576488384,0.0009882540226620051,42,human
GATA1,mono+di,0.9095333815491008,0.9238850126331308,0.3423246247558992,0.3611788678606823,10000,0.014351631084030037,0.01885424310478312,42,human
GATA2,di,0.8598215403820672,0.8922638638492091,0.1997043727279986,0.2289436132013524,9734,0.03244232346714193,0.0292392404733538,55,human
GATA2,mono,0.8598215403820672,0.8826660165204822,0.1997043727279986,0.2141568447943321,9734,0.022844476138415004,0.014452472066333516,55,human
GATA2,mono+di,0.8598215403820672,0.891841197990109,0.1997043727279986,0.231237021865377,9734,0.03201965760804182,0.03153264913737841,55,human
GATA3,di,0.8008362795720226,0.8325261131551972,0.1182923649310322,0.1598798735263435,8900,0.031689833583174565,0.041587508595311296,63,human
GATA3,mono,0.8008362795720226,0.8230241425625755,0.1182923649310322,0.1282289186919074,8900,0.022187862990552865,0.009936553760875183,63,human
GATA3,mono+di,0.8008362795720226,0.8399159938050764,0.1182923649310322,0.1585696776935884,8900,0.039079714233053786,0.040277312762556194,63,human
GCR,di,0.906350032544391,0.9238030919244308,0.4051967733061211,0.4236124190280971,7758,0.017453059380039826,0.018415645721976015,73,human
GCR,mono,0.906350032544391,0.9225627982372134,0.4051967733061211,0.4241372800420016,7758,0.016212765692822484,0.01894050673588049,73,human
GCR,mono+di,0.906350032544391,0.9244181290913688,0.4051967733061211,0.4423663350386808,7758,0.01806809654697783,0.0371695617325597,73,human
HNF4A,di,0.9418555647677528,0.9530429094304296,0.4640210302460877,0.505543845996603,10000,0.01118734466267679,0.04152281575051525,39,human
HNF4A,mono,0.9418555647677528,0.9474504616350437,0.4640210302460877,0.4969069544379864,10000,0.005594896867290866,0.032885924191898674,39,human
HNF4A,mono+di,0.9418555647677528,0.9541429061265524,0.4640210302460877,0.5188465301051339,10000,0.012287341358799608,0.05482549985904622,39,human
IRF1,di,0.810201749573414,0.843542367540888,0.4029052673239492,0.4522832835174747,3280,0.03334061796747401,0.0493780161935255,16,human
IRF1,mono,0.810201749573414,0.83903352693064,0.4029052673239492,0.4421171900913431,3280,0.028831777357226085,0.03921192276739388,16,human
IRF1,mono+di,0.810201749573414,0.8456707093124372,0.4029052673239492,0.464551664654376,3280,0.0354689597390232,0.06164639733042676,16,human
IRF4,di,0.7562861700388561,0.8505385645494532,0.2070114136796756,0.2956468152056145,6960,0.09425239451059708,0.08863540152593888,18,human
IRF4,mono,0.7562861700388561,0.7868414911485484,0.2070114136796756,0.2588999228742596,6960,0.03055532110969228,0.051888509194584015,18,human
IRF4,mono+di,0.7562861700388561,0.8499772605661153,0.2070114136796756,0.3062668361269359,6960,0.09369109052725921,0.0992554224472603,18,human
JUND,di,0.856309952340368,0.86950672584977,0.2419773587678037,0.2658002600815003,10000,0.01319677350940196,0.023822901313696604,50,human
JUND,mono,0.856309952340368,0.8691060428363652,0.2419773587678037,0.2774651942519279,10000,0.01279609049599717,0.03548783548412418,50,human
JUND,mono+di,0.856309952340368,0.8716437441576703,0.2419773587678037,0.2806033325606505,10000,0.015333791817302322,0.038625973792846796,50,human
MAFK,di,0.8082991042005165,0.8612583991287951,0.2708518446371086,0.4184807127834289,2458,0.052959294928278555,0.1476288681463203,9,human
MAFK,mono,0.8082991042005165,0.8414545622382786,0.2708518446371086,0.3647132928523769,2458,0.0331554580377621,0.09386144821526832,9,human
MAFK,mono+di,0.8082991042005165,0.856291812744319,0.2708518446371086,0.4506117505877064,2458,0.04799270854380244,0.17975990595059782,9,human
MAX,di,0.8892363480838157,0.9104697124119432,0.4490968831687416,0.5389718307301644,10000,0.021233364328127502,0.08987494756142284,63,human
MAX,mono,0.8892363480838157,0.9117384762989524,0.4490968831687416,0.5247328890598698,10000,0.022502128215136752,0.07563600589112823,63,human
MAX,mono+di,0.8892363480838157,0.9142425133433256,0.4490968831687416,0.5366390199565039,10000,0.025006165259509938,0.08754213678776229,63,human
MYC,di,0.8924913912407535,0.9132151014637816,0.5366777692136409,0.6284672302167095,10000,0.020723710223028102,0.09178946100306862,165,human
MYC,mono,0.8924913912407535,0.9106959332946122,0.5366777692136409,0.6172295425519992,10000,0.018204542053858686,0.08055177333835839,165,human
MYC,mono+di,0.8924913912407535,0.914264906524805,0.5366777692136409,0.6271401669598297,10000,0.02177351528405147,0.0904623977461888,165,human
P53,di,0.8879167284958204,0.9249831000313268,0.3409618674656071,0.6067763320430486,662,0.037066371535506404,0.2658144645774415,74,human
P53,mono,0.8879167284958204,0.9201536248371832,0.3409618674656071,0.5827622725633951,662,0.03223689634136284,0.241800405097788,74,human
P53,mono+di,0.8879167284958204,0.9315040147730456,0.3409618674656071,0.5963734109923791,662,0.04358728627722519,0.255411543526772,74,human
PPARG,di,0.8865259459192376,0.9001098278225931,0.2675307260896575,0.2850649429108616,5435,0.013583881903355466,0.017534216821204096,28,human
PPARG,mono,0.8865259459192376,0.888859291705616,0.2675307260896575,0.2683247016690748,5435,0.002333345786378338,0.0007939755794172942,28,human
PPARG,mono+di,0.8865259459192376,0.900474086083749,0.2675307260896575,0.2887501064902884,5435,0.013948140164511402,0.021219380400630927,28,human
PRGR,di,0.8254313139152666,0.8588048986486486,0.0597721768482232,0.0671589660325678,1260,0.03337358473338203,0.007386789184344593,28,human
PRGR,mono,0.8254313139152666,0.8560635614499635,0.0597721768482232,0.0736746463669106,1260,0.030632247534696955,0.013902469518687392,28,human
PRGR,mono+di,0.8254313139152666,0.8617325031957633,0.0597721768482232,0.0685130025809709,1260,0.03630118928049675,0.008740825732747697,28,human
REST,di,0.9780809275327595,0.9918359403021412,0.9309415356973774,0.9741876059639532,10000,0.013755012769381625,0.04324607026657579,106,human
REST,mono,0.9780809275327595,0.991081265012979,0.9309415356973774,0.975986939871784,10000,0.013000337480219448,0.04504540417440661,106,human
REST,mono+di,0.9780809275327595,0.9939372283640574,0.9309415356973774,0.9820627754226504,10000,0.015856300831297854,0.05112123972527305,106,human
RUNX1,di,0.8704972544023477,0.8937938517961774,0.1692612746452017,0.1977324628996714,10000,0.02329659739382972,0.028471188254469704,59,human
RUNX1,mono,0.8704972544023477,0.886496175800407,0.1692612746452017,0.1988698254254497,10000,0.01599892139805925,0.029608550780248016,59,human
RUNX1,mono+di,0.8704972544023477,0.8932102257376229,0.1692612746452017,0.2043530969261689,10000,0.022712971335275167,0.035091822280967216,59,human
RXRA,di,0.7474783442899975,0.8009051748015471,0.0918692404488633,0.0906804660629875,3918,0.05342683051154962,-0.0011887743858757932,13,human
RXRA,mono,0.7474783442899975,0.8273571258901483,0.0918692404488633,0.0939999599032111,3918,0.07987878160015083,0.0021307194543477986,13,human
RXRA,mono+di,0.7474783442899975,0.8265233415394582,0.0918692404488633,0.098986180919534,3918,0.07904499724946068,0.007116940470670699,13,human
SOX2,di,0.8497995234641386,0.8763681486062257,0.0909944296232043,0.1536016995377815,6374,0.026568625142087132,0.0626072699145772,46,human
SOX2,mono,0.8497995234641386,0.8664159442022779,0.0909944296232043,0.1440688142350183,6374,0.016616420738139293,0.053074384611814004,46,human
SOX2,mono+di,0.8497995234641386,0.8736508022192708,0.0909944296232043,0.155455398214779,6374,0.023851278755132266,0.0644609685915747,46,human
SPI1,di,0.937466751383131,0.9615107173699166,0.5520927910784146,0.6710367368392549,10000,0.024043965986785598,0.11894394576084033,63,human
SPI1,mono,0.937466751383131,0.9565736831879258,0.5520927910784146,0.6446136807122166,10000,0.019106931804794836,0.092520889633802,63,human
SPI1,mono+di,0.937466751383131,0.9613282906066762,0.5520927910784146,0.6718809357747036,10000,0.02386153922354528,0.11978814469628907,63,human
SRF,di,0.7726668020245329,0.8629741222913196,0.2687609775103451,0.367987278447453,8305,0.09030732026678678,0.09922630093710788,25,human
SRF,mono,0.7726668020245329,0.8466955999908555,0.2687609775103451,0.3432395037311563,8305,0.07402879796632267,0.07447852622081119,25,human
SRF,mono+di,0.7726668020245329,0.8709546882835139,0.2687609775103451,0.3809764331381778,8305,0.098287886258981,0.1122154556278327,25,human
STA5A,di,0.7460946159420667,0.7801585621657882,0.0614708162349829,0.1025444249449707,2550,0.03406394622372144,0.041073608709987795,14,human
STA5A,mono,0.7460946159420667,0.7687461875739676,0.0614708162349829,0.0886947034649374,2550,0.022651571631900902,0.027223887229954495,14,human
STA5A,mono+di,0.7460946159420667,0.7739067395871893,0.0614708162349829,0.0969896792113291,2550,0.027812123645122533,0.035518862976346204,14,human
STAT1,di,0.9131343828630952,0.9412417152689604,0.3650866780206495,0.4146258789770343,4588,0.02810733240586516,0.04953920095638481,17,human
STAT1,mono,0.9131343828630952,0.9354761187401384,0.3650866780206495,0.3767700934572675,4588,0.022341735877043134,0.011683415436617994,17,human
STAT1,mono+di,0.9131343828630952,0.9392194359899804,0.3650866780206495,0.4141461655725075,4588,0.026085053126885138,0.049059487551858016,17,human
STAT3,di,0.8206153259422361,0.8372217581887952,0.0867213075782189,0.0838369824499521,3000,0.01660643224655911,-0.002884325128266807,5,human
STAT3,mono,0.8206153259422361,0.8307686507715627,0.0867213075782189,0.090503959034064,3000,0.010153324829326626,0.0037826514558450958,5,human
STAT3,mono+di,0.8206153259422361,0.8360525756387791,0.0867213075782189,0.0880935838760988,3000,0.015437249696543032,0.001372276297879893,5,human
TAL1,di,0.8432209564450065,0.8642076192253167,0.1311232420184406,0.1491818770952849,7020,0.02098666278031025,0.018058635076844298,30,human
TAL1,mono,0.8432209564450065,0.8776282269978318,0.1311232420184406,0.1490939466832944,7020,0.03440727055282533,0.017970704664853787,30,human
TAL1,mono+di,0.8432209564450065,0.8901345793122387,0.1311232420184406,0.162975518898572,7020,0.04691362286723222,0.0318522768801314,30,human
TF65,di,0.8011993074350411,0.8405399335164693,0.1492994309925082,0.1998579088739848,2008,0.03934062608142819,0.050558477881476604,108,human
TF65,mono,0.8011993074350411,0.822662931429982,0.1492994309925082,0.1901553740017418,2008,0.02146362399494095,0.04085594300923359,108,human
TF65,mono+di,0.8011993074350411,0.8383667911495067,0.1492994309925082,0.20497667957781,2008,0.037167483714465654,0.05567724858530179,108,human
TFE2,di,0.7323898784896467,0.7651601018467231,0.0332127817064429,0.0551976371735438,1939,0.03277022335707647,0.021984855467100897,8,human
TFE2,mono,0.7323898784896467,0.7740853238333042,0.0332127817064429,0.0542851450399204,1939,0.041695445343657545,0.0210723633334775,8,human
TFE2,mono+di,0.7323898784896467,0.777674810708414,0.0332127817064429,0.0590028536751612,1939,0.04528493221876739,0.025790071968718298,8,human
USF2,di,0.9759833901717891,0.9797176677416004,0.6224121685542722,0.6687197409323652,6522,0.003734277569811262,0.04630757237809302,18,human
USF2,mono,0.9759833901717891,0.9784827704228872,0.6224121685542722,0.646283687968062,6522,0.0024993802510980823,0.023871519413789843,18,human
USF2,mono+di,0.9759833901717891,0.9800634011956058,0.6224121685542722,0.6691623613950194,6522,0.00408001102381661,0.04675019284074722,18,human
