TF,human_train_n_pos,human_train_n_neg,human_train_pos_GC_pct,human_train_neg_GC_pct,human_train_pos_modelinput_GC_pct,human_train_neg_modelinput_GC_pct,human_test_n_pos,human_test_n_neg,human_test_pos_GC_pct,human_test_neg_GC_pct,human_test_pos_modelinput_GC_pct,human_test_neg_modelinput_GC_pct,mouse_train_n_pos,mouse_train_n_neg,mouse_train_pos_GC_pct,mouse_train_neg_GC_pct,mouse_train_pos_modelinput_GC_pct,mouse_train_neg_modelinput_GC_pct,mouse_test_n_pos,mouse_test_n_neg,mouse_test_pos_GC_pct,mouse_test_neg_GC_pct,mouse_test_pos_modelinput_GC_pct,mouse_test_neg_modelinput_GC_pct
ANDR,10000,179047,43.8764,49.9047,39.7725,45.7296,7186,66291,43.5815,52.3600,39.1572,48.3224,10000,257630,47.7384,49.4708,47.7337,49.4686,4746,125003,47.9324,49.2202,47.9324,49.2184
AP2A,2406,212429,52.1194,51.5454,48.2776,47.5032,636,62935,52.3669,52.3392,48.2977,48.3368,5646,253997,59.0162,53.6289,59.0162,53.6286,1334,86392,58.9560,54.9314,58.9560,54.9309
CEBPB,10000,204971,47.0759,51.5221,42.0312,47.4896,2068,78296,47.6235,51.5363,42.1489,47.5343,10000,303252,47.4647,50.6930,47.4614,50.6906,10000,144452,47.5728,50.1566,47.5685,50.1556
COE1,3924,211595,51.8019,50.7290,47.8398,46.6840,794,66949,52.1948,51.9291,48.4341,47.9491,10000,323356,52.4875,50.7167,52.4818,50.7151,4446,159928,52.3020,50.2758,52.3020,50.2744
CTCF,10000,221291,55.8640,50.5666,52.4248,46.4394,10000,71577,54.6368,51.7619,51.5137,47.6301,10000,321205,53.4273,50.7553,53.4240,50.7539,10000,156911,53.3639,49.9969,53.3626,49.9956
E2F4,2686,118552,62.9567,58.7068,60.4582,54.9319,594,40296,63.2267,60.8955,60.5544,57.3337,5636,194299,60.9878,55.1437,60.9878,55.1434,1250,58263,61.7221,57.2880,61.7221,57.2876
ERG,6048,211725,47.0354,50.8959,43.1661,46.9170,1621,77799,46.5425,51.4328,42.4466,47.4584,7106,246659,60.2491,52.1146,60.2480,52.1129,1458,67844,60.4929,54.7402,60.4929,54.7394
ESR1,10000,190768,52.7536,51.3885,48.6570,47.2647,6953,69393,51.4636,53.1378,47.3722,49.1338,10000,277541,50.3650,50.8642,50.3647,50.8621,3796,130776,50.5230,50.3813,50.5230,50.3799
FLI1,1346,104762,58.8162,57.6655,55.7608,53.9987,256,25400,58.3568,58.3183,55.3229,54.7277,10000,294746,58.1313,50.7195,58.1216,50.7174,3449,133553,58.6230,51.0176,58.6201,51.0167
GATA1,10000,209539,48.5553,51.1506,44.7494,47.0539,3740,79049,48.5260,51.7653,44.7166,47.7017,10000,304582,49.9885,50.0520,49.9868,50.0493,8480,153894,50.6327,50.0107,50.6327,50.0093
GATA2,9734,208988,48.0046,51.0470,44.0954,46.9538,2475,76999,48.1205,51.3885,43.9939,47.2953,8367,307936,49.8304,50.3182,49.8296,50.3167,1921,141845,50.4433,50.2801,50.4433,50.2788
GATA3,8900,190518,43.4804,49.2616,39.2509,45.0821,2046,67918,43.9606,49.0750,39.7263,44.8356,10000,306679,47.3320,50.2125,47.3289,50.2100,5144,153635,48.1044,49.9598,48.0982,49.9584
GCR,7758,176233,45.1327,49.5658,41.4720,45.3787,1800,53602,44.3778,48.9026,40.1022,44.6499,10000,259670,47.5830,49.5776,47.5785,49.5753,6532,124682,47.5782,49.1078,47.5782,49.1059
HNF4A,10000,191495,49.8533,51.4475,45.6865,47.3267,1914,66133,50.5441,52.4193,46.6862,48.4103,10000,274076,49.9942,50.5872,49.9917,50.5854,3048,129010,50.0560,49.8353,50.0560,49.8335
IRF1,3280,208371,48.1184,50.6560,41.1553,46.6660,765,60114,46.5038,48.9935,38.1664,44.8639,5055,290491,46.3324,49.9394,46.3324,49.9370,1066,95372,46.7539,47.8325,46.7539,47.8304
IRF4,6960,198867,47.3899,49.6989,42.6032,45.6858,1518,66547,47.3127,49.2548,42.3439,45.1859,10000,303157,49.7922,50.4122,49.7904,50.4101,2628,149930,49.1078,49.8149,49.1078,49.8134
JUND,10000,203429,43.7357,51.3474,39.6555,47.3083,2459,78632,44.5731,51.6737,40.3450,47.6615,8648,307885,48.0025,51.0151,48.0010,51.0127,1968,137914,48.5871,49.6737,48.5871,49.6727
MAFK,2458,169047,45.4288,48.3073,41.2666,44.1455,468,39721,45.5456,47.6021,41.6595,43.3468,4190,237591,45.0665,47.7560,45.0665,47.7529,952,84069,45.3845,46.6029,45.3845,46.6012
MAX,10000,168942,63.7089,51.7619,60.3944,47.6781,5456,68239,63.2375,51.0493,59.9684,46.9066,5542,211697,59.7001,52.9537,59.7001,52.9532,1108,63716,59.7130,54.4916,59.7130,54.4914
MYC,10000,141491,65.4119,53.4401,62.2800,49.4096,8356,65299,64.9129,51.5003,62.0074,47.3853,10000,253557,61.6998,51.5666,61.6994,51.5658,2423,94890,61.4819,52.8479,61.4819,52.8467
P53,662,61847,42.4315,43.1967,30.3635,38.7517,240,20217,42.3639,43.6588,23.1639,39.1177,2144,213500,48.3464,48.3624,48.3450,48.3611,525,52362,48.4279,48.3599,48.4279,48.3583
PPARG,5435,168455,46.5827,48.7601,42.8100,44.5303,1390,53727,46.9532,48.9847,43.4417,44.7494,10000,266327,48.4019,50.0132,48.3994,50.0109,8582,130844,48.4101,49.9788,48.4077,49.9770
PRGR,1260,119372,49.0762,48.9610,45.9087,44.7257,296,29600,48.5597,48.5515,45.0315,44.3316,3316,228156,46.8642,48.1940,46.8642,48.1931,668,65499,46.5724,46.6711,46.5724,46.6690
REST,10000,220885,53.5395,50.6183,49.5475,46.4956,9453,71167,53.1225,51.8386,48.8447,47.7216,10000,322716,52.8619,50.6594,52.8541,50.6574,2557,139023,52.7991,50.9485,52.7991,50.9472
RUNX1,10000,228978,50.2245,50.7083,45.7271,46.6359,2554,81590,50.5901,51.0467,46.3335,46.9921,10000,335096,53.1057,50.6707,53.1046,50.6687,4504,164056,52.5297,50.2397,52.5249,50.2385
RXRA,3918,187701,52.2036,51.7075,48.2930,47.6152,786,60127,52.2659,52.5194,48.3418,48.4596,10000,274364,49.2183,50.5865,49.2150,50.5841,8914,133824,49.3042,50.4400,49.3042,50.4383
SOX2,6374,232730,47.6667,50.8031,43.6299,46.7175,1382,82035,48.7057,50.9644,44.4158,46.8613,10000,326637,46.6044,50.3333,46.6037,50.3311,6356,163057,46.6622,50.1460,46.6603,50.1445
SPI1,10000,212407,51.4508,50.9810,46.2613,47.0038,2968,82391,51.5719,52.2609,46.5654,48.3358,10000,302996,49.3303,50.4010,49.3278,50.3988,10000,151856,49.9132,49.9024,49.9121,49.9009
SRF,8305,232783,54.8724,50.7827,50.5697,46.6994,1939,87394,54.8188,52.4978,50.2149,48.5036,2084,183398,56.3001,55.1741,56.3001,55.1736,558,50797,57.2843,56.5093,57.2843,56.5087
STA5A,2550,220867,50.2634,50.6179,46.2925,46.5583,550,52311,50.0012,50.2422,45.3788,46.1966,10000,299632,46.8591,49.9680,46.8570,49.9654,9620,154756,46.9097,50.1792,46.9097,50.1777
STAT1,4588,225764,50.5654,51.0512,45.5248,47.0062,1075,74254,48.4400,50.3029,42.4943,46.2462,10000,314106,47.7690,50.7904,47.7665,50.7880,2778,150183,47.4706,49.9219,47.4706,49.9203
STAT3,3000,226482,49.8410,50.6418,45.9040,46.5696,842,71905,49.0348,50.1815,45.0550,46.1032,10000,314538,51.8960,50.9141,51.8940,50.9120,2185,148920,52.5035,50.8405,52.4990,50.8392
TAL1,7020,201246,49.2336,49.0857,45.2442,44.8942,1682,68559,49.2905,49.3582,45.3387,45.1320,10000,287475,49.9606,49.4243,49.9577,49.4219,2765,143373,50.6338,49.7895,50.6338,49.7880
TF65,2008,144549,59.2563,56.6740,55.3889,52.8439,428,41455,57.7897,57.6922,53.7874,53.9884,10000,325259,49.0816,50.7126,49.0808,50.7103,2556,161287,49.4613,49.9263,49.4613,49.9247
TFE2,1939,128577,59.3151,54.1845,54.9653,50.1962,428,36074,57.5732,54.6756,53.6262,50.6743,10000,286775,54.3332,50.3481,54.3294,50.3462,5578,143178,54.3408,50.2173,54.3388,50.2160
USF2,6522,157856,61.5981,52.5130,58.3456,48.4634,1266,50994,60.9379,53.7479,57.4997,49.7366,4260,254457,56.7213,51.4675,56.7213,51.4660,884,68054,55.6410,52.4797,55.6410,52.4791
