TF,species,datasets_table1,model_files_selected,model_files_p10,datasets_p10,datasets_p10_in_table1,interval_missing,peaks_top1000,peaks_chromfilter,peaks_after_repeats,peaks_unique
ANDR,MOUSE,13,32,32,16,13,0,31582,31362,31362,14842
AP2A,MOUSE,3,8,8,4,3,0,8000,8000,8000,3975
CEBPB,MOUSE,17,86,86,43,17,0,86000,85348,85348,38240
COE1,MOUSE,5,30,30,15,5,0,30000,29864,29864,14270
CTCF,MOUSE,51,146,146,73,51,0,146000,145746,145746,55896
E2F4,MOUSE,3,8,8,4,3,0,8000,7996,7996,3923
ERG,MOUSE,4,10,10,5,4,0,10000,9760,9760,4822
ESR1,MOUSE,9,22,22,11,9,0,22000,21976,21976,10784
FLI1,MOUSE,3,21,21,11,3,0,21000,20764,20764,10734
GATA1,MOUSE,18,53,53,27,18,0,52714,52263,52263,22278
GATA2,MOUSE,11,29,12,10,7,0,12000,11887,11887,9664
GATA3,MOUSE,4,36,36,18,4,0,35902,35742,35742,16734
GCR,MOUSE,5,41,41,24,5,0,41000,40750,40750,22773
HNF4A,MOUSE,4,20,20,10,4,0,20000,19898,19898,9800
IRF1,MOUSE,4,13,7,6,4,0,7000,6983,6983,5931
IRF4,MOUSE,3,16,16,8,3,0,16000,15980,15980,7652
JUND,MOUSE,5,12,12,6,5,0,12000,11894,11894,5925
MAFK,MOUSE,3,6,6,3,3,0,6000,5998,5998,2954
MAX,MOUSE,4,8,8,4,4,0,8000,7996,7996,3981
MYC,MOUSE,6,51,17,11,2,0,17000,16968,16968,10867
P53,MOUSE,4,14,3,2,0,0,3000,2994,2994,1974
PPARG,MOUSE,10,52,52,32,10,0,52000,51434,51434,30101
PRGR,MOUSE,3,5,5,3,3,0,4512,4476,4476,2711
REST,MOUSE,5,19,19,10,5,0,18504,18322,18322,8917
RUNX1,MOUSE,8,28,28,15,8,0,26954,26789,26789,14240
RXRA,MOUSE,9,53,53,30,9,0,52531,52168,52168,27777
SOX2,MOUSE,12,40,40,26,12,0,40000,39787,39787,25164
SPI1,MOUSE,18,132,132,66,18,0,132000,131788,131788,52876
SRF,MOUSE,3,5,3,2,2,0,3000,2994,2994,1991
STA5A,MOUSE,11,60,60,33,11,0,60000,59684,59684,30704
STAT1,MOUSE,3,29,17,14,3,0,17000,16879,16879,13493
STAT3,MOUSE,4,15,15,12,4,0,15000,14948,14948,11544
TAL1,MOUSE,9,17,17,17,9,0,17000,16929,16929,14390
TF65,MOUSE,10,31,19,14,9,0,19000,18986,18986,13715
TFE2,MOUSE,3,38,38,19,3,0,35586,35498,35498,17243
USF2,MOUSE,3,6,6,3,3,0,6000,5978,5978,2926
