TF,GTRD peak set ID,GTRD experiment ID,Species,TFClass ID,GTRD control experiment ID,UniProt entry name,UniProt accession,GEM peaks (GTRD peak calls),UniProt short name
ANDR,PEAKS033090,EXP000650,Homo sapiens,2.1.1.1.4,EXP000656,ANDR_HUMAN,P10275,23437,ANDR
ANDR,PEAKS033248,EXP000695,Homo sapiens,2.1.1.1.4,EXP000693,ANDR_HUMAN,P10275,20803,ANDR
ANDR,PEAKS033252,EXP000408,Homo sapiens,2.1.1.1.4,EXP000411,ANDR_HUMAN,P10275,1490,ANDR
ANDR,PEAKS033253,EXP000409,Homo sapiens,2.1.1.1.4,EXP000411,ANDR_HUMAN,P10275,54491,ANDR
ANDR,PEAKS033320,EXP000407,Homo sapiens,2.1.1.1.4,EXP000410,ANDR_HUMAN,P10275,7836,ANDR
ANDR,PEAKS033413,EXP000694,Homo sapiens,2.1.1.1.4,EXP000693,ANDR_HUMAN,P10275,12722,ANDR
ANDR,PEAKS034497,EXP030500,Homo sapiens,2.1.1.1.4,EXP030492,ANDR_HUMAN,P10275,9700,ANDR
ANDR,PEAKS034498,EXP030501,Homo sapiens,2.1.1.1.4,EXP030492,ANDR_HUMAN,P10275,17294,ANDR
ANDR,PEAKS034501,EXP030504,Homo sapiens,2.1.1.1.4,EXP030492,ANDR_HUMAN,P10275,12731,ANDR
ANDR,PEAKS034502,EXP030505,Homo sapiens,2.1.1.1.4,EXP030492,ANDR_HUMAN,P10275,3341,ANDR
ANDR,PEAKS034503,EXP030506,Homo sapiens,2.1.1.1.4,EXP030492,ANDR_HUMAN,P10275,1323,ANDR
ANDR,PEAKS034532,EXP030610,Homo sapiens,2.1.1.1.4,EXP030606,ANDR_HUMAN,P10275,293,ANDR
ANDR,PEAKS034534,EXP030612,Homo sapiens,2.1.1.1.4,EXP030606,ANDR_HUMAN,P10275,494,ANDR
ANDR,PEAKS034538,EXP030616,Homo sapiens,2.1.1.1.4,EXP030606,ANDR_HUMAN,P10275,1175,ANDR
ANDR,PEAKS034588,EXP030740,Homo sapiens,2.1.1.1.4,EXP030731,ANDR_HUMAN,P10275,8870,ANDR
ANDR,PEAKS034589,EXP030741,Homo sapiens,2.1.1.1.4,EXP030732,ANDR_HUMAN,P10275,7437,ANDR
ANDR,PEAKS034702,EXP031121,Homo sapiens,2.1.1.1.4,EXP031119,ANDR_HUMAN,P10275,19466,ANDR
ANDR,PEAKS034704,EXP031123,Homo sapiens,2.1.1.1.4,EXP031119,ANDR_HUMAN,P10275,35534,ANDR
ANDR,PEAKS034705,EXP031124,Homo sapiens,2.1.1.1.4,EXP031119,ANDR_HUMAN,P10275,16633,ANDR
ANDR,PEAKS034706,EXP031125,Homo sapiens,2.1.1.1.4,EXP031119,ANDR_HUMAN,P10275,39150,ANDR
ANDR,PEAKS034707,EXP031126,Homo sapiens,2.1.1.1.4,EXP031119,ANDR_HUMAN,P10275,24086,ANDR
ANDR,PEAKS034708,EXP031127,Homo sapiens,2.1.1.1.4,EXP031119,ANDR_HUMAN,P10275,28131,ANDR
ANDR,PEAKS034941,EXP032115,Homo sapiens,2.1.1.1.4,EXP032113,ANDR_HUMAN,P10275,948,ANDR
ANDR,PEAKS035021,EXP032514,Homo sapiens,2.1.1.1.4,EXP032510,ANDR_HUMAN,P10275,557,ANDR
ANDR,PEAKS035022,EXP032515,Homo sapiens,2.1.1.1.4,EXP032510,ANDR_HUMAN,P10275,10371,ANDR
ANDR,PEAKS035023,EXP032516,Homo sapiens,2.1.1.1.4,EXP032510,ANDR_HUMAN,P10275,16718,ANDR
ANDR,PEAKS035072,EXP032677,Homo sapiens,2.1.1.1.4,EXP032676,ANDR_HUMAN,P10275,22456,ANDR
ANDR,PEAKS035073,EXP032678,Homo sapiens,2.1.1.1.4,EXP032676,ANDR_HUMAN,P10275,25773,ANDR
ANDR,PEAKS035082,EXP032687,Homo sapiens,2.1.1.1.4,EXP032676,ANDR_HUMAN,P10275,38704,ANDR
ANDR,PEAKS035084,EXP032689,Homo sapiens,2.1.1.1.4,EXP032676,ANDR_HUMAN,P10275,226,ANDR
ANDR,PEAKS035121,EXP032855,Homo sapiens,2.1.1.1.4,EXP032852,ANDR_HUMAN,P10275,5575,ANDR
AP2A,PEAKS033699,EXP010503,Homo sapiens,1.3.1.0.1,EXP010027,AP2A_HUMAN,P05549,21167,AP2A
AP2A,PEAKS034171,EXP030104,Homo sapiens,1.3.1.0.1,EXP030000,AP2A_HUMAN,P05549,1180,AP2A
CEBPB,PEAKS033668,EXP010455,Homo sapiens,1.1.8.1.2,EXP010368,CEBPB_HUMAN,P17676,41663,CEBPB
CEBPB,PEAKS033863,EXP010975,Homo sapiens,1.1.8.1.2,EXP010856,CEBPB_HUMAN,P17676,16333,CEBPB
CEBPB,PEAKS033895,EXP011020,Homo sapiens,1.1.8.1.2,EXP010782,CEBPB_HUMAN,P17676,35242,CEBPB
CEBPB,PEAKS033901,EXP011029,Homo sapiens,1.1.8.1.2,EXP010868,CEBPB_HUMAN,P17676,21788,CEBPB
CEBPB,PEAKS033914,EXP011044,Homo sapiens,1.1.8.1.2,EXP010899,CEBPB_HUMAN,P17676,10017,CEBPB
CEBPB,PEAKS033916,EXP011046,Homo sapiens,1.1.8.1.2,EXP010900,CEBPB_HUMAN,P17676,8724,CEBPB
CEBPB,PEAKS033926,EXP011059,Homo sapiens,1.1.8.1.2,EXP010824,CEBPB_HUMAN,P17676,14791,CEBPB
CEBPB,PEAKS034240,EXP030173,Homo sapiens,1.1.8.1.2,EXP030000,CEBPB_HUMAN,P17676,5562,CEBPB
CEBPB,PEAKS034573,EXP030702,Homo sapiens,1.1.8.1.2,EXP030700,CEBPB_HUMAN,P17676,241,CEBPB
COE1,PEAKS033488,EXP010132,Homo sapiens,6.1.5.0.1,EXP010122,COE1_HUMAN,Q9UH73,44013,COE1
COE1,PEAKS033671,EXP010459,Homo sapiens,6.1.5.0.1,EXP010581,COE1_HUMAN,Q9UH73,36956,COE1
COE1,PEAKS035144,EXP032912,Homo sapiens,6.1.5.0.1,EXP032911,COE1_HUMAN,Q9UH73,7765,COE1
CTCF,PEAKS033166,EXP001025,Homo sapiens,2.3.3.50.1,EXP001019,CTCF_HUMAN,P49711,46136,CTCF
CTCF,PEAKS033196,EXP000552,Homo sapiens,2.3.3.50.1,EXP000554,CTCF_HUMAN,P49711,14049,CTCF
CTCF,PEAKS033197,EXP000551,Homo sapiens,2.3.3.50.1,EXP000554,CTCF_HUMAN,P49711,26915,CTCF
CTCF,PEAKS033210,EXP000910,Homo sapiens,2.3.3.50.1,EXP000917,CTCF_HUMAN,P49711,31612,CTCF
CTCF,PEAKS033254,EXP000909,Homo sapiens,2.3.3.50.1,EXP000916,CTCF_HUMAN,P49711,35998,CTCF
CTCF,PEAKS033257,EXP000453,Homo sapiens,2.3.3.50.1,EXP000454,CTCF_HUMAN,P49711,21909,CTCF
CTCF,PEAKS033258,EXP000908,Homo sapiens,2.3.3.50.1,EXP000915,CTCF_HUMAN,P49711,15375,CTCF
CTCF,PEAKS033259,EXP000451,Homo sapiens,2.3.3.50.1,EXP000452,CTCF_HUMAN,P49711,19295,CTCF
CTCF,PEAKS033303,EXP000811,Homo sapiens,2.3.3.50.1,EXP000807,CTCF_HUMAN,P49711,46373,CTCF
CTCF,PEAKS033304,EXP000810,Homo sapiens,2.3.3.50.1,EXP000807,CTCF_HUMAN,P49711,28034,CTCF
CTCF,PEAKS033416,EXP000808,Homo sapiens,2.3.3.50.1,EXP000807,CTCF_HUMAN,P49711,45715,CTCF
CTCF,PEAKS033417,EXP000809,Homo sapiens,2.3.3.50.1,EXP000807,CTCF_HUMAN,P49711,45894,CTCF
CTCF,PEAKS033465,EXP010089,Homo sapiens,2.3.3.50.1,EXP010555,CTCF_HUMAN,P49711,22709,CTCF
CTCF,PEAKS033474,EXP010414,Homo sapiens,2.3.3.50.1,EXP010845,CTCF_HUMAN,P49711,42531,CTCF
CTCF,PEAKS033497,EXP010154,Homo sapiens,2.3.3.50.1,EXP010801,CTCF_HUMAN,P49711,44122,CTCF
CTCF,PEAKS033524,EXP010197,Homo sapiens,2.3.3.50.1,EXP010790,CTCF_HUMAN,P49711,63063,CTCF
CTCF,PEAKS033529,EXP010203,Homo sapiens,2.3.3.50.1,EXP010877,CTCF_HUMAN,P49711,52440,CTCF
CTCF,PEAKS033565,EXP010272,Homo sapiens,2.3.3.50.1,EXP010819,CTCF_HUMAN,P49711,48349,CTCF
CTCF,PEAKS033579,EXP010302,Homo sapiens,2.3.3.50.1,EXP010130,CTCF_HUMAN,P49711,43128,CTCF
CTCF,PEAKS033602,EXP010335,Homo sapiens,2.3.3.50.1,EXP010718,CTCF_HUMAN,P49711,62114,CTCF
CTCF,PEAKS033607,EXP010343,Homo sapiens,2.3.3.50.1,EXP010573,CTCF_HUMAN,P49711,45674,CTCF
CTCF,PEAKS033641,EXP010410,Homo sapiens,2.3.3.50.1,EXP010676,CTCF_HUMAN,P49711,31438,CTCF
CTCF,PEAKS033664,EXP010451,Homo sapiens,2.3.3.50.1,EXP010656,CTCF_HUMAN,P49711,53417,CTCF
CTCF,PEAKS033682,EXP010478,Homo sapiens,2.3.3.50.1,EXP010908,CTCF_HUMAN,P49711,52357,CTCF
CTCF,PEAKS033702,EXP010514,Homo sapiens,2.3.3.50.1,EXP010512,CTCF_HUMAN,P49711,50835,CTCF
CTCF,PEAKS033713,EXP010543,Homo sapiens,2.3.3.50.1,EXP010103,CTCF_HUMAN,P49711,39325,CTCF
CTCF,PEAKS033777,EXP010664,Homo sapiens,2.3.3.50.1,EXP010601,CTCF_HUMAN,P49711,17586,CTCF
CTCF,PEAKS033783,EXP010679,Homo sapiens,2.3.3.50.1,EXP010808,CTCF_HUMAN,P49711,34778,CTCF
CTCF,PEAKS033788,EXP010692,Homo sapiens,2.3.3.50.1,EXP010113,CTCF_HUMAN,P49711,53315,CTCF
CTCF,PEAKS033813,EXP010740,Homo sapiens,2.3.3.50.1,EXP010730,CTCF_HUMAN,P49711,49927,CTCF
CTCF,PEAKS033829,EXP010768,Homo sapiens,2.3.3.50.1,EXP010787,CTCF_HUMAN,P49711,32124,CTCF
CTCF,PEAKS033842,EXP010948,Homo sapiens,2.3.3.50.1,EXP010813,CTCF_HUMAN,P49711,35380,CTCF
CTCF,PEAKS033848,EXP010955,Homo sapiens,2.3.3.50.1,EXP010831,CTCF_HUMAN,P49711,63207,CTCF
CTCF,PEAKS033860,EXP010971,Homo sapiens,2.3.3.50.1,EXP010810,CTCF_HUMAN,P49711,47999,CTCF
CTCF,PEAKS033887,EXP011006,Homo sapiens,2.3.3.50.1,EXP010926,CTCF_HUMAN,P49711,45734,CTCF
CTCF,PEAKS033907,EXP011037,Homo sapiens,2.3.3.50.1,EXP010899,CTCF_HUMAN,P49711,42898,CTCF
CTCF,PEAKS033908,EXP011038,Homo sapiens,2.3.3.50.1,EXP010900,CTCF_HUMAN,P49711,23656,CTCF
CTCF,PEAKS033915,EXP011045,Homo sapiens,2.3.3.50.1,EXP010878,CTCF_HUMAN,P49711,30905,CTCF
CTCF,PEAKS033951,EXP011090,Homo sapiens,2.3.3.50.1,EXP010818,CTCF_HUMAN,P49711,36945,CTCF
CTCF,PEAKS033955,EXP011096,Homo sapiens,2.3.3.50.1,EXP010796,CTCF_HUMAN,P49711,49159,CTCF
CTCF,PEAKS033977,EXP011125,Homo sapiens,2.3.3.50.1,EXP010886,CTCF_HUMAN,P49711,44358,CTCF
CTCF,PEAKS034015,EXP011168,Homo sapiens,2.3.3.50.1,EXP010926,CTCF_HUMAN,P49711,35845,CTCF
CTCF,PEAKS034031,EXP011188,Homo sapiens,2.3.3.50.1,EXP010895,CTCF_HUMAN,P49711,51357,CTCF
CTCF,PEAKS034036,EXP011196,Homo sapiens,2.3.3.50.1,EXP010906,CTCF_HUMAN,P49711,42739,CTCF
CTCF,PEAKS034038,EXP011198,Homo sapiens,2.3.3.50.1,EXP010932,CTCF_HUMAN,P49711,46184,CTCF
CTCF,PEAKS034456,EXP030398,Homo sapiens,2.3.3.50.1,EXP030389,CTCF_HUMAN,P49711,40508,CTCF
CTCF,PEAKS034459,EXP030401,Homo sapiens,2.3.3.50.1,EXP030392,CTCF_HUMAN,P49711,42526,CTCF
CTCF,PEAKS034461,EXP030403,Homo sapiens,2.3.3.50.1,EXP030394,CTCF_HUMAN,P49711,45469,CTCF
CTCF,PEAKS034463,EXP030405,Homo sapiens,2.3.3.50.1,EXP030396,CTCF_HUMAN,P49711,58460,CTCF
CTCF,PEAKS034527,EXP030555,Homo sapiens,2.3.3.50.1,EXP030554,CTCF_HUMAN,P49711,56106,CTCF
CTCF,PEAKS034550,EXP030654,Homo sapiens,2.3.3.50.1,EXP030648,CTCF_HUMAN,P49711,51330,CTCF
CTCF,PEAKS034557,EXP030661,Homo sapiens,2.3.3.50.1,EXP030651,CTCF_HUMAN,P49711,22343,CTCF
CTCF,PEAKS034660,EXP030931,Homo sapiens,2.3.3.50.1,EXP030925,CTCF_HUMAN,P49711,37664,CTCF
CTCF,PEAKS034839,EXP031734,Homo sapiens,2.3.3.50.1,EXP031732,CTCF_HUMAN,P49711,17339,CTCF
CTCF,PEAKS034840,EXP031735,Homo sapiens,2.3.3.50.1,EXP031733,CTCF_HUMAN,P49711,11423,CTCF
CTCF,PEAKS034870,EXP031863,Homo sapiens,2.3.3.50.1,EXP031858,CTCF_HUMAN,P49711,42925,CTCF
CTCF,PEAKS035146,EXP032934,Homo sapiens,2.3.3.50.1,EXP032933,CTCF_HUMAN,P49711,33151,CTCF
E2F4,PEAKS033080,EXP000202,Homo sapiens,3.3.2.1.4,EXP000203,E2F4_HUMAN,Q16254,1325,E2F4
E2F4,PEAKS033317,EXP000564,Homo sapiens,3.3.2.1.4,EXP000567,E2F4_HUMAN,Q16254,6183,E2F4
E2F4,PEAKS033667,EXP010454,Homo sapiens,3.3.2.1.4,EXP010027,E2F4_HUMAN,Q16254,1965,E2F4
E2F4,PEAKS033810,EXP010736,Homo sapiens,3.3.2.1.4,EXP010823,E2F4_HUMAN,Q16254,14998,E2F4
ERG,PEAKS033227,EXP000432,Homo sapiens,3.5.2.1.6,EXP000429,ERG_HUMAN,P11308,254,ERG
ERG,PEAKS034771,EXP031477,Homo sapiens,3.5.2.1.6,EXP031476,ERG_HUMAN,P11308,6925,ERG
ERG,PEAKS034896,EXP031971,Homo sapiens,3.5.2.1.6,EXP031970,ERG_HUMAN,P11308,2120,ERG
ERG,PEAKS035087,EXP032738,Homo sapiens,3.5.2.1.6,EXP032732,ERG_HUMAN,P11308,63,ERG
ERG,PEAKS035088,EXP032739,Homo sapiens,3.5.2.1.6,EXP032733,ERG_HUMAN,P11308,6000,ERG
ERG,PEAKS035089,EXP032740,Homo sapiens,3.5.2.1.6,EXP032733,ERG_HUMAN,P11308,10123,ERG
ESR1,PEAKS033053,EXP000276,Homo sapiens,2.1.1.2.1,EXP000275,ESR1_HUMAN,P03372,1768,ESR1
ESR1,PEAKS033129,EXP000884,Homo sapiens,2.1.1.2.1,EXP000892,ESR1_HUMAN,P03372,3874,ESR1
ESR1,PEAKS033131,EXP000886,Homo sapiens,2.1.1.2.1,EXP000890,ESR1_HUMAN,P03372,1967,ESR1
ESR1,PEAKS033134,EXP000882,Homo sapiens,2.1.1.2.1,EXP000889,ESR1_HUMAN,P03372,15675,ESR1
ESR1,PEAKS033136,EXP000888,Homo sapiens,2.1.1.2.1,EXP000891,ESR1_HUMAN,P03372,2116,ESR1
ESR1,PEAKS033401,EXP000698,Homo sapiens,2.1.1.2.1,EXP000700,ESR1_HUMAN,P03372,2158,ESR1
ESR1,PEAKS033403,EXP000559,Homo sapiens,2.1.1.2.1,EXP000563,ESR1_HUMAN,P03372,2257,ESR1
ESR1,PEAKS033839,EXP010944,Homo sapiens,2.1.1.2.1,EXP010776,ESR1_HUMAN,P03372,3481,ESR1
ESR1,PEAKS033881,EXP010998,Homo sapiens,2.1.1.2.1,EXP010903,ESR1_HUMAN,P03372,13722,ESR1
ESR1,PEAKS033906,EXP011036,Homo sapiens,2.1.1.2.1,EXP010903,ESR1_HUMAN,P03372,10337,ESR1
ESR1,PEAKS033927,EXP011060,Homo sapiens,2.1.1.2.1,EXP010833,ESR1_HUMAN,P03372,3766,ESR1
ESR1,PEAKS033933,EXP011068,Homo sapiens,2.1.1.2.1,EXP010862,ESR1_HUMAN,P03372,12960,ESR1
ESR1,PEAKS033939,EXP011076,Homo sapiens,2.1.1.2.1,EXP010833,ESR1_HUMAN,P03372,13288,ESR1
ESR1,PEAKS033948,EXP011086,Homo sapiens,2.1.1.2.1,EXP010776,ESR1_HUMAN,P03372,6929,ESR1
ESR1,PEAKS033950,EXP011089,Homo sapiens,2.1.1.2.1,EXP010862,ESR1_HUMAN,P03372,6790,ESR1
ESR1,PEAKS033962,EXP011105,Homo sapiens,2.1.1.2.1,EXP010833,ESR1_HUMAN,P03372,13582,ESR1
ESR1,PEAKS033976,EXP011123,Homo sapiens,2.1.1.2.1,EXP010776,ESR1_HUMAN,P03372,16374,ESR1
ESR1,PEAKS034009,EXP011161,Homo sapiens,2.1.1.2.1,EXP010862,ESR1_HUMAN,P03372,5043,ESR1
ESR1,PEAKS034509,EXP030520,Homo sapiens,2.1.1.2.1,EXP030519,ESR1_HUMAN,P03372,396,ESR1
ESR1,PEAKS034510,EXP030521,Homo sapiens,2.1.1.2.1,EXP030519,ESR1_HUMAN,P03372,1501,ESR1
ESR1,PEAKS034511,EXP030522,Homo sapiens,2.1.1.2.1,EXP030519,ESR1_HUMAN,P03372,12502,ESR1
ESR1,PEAKS034512,EXP030523,Homo sapiens,2.1.1.2.1,EXP030519,ESR1_HUMAN,P03372,2612,ESR1
ESR1,PEAKS034513,EXP030524,Homo sapiens,2.1.1.2.1,EXP030519,ESR1_HUMAN,P03372,7332,ESR1
ESR1,PEAKS034514,EXP030525,Homo sapiens,2.1.1.2.1,EXP030519,ESR1_HUMAN,P03372,4281,ESR1
ESR1,PEAKS034515,EXP030526,Homo sapiens,2.1.1.2.1,EXP030519,ESR1_HUMAN,P03372,1318,ESR1
ESR1,PEAKS034516,EXP030527,Homo sapiens,2.1.1.2.1,EXP030519,ESR1_HUMAN,P03372,727,ESR1
ESR1,PEAKS034517,EXP030528,Homo sapiens,2.1.1.2.1,EXP030519,ESR1_HUMAN,P03372,4134,ESR1
ESR1,PEAKS034518,EXP030529,Homo sapiens,2.1.1.2.1,EXP030519,ESR1_HUMAN,P03372,9732,ESR1
ESR1,PEAKS034519,EXP030530,Homo sapiens,2.1.1.2.1,EXP030519,ESR1_HUMAN,P03372,949,ESR1
ESR1,PEAKS034520,EXP030531,Homo sapiens,2.1.1.2.1,EXP030519,ESR1_HUMAN,P03372,731,ESR1
ESR1,PEAKS034592,EXP030746,Homo sapiens,2.1.1.2.1,EXP030743,ESR1_HUMAN,P03372,1503,ESR1
ESR1,PEAKS034658,EXP030929,Homo sapiens,2.1.1.2.1,EXP030923,ESR1_HUMAN,P03372,16151,ESR1
ESR1,PEAKS034989,EXP032385,Homo sapiens,2.1.1.2.1,EXP032383,ESR1_HUMAN,P03372,1943,ESR1
ESR1,PEAKS034990,EXP032386,Homo sapiens,2.1.1.2.1,EXP032384,ESR1_HUMAN,P03372,398,ESR1
ESR1,PEAKS035117,EXP032839,Homo sapiens,2.1.1.2.1,EXP032838,ESR1_HUMAN,P03372,5293,ESR1
ESR1,PEAKS035118,EXP032840,Homo sapiens,2.1.1.2.1,EXP032838,ESR1_HUMAN,P03372,1585,ESR1
FLI1,PEAKS033228,EXP000354,Homo sapiens,3.5.2.1.5,EXP000356,FLI1_HUMAN,Q01543,4655,FLI1
GATA1,PEAKS033092,EXP000939,Homo sapiens,2.2.1.1.1,EXP000959,GATA1_HUMAN,P15976,15570,GATA1
GATA1,PEAKS033157,EXP000588,Homo sapiens,2.2.1.1.1,EXP000586,GATA1_HUMAN,P15976,9167,GATA1
GATA1,PEAKS033207,EXP000914,Homo sapiens,2.2.1.1.1,EXP000916,GATA1_HUMAN,P15976,23823,GATA1
GATA1,PEAKS033209,EXP000913,Homo sapiens,2.2.1.1.1,EXP000917,GATA1_HUMAN,P15976,20604,GATA1
GATA1,PEAKS033230,EXP000351,Homo sapiens,2.2.1.1.1,EXP000356,GATA1_HUMAN,P15976,3228,GATA1
GATA1,PEAKS033266,EXP000523,Homo sapiens,2.2.1.1.1,EXP000105,GATA1_HUMAN,P15976,11860,GATA1
GATA1,PEAKS033300,EXP000701,Homo sapiens,2.2.1.1.1,EXP000702,GATA1_HUMAN,P15976,31802,GATA1
GATA1,PEAKS033326,EXP000940,Homo sapiens,2.2.1.1.1,EXP000945,GATA1_HUMAN,P15976,16309,GATA1
GATA1,PEAKS033395,EXP000931,Homo sapiens,2.2.1.1.1,EXP000936,GATA1_HUMAN,P15976,13193,GATA1
GATA1,PEAKS033397,EXP000932,Homo sapiens,2.2.1.1.1,EXP000937,GATA1_HUMAN,P15976,13062,GATA1
GATA1,PEAKS033445,EXP010047,Homo sapiens,2.2.1.1.1,EXP010823,GATA1_HUMAN,P15976,11057,GATA1
GATA1,PEAKS033625,EXP010373,Homo sapiens,2.2.1.1.1,EXP010090,GATA1_HUMAN,P15976,32581,GATA1
GATA1,PEAKS034765,EXP031447,Homo sapiens,2.2.1.1.1,EXP031438,GATA1_HUMAN,P15976,20058,GATA1
GATA2,PEAKS033115,EXP000673,Homo sapiens,2.2.1.1.2,EXP000671,GATA2_HUMAN,P23769,30263,GATA2
GATA2,PEAKS033231,EXP000352,Homo sapiens,2.2.1.1.2,EXP000356,GATA2_HUMAN,P23769,561,GATA2
GATA2,PEAKS033265,EXP000524,Homo sapiens,2.2.1.1.2,EXP000105,GATA2_HUMAN,P23769,15612,GATA2
GATA2,PEAKS033325,EXP000941,Homo sapiens,2.2.1.1.2,EXP000959,GATA2_HUMAN,P23769,11595,GATA2
GATA2,PEAKS033328,EXP000942,Homo sapiens,2.2.1.1.2,EXP000945,GATA2_HUMAN,P23769,6076,GATA2
GATA2,PEAKS033523,EXP010196,Homo sapiens,2.2.1.1.2,EXP010671,GATA2_HUMAN,P23769,20042,GATA2
GATA2,PEAKS033718,EXP010552,Homo sapiens,2.2.1.1.2,EXP010007,GATA2_HUMAN,P23769,30239,GATA2
GATA2,PEAKS033780,EXP010668,Homo sapiens,2.2.1.1.2,EXP010823,GATA2_HUMAN,P23769,15642,GATA2
GATA2,PEAKS034900,EXP031975,Homo sapiens,2.2.1.1.2,EXP031970,GATA2_HUMAN,P23769,10407,GATA2
GATA3,PEAKS034467,EXP030414,Homo sapiens,2.2.1.1.3,EXP030411,GATA3_HUMAN,P23771,4396,GATA3
GATA3,PEAKS034594,EXP030748,Homo sapiens,2.2.1.1.3,EXP030742,GATA3_HUMAN,P23771,44900,GATA3
GATA3,PEAKS034595,EXP030749,Homo sapiens,2.2.1.1.3,EXP030742,GATA3_HUMAN,P23771,15060,GATA3
GATA3,PEAKS034687,EXP031083,Homo sapiens,2.2.1.1.3,EXP031080,GATA3_HUMAN,P23771,15034,GATA3
GATA3,PEAKS034688,EXP031084,Homo sapiens,2.2.1.1.3,EXP031081,GATA3_HUMAN,P23771,13149,GATA3
GATA3,PEAKS034710,EXP031150,Homo sapiens,2.2.1.1.3,EXP031146,GATA3_HUMAN,P23771,283,GATA3
GATA3,PEAKS035108,EXP032787,Homo sapiens,2.2.1.1.3,EXP032783,GATA3_HUMAN,P23771,24237,GATA3
GATA3,PEAKS035109,EXP032788,Homo sapiens,2.2.1.1.3,EXP032784,GATA3_HUMAN,P23771,18130,GATA3
GATA3,PEAKS035111,EXP032790,Homo sapiens,2.2.1.1.3,EXP032786,GATA3_HUMAN,P23771,10248,GATA3
GCR,PEAKS033246,EXP000691,Homo sapiens,2.1.1.1.1,EXP000693,GCR_HUMAN,P04150,6932,GCR
GCR,PEAKS033247,EXP000692,Homo sapiens,2.1.1.1.1,EXP000693,GCR_HUMAN,P04150,10626,GCR
GCR,PEAKS033836,EXP010940,Homo sapiens,2.1.1.1.1,EXP010891,GCR_HUMAN,P04150,12443,GCR
GCR,PEAKS033838,EXP010943,Homo sapiens,2.1.1.1.1,EXP010893,GCR_HUMAN,P04150,7291,GCR
GCR,PEAKS033864,EXP010976,Homo sapiens,2.1.1.1.1,EXP010785,GCR_HUMAN,P04150,8973,GCR
GCR,PEAKS033885,EXP011003,Homo sapiens,2.1.1.1.1,EXP010800,GCR_HUMAN,P04150,10575,GCR
GCR,PEAKS033905,EXP011035,Homo sapiens,2.1.1.1.1,EXP010909,GCR_HUMAN,P04150,13986,GCR
GCR,PEAKS033928,EXP011062,Homo sapiens,2.1.1.1.1,EXP010893,GCR_HUMAN,P04150,25847,GCR
GCR,PEAKS033929,EXP011063,Homo sapiens,2.1.1.1.1,EXP010891,GCR_HUMAN,P04150,24367,GCR
GCR,PEAKS033963,EXP011106,Homo sapiens,2.1.1.1.1,EXP010842,GCR_HUMAN,P04150,10054,GCR
GCR,PEAKS034495,EXP030498,Homo sapiens,2.1.1.1.1,EXP030493,GCR_HUMAN,P04150,15761,GCR
GCR,PEAKS034499,EXP030502,Homo sapiens,2.1.1.1.1,EXP030493,GCR_HUMAN,P04150,20032,GCR
GCR,PEAKS034500,EXP030503,Homo sapiens,2.1.1.1.1,EXP030493,GCR_HUMAN,P04150,27822,GCR
GCR,PEAKS034954,EXP032209,Homo sapiens,2.1.1.1.1,EXP032208,GCR_HUMAN,P04150,2642,GCR
HNF4A,PEAKS033346,EXP000878,Homo sapiens,2.1.3.2.1,EXP000879,HNF4A_HUMAN,P41235,31856,HNF4A
HNF4A,PEAKS033410,EXP000877,Homo sapiens,2.1.3.2.1,EXP000879,HNF4A_HUMAN,P41235,11491,HNF4A
HNF4A,PEAKS033442,EXP010041,Homo sapiens,2.1.3.2.1,EXP010368,HNF4A_HUMAN,P41235,25673,HNF4A
HNF4A,PEAKS033479,EXP010112,Homo sapiens,2.1.3.2.1,EXP010539,HNF4A_HUMAN,P41235,32057,HNF4A
HNF4A,PEAKS033615,EXP010357,Homo sapiens,2.1.3.2.1,EXP010489,HNF4A_HUMAN,P41235,27649,HNF4A
HNF4A,PEAKS034090,EXP030023,Homo sapiens,2.1.3.2.1,EXP030000,HNF4A_HUMAN,P41235,2017,HNF4A
HNF4A,PEAKS034551,EXP030655,Homo sapiens,2.1.3.2.1,EXP030650,HNF4A_HUMAN,P41235,6673,HNF4A
HNF4A,PEAKS034558,EXP030662,Homo sapiens,2.1.3.2.1,EXP030653,HNF4A_HUMAN,P41235,1769,HNF4A
IRF1,PEAKS033589,EXP010316,Homo sapiens,3.5.3.0.1,EXP010765,IRF1_HUMAN,P10914,1202,IRF1
IRF1,PEAKS034604,EXP030779,Homo sapiens,3.5.3.0.1,EXP030776,IRF1_HUMAN,P10914,3057,IRF1
IRF1,PEAKS034605,EXP030780,Homo sapiens,3.5.3.0.1,EXP030776,IRF1_HUMAN,P10914,29559,IRF1
IRF1,PEAKS034606,EXP030781,Homo sapiens,3.5.3.0.1,EXP030776,IRF1_HUMAN,P10914,12778,IRF1
IRF1,PEAKS034607,EXP030782,Homo sapiens,3.5.3.0.1,EXP030776,IRF1_HUMAN,P10914,17425,IRF1
IRF4,PEAKS033632,EXP010393,Homo sapiens,3.5.3.0.4,EXP010580,IRF4_HUMAN,Q15306,20229,IRF4
IRF4,PEAKS035165,EXP033012,Homo sapiens,3.5.3.0.4,EXP033006,IRF4_HUMAN,Q15306,2514,IRF4
IRF4,PEAKS035169,EXP033016,Homo sapiens,3.5.3.0.4,EXP033007,IRF4_HUMAN,Q15306,7837,IRF4
IRF4,PEAKS035172,EXP033019,Homo sapiens,3.5.3.0.4,EXP033008,IRF4_HUMAN,Q15306,10004,IRF4
IRF4,PEAKS035175,EXP033022,Homo sapiens,3.5.3.0.4,EXP033009,IRF4_HUMAN,Q15306,6653,IRF4
IRF4,PEAKS035178,EXP033025,Homo sapiens,3.5.3.0.4,EXP033010,IRF4_HUMAN,Q15306,5412,IRF4
JUND,PEAKS033513,EXP010183,Homo sapiens,1.1.1.1.3,EXP010122,JUND_HUMAN,P17535,4389,JUND
JUND,PEAKS033791,EXP010698,Homo sapiens,1.1.1.1.3,EXP010403,JUND_HUMAN,P17535,27800,JUND
JUND,PEAKS033873,EXP010989,Homo sapiens,1.1.1.1.3,EXP010900,JUND_HUMAN,P17535,14307,JUND
JUND,PEAKS033874,EXP010991,Homo sapiens,1.1.1.1.3,EXP010899,JUND_HUMAN,P17535,16389,JUND
JUND,PEAKS033899,EXP011025,Homo sapiens,1.1.1.1.3,EXP010832,JUND_HUMAN,P17535,23822,JUND
JUND,PEAKS033937,EXP011074,Homo sapiens,1.1.1.1.3,EXP010895,JUND_HUMAN,P17535,9564,JUND
JUND,PEAKS033972,EXP011118,Homo sapiens,1.1.1.1.3,EXP010874,JUND_HUMAN,P17535,35033,JUND
JUND,PEAKS034065,EXP011230,Homo sapiens,1.1.1.1.3,EXP010857,JUND_HUMAN,P17535,5681,JUND
JUND,PEAKS034184,EXP030117,Homo sapiens,1.1.1.1.3,EXP030000,JUND_HUMAN,P17535,21602,JUND
JUND,PEAKS034552,EXP030656,Homo sapiens,1.1.1.1.3,EXP030650,JUND_HUMAN,P17535,357,JUND
MAFK,PEAKS033440,EXP010038,Homo sapiens,1.1.3.2.3,EXP010530,MAFK_HUMAN,O60675,27753,MAFK
MAFK,PEAKS034399,EXP030332,Homo sapiens,1.1.3.2.3,EXP030000,MAFK_HUMAN,O60675,4256,MAFK
MAX,PEAKS033450,EXP010064,Homo sapiens,1.2.6.5.5,EXP010027,MAX_HUMAN,P61244,40978,MAX
MAX,PEAKS033491,EXP010140,Homo sapiens,1.2.6.5.5,EXP010587,MAX_HUMAN,P61244,14342,MAX
MAX,PEAKS033520,EXP010192,Homo sapiens,1.2.6.5.5,EXP010030,MAX_HUMAN,P61244,54910,MAX
MAX,PEAKS033571,EXP010283,Homo sapiens,1.2.6.5.5,EXP010732,MAX_HUMAN,P61244,17889,MAX
MAX,PEAKS033761,EXP010631,Homo sapiens,1.2.6.5.5,EXP010597,MAX_HUMAN,P61244,8127,MAX
MAX,PEAKS033959,EXP011101,Homo sapiens,1.2.6.5.5,EXP010895,MAX_HUMAN,P61244,39999,MAX
MAX,PEAKS033978,EXP011126,Homo sapiens,1.2.6.5.5,EXP010856,MAX_HUMAN,P61244,27298,MAX
MAX,PEAKS033985,EXP011133,Homo sapiens,1.2.6.5.5,EXP010780,MAX_HUMAN,P61244,22926,MAX
MAX,PEAKS033997,EXP011148,Homo sapiens,1.2.6.5.5,EXP010899,MAX_HUMAN,P61244,16849,MAX
MAX,PEAKS033998,EXP011149,Homo sapiens,1.2.6.5.5,EXP010900,MAX_HUMAN,P61244,10972,MAX
MAX,PEAKS034028,EXP011185,Homo sapiens,1.2.6.5.5,EXP010799,MAX_HUMAN,P61244,15368,MAX
MAX,PEAKS034053,EXP011215,Homo sapiens,1.2.6.5.5,EXP010864,MAX_HUMAN,P61244,22954,MAX
MAX,PEAKS034739,EXP031391,Homo sapiens,1.2.6.5.5,EXP031380,MAX_HUMAN,P61244,28510,MAX
MAX,PEAKS034741,EXP031393,Homo sapiens,1.2.6.5.5,EXP031382,MAX_HUMAN,P61244,35587,MAX
MAX,PEAKS034743,EXP031395,Homo sapiens,1.2.6.5.5,EXP031386,MAX_HUMAN,P61244,1844,MAX
MAX,PEAKS034745,EXP031397,Homo sapiens,1.2.6.5.5,EXP031383,MAX_HUMAN,P61244,53075,MAX
MAX,PEAKS034747,EXP031399,Homo sapiens,1.2.6.5.5,EXP031385,MAX_HUMAN,P61244,91946,MAX
MAX,PEAKS034845,EXP031743,Homo sapiens,1.2.6.5.5,EXP031741,MAX_HUMAN,P61244,28061,MAX
MAX,PEAKS034864,EXP031821,Homo sapiens,1.2.6.5.5,EXP031819,MAX_HUMAN,P61244,24009,MAX
MYC,PEAKS033167,EXP001024,Homo sapiens,1.2.6.5.1,EXP001018,MYC_HUMAN,P01106,1379,MYC
MYC,PEAKS033347,EXP000998,Homo sapiens,1.2.6.5.1,EXP001003,MYC_HUMAN,P01106,17103,MYC
MYC,PEAKS033348,EXP000999,Homo sapiens,1.2.6.5.1,EXP001004,MYC_HUMAN,P01106,7271,MYC
MYC,PEAKS033349,EXP000996,Homo sapiens,1.2.6.5.1,EXP001001,MYC_HUMAN,P01106,3717,MYC
MYC,PEAKS033350,EXP000997,Homo sapiens,1.2.6.5.1,EXP001002,MYC_HUMAN,P01106,4886,MYC
MYC,PEAKS033351,EXP000994,Homo sapiens,1.2.6.5.1,EXP000988,MYC_HUMAN,P01106,21647,MYC
MYC,PEAKS033354,EXP000993,Homo sapiens,1.2.6.5.1,EXP000985,MYC_HUMAN,P01106,14951,MYC
MYC,PEAKS033355,EXP000990,Homo sapiens,1.2.6.5.1,EXP000982,MYC_HUMAN,P01106,3431,MYC
MYC,PEAKS033356,EXP000991,Homo sapiens,1.2.6.5.1,EXP000984,MYC_HUMAN,P01106,7075,MYC
MYC,PEAKS033437,EXP010035,Homo sapiens,1.2.6.5.1,EXP010765,MYC_HUMAN,P01106,6776,MYC
MYC,PEAKS033462,EXP010083,Homo sapiens,1.2.6.5.1,EXP010731,MYC_HUMAN,P01106,46652,MYC
MYC,PEAKS033471,EXP010102,Homo sapiens,1.2.6.5.1,EXP010418,MYC_HUMAN,P01106,11207,MYC
MYC,PEAKS033599,EXP010332,Homo sapiens,1.2.6.5.1,EXP010027,MYC_HUMAN,P01106,,MYC
MYC,PEAKS033605,EXP010339,Homo sapiens,1.2.6.5.1,EXP010597,MYC_HUMAN,P01106,16798,MYC
MYC,PEAKS033629,EXP010385,Homo sapiens,1.2.6.5.1,EXP010599,MYC_HUMAN,P01106,7050,MYC
MYC,PEAKS033663,EXP010449,Homo sapiens,1.2.6.5.1,EXP010288,MYC_HUMAN,P01106,18374,MYC
MYC,PEAKS033685,EXP010483,Homo sapiens,1.2.6.5.1,EXP010163,MYC_HUMAN,P01106,24940,MYC
MYC,PEAKS033822,EXP010756,Homo sapiens,1.2.6.5.1,EXP010328,MYC_HUMAN,P01106,21684,MYC
MYC,PEAKS033870,EXP010985,Homo sapiens,1.2.6.5.1,EXP010852,MYC_HUMAN,P01106,14917,MYC
MYC,PEAKS033909,EXP011039,Homo sapiens,1.2.6.5.1,EXP010866,MYC_HUMAN,P01106,,MYC
MYC,PEAKS034735,EXP031387,Homo sapiens,1.2.6.5.1,EXP031382,MYC_HUMAN,P01106,14606,MYC
MYC,PEAKS034736,EXP031388,Homo sapiens,1.2.6.5.1,EXP031380,MYC_HUMAN,P01106,2343,MYC
MYC,PEAKS034737,EXP031389,Homo sapiens,1.2.6.5.1,EXP031381,MYC_HUMAN,P01106,6641,MYC
MYC,PEAKS034746,EXP031398,Homo sapiens,1.2.6.5.1,EXP031385,MYC_HUMAN,P01106,66817,MYC
MYC,PEAKS034748,EXP031400,Homo sapiens,1.2.6.5.1,EXP031386,MYC_HUMAN,P01106,30612,MYC
MYC,PEAKS034863,EXP031820,Homo sapiens,1.2.6.5.1,EXP031819,MYC_HUMAN,P01106,6970,MYC
MYC,PEAKS035043,EXP032606,Homo sapiens,1.2.6.5.1,EXP032596,MYC_HUMAN,P01106,10149,MYC
MYC,PEAKS035046,EXP032609,Homo sapiens,1.2.6.5.1,EXP032598,MYC_HUMAN,P01106,3549,MYC
P53,PEAKS033270,EXP000455,Homo sapiens,6.3.1.0.1,EXP000456,P53_HUMAN,P04637,482,P53
P53,PEAKS034506,EXP030510,Homo sapiens,6.3.1.0.1,EXP030508,P53_HUMAN,P04637,4905,P53
P53,PEAKS034507,EXP030511,Homo sapiens,6.3.1.0.1,EXP030508,P53_HUMAN,P04637,2590,P53
P53,PEAKS034635,EXP030853,Homo sapiens,6.3.1.0.1,EXP030852,P53_HUMAN,P04637,4638,P53
P53,PEAKS034943,EXP032117,Homo sapiens,6.3.1.0.1,EXP032118,P53_HUMAN,P04637,2748,P53
P53,PEAKS034945,EXP032121,Homo sapiens,6.3.1.0.1,EXP032122,P53_HUMAN,P04637,2447,P53
P53,PEAKS034946,EXP032123,Homo sapiens,6.3.1.0.1,EXP032124,P53_HUMAN,P04637,11411,P53
P53,PEAKS035155,EXP032954,Homo sapiens,6.3.1.0.1,EXP032952,P53_HUMAN,P04637,2308,P53
P53,PEAKS035161,EXP032998,Homo sapiens,6.3.1.0.1,EXP032994,P53_HUMAN,P04637,4519,P53
P53,PEAKS035162,EXP032999,Homo sapiens,6.3.1.0.1,EXP032994,P53_HUMAN,P04637,8819,P53
P53,PEAKS035163,EXP033000,Homo sapiens,6.3.1.0.1,EXP032994,P53_HUMAN,P04637,15079,P53
PPARG,PEAKS033202,EXP000907,Homo sapiens,2.1.2.5.3,EXP000901,PPARG_HUMAN,P37231,6485,PPARG
PPARG,PEAKS033301,EXP000813,Homo sapiens,2.1.2.5.3,EXP000807,PPARG_HUMAN,P37231,16338,PPARG
PPARG,PEAKS033302,EXP000812,Homo sapiens,2.1.2.5.3,EXP000807,PPARG_HUMAN,P37231,25634,PPARG
PPARG,PEAKS033404,EXP000362,Homo sapiens,2.1.2.5.3,EXP000365,PPARG_HUMAN,P37231,3687,PPARG
PPARG,PEAKS034856,EXP031780,Homo sapiens,2.1.2.5.3,EXP031779,PPARG_HUMAN,P37231,6129,PPARG
PRGR,PEAKS034471,EXP030421,Homo sapiens,2.1.1.1.3,EXP030419,PRGR_HUMAN,P06401,42554,PRGR
PRGR,PEAKS034472,EXP030422,Homo sapiens,2.1.1.1.3,EXP030420,PRGR_HUMAN,P06401,40291,PRGR
REST,PEAKS033419,EXP010002,Homo sapiens,2.3.4.0.27,EXP010120,REST_HUMAN,Q13127,3836,REST
REST,PEAKS033528,EXP010202,Homo sapiens,2.3.4.0.27,EXP010171,REST_HUMAN,Q13127,4964,REST
REST,PEAKS033561,EXP010266,Homo sapiens,2.3.4.0.27,EXP010039,REST_HUMAN,Q13127,4891,REST
REST,PEAKS033574,EXP010296,Homo sapiens,2.3.4.0.27,EXP010737,REST_HUMAN,Q13127,3098,REST
REST,PEAKS033587,EXP010314,Homo sapiens,2.3.4.0.27,EXP010318,REST_HUMAN,Q13127,17354,REST
REST,PEAKS033627,EXP010377,Homo sapiens,2.3.4.0.27,EXP010381,REST_HUMAN,Q13127,14114,REST
REST,PEAKS033656,EXP010440,Homo sapiens,2.3.4.0.27,EXP010101,REST_HUMAN,Q13127,20352,REST
REST,PEAKS033673,EXP010462,Homo sapiens,2.3.4.0.27,EXP010210,REST_HUMAN,Q13127,6089,REST
REST,PEAKS033695,EXP010499,Homo sapiens,2.3.4.0.27,EXP010094,REST_HUMAN,Q13127,6913,REST
REST,PEAKS033697,EXP010501,Homo sapiens,2.3.4.0.27,EXP010093,REST_HUMAN,Q13127,6825,REST
REST,PEAKS033727,EXP010569,Homo sapiens,2.3.4.0.27,EXP010158,REST_HUMAN,Q13127,6113,REST
REST,PEAKS033728,EXP010570,Homo sapiens,2.3.4.0.27,EXP010157,REST_HUMAN,Q13127,3566,REST
REST,PEAKS033733,EXP010585,Homo sapiens,2.3.4.0.27,EXP010541,REST_HUMAN,Q13127,4180,REST
REST,PEAKS033771,EXP010653,Homo sapiens,2.3.4.0.27,EXP010228,REST_HUMAN,Q13127,11937,REST
REST,PEAKS033774,EXP010660,Homo sapiens,2.3.4.0.27,EXP010173,REST_HUMAN,Q13127,19843,REST
REST,PEAKS033806,EXP010728,Homo sapiens,2.3.4.0.27,EXP010062,REST_HUMAN,Q13127,5191,REST
REST,PEAKS033807,EXP010729,Homo sapiens,2.3.4.0.27,EXP010558,REST_HUMAN,Q13127,6099,REST
REST,PEAKS033812,EXP010739,Homo sapiens,2.3.4.0.27,EXP010507,REST_HUMAN,Q13127,7460,REST
REST,PEAKS033856,EXP010967,Homo sapiens,2.3.4.0.27,EXP010582,REST_HUMAN,Q13127,8816,REST
REST,PEAKS033862,EXP010973,Homo sapiens,2.3.4.0.27,EXP010856,REST_HUMAN,Q13127,6480,REST
REST,PEAKS033894,EXP011019,Homo sapiens,2.3.4.0.27,EXP010895,REST_HUMAN,Q13127,8758,REST
REST,PEAKS033945,EXP011082,Homo sapiens,2.3.4.0.27,EXP010824,REST_HUMAN,Q13127,9401,REST
REST,PEAKS034005,EXP011157,Homo sapiens,2.3.4.0.27,EXP010791,REST_HUMAN,Q13127,5309,REST
REST,PEAKS034017,EXP011170,Homo sapiens,2.3.4.0.27,EXP010899,REST_HUMAN,Q13127,4015,REST
REST,PEAKS034018,EXP011171,Homo sapiens,2.3.4.0.27,EXP010900,REST_HUMAN,Q13127,3036,REST
REST,PEAKS034037,EXP011197,Homo sapiens,2.3.4.0.27,EXP010905,REST_HUMAN,Q13127,8269,REST
REST,PEAKS034075,EXP030008,Homo sapiens,2.3.4.0.27,EXP030000,REST_HUMAN,Q13127,3217,REST
REST,PEAKS034555,EXP030659,Homo sapiens,2.3.4.0.27,EXP030650,REST_HUMAN,Q13127,4183,REST
REST,PEAKS034562,EXP030666,Homo sapiens,2.3.4.0.27,EXP030653,REST_HUMAN,Q13127,3659,REST
REST,PEAKS034695,EXP031113,Homo sapiens,2.3.4.0.27,EXP031108,REST_HUMAN,Q13127,9065,REST
REST,PEAKS034861,EXP031799,Homo sapiens,2.3.4.0.27,EXP031798,REST_HUMAN,Q13127,5286,REST
REST,PEAKS034970,EXP032271,Homo sapiens,2.3.4.0.27,EXP032270,REST_HUMAN,Q13127,3069,REST
REST,PEAKS034971,EXP032272,Homo sapiens,2.3.4.0.27,EXP032270,REST_HUMAN,Q13127,2938,REST
RUNX1,PEAKS033104,EXP000300,Homo sapiens,6.4.1.0.2,EXP000302,RUNX1_HUMAN,Q01196,959,RUNX1
RUNX1,PEAKS033153,EXP000583,Homo sapiens,6.4.1.0.2,EXP000582,RUNX1_HUMAN,Q01196,7373,RUNX1
RUNX1,PEAKS033154,EXP000585,Homo sapiens,6.4.1.0.2,EXP000584,RUNX1_HUMAN,Q01196,3837,RUNX1
RUNX1,PEAKS033155,EXP000587,Homo sapiens,6.4.1.0.2,EXP000586,RUNX1_HUMAN,Q01196,17106,RUNX1
RUNX1,PEAKS034469,EXP030416,Homo sapiens,6.4.1.0.2,EXP030411,RUNX1_HUMAN,Q01196,6467,RUNX1
RUNX1,PEAKS034601,EXP030772,Homo sapiens,6.4.1.0.2,EXP030771,RUNX1_HUMAN,Q01196,1802,RUNX1
RUNX1,PEAKS034627,EXP030835,Homo sapiens,6.4.1.0.2,EXP030833,RUNX1_HUMAN,Q01196,23646,RUNX1
RUNX1,PEAKS034628,EXP030836,Homo sapiens,6.4.1.0.2,EXP030833,RUNX1_HUMAN,Q01196,17343,RUNX1
RUNX1,PEAKS034712,EXP031152,Homo sapiens,6.4.1.0.2,EXP031146,RUNX1_HUMAN,Q01196,566,RUNX1
RXRA,PEAKS033274,EXP000136,Homo sapiens,2.1.3.1.1,EXP000146,RXRA_HUMAN,P19793,3559,RXRA
RXRA,PEAKS033275,EXP000137,Homo sapiens,2.1.3.1.1,EXP000146,RXRA_HUMAN,P19793,8424,RXRA
RXRA,PEAKS033436,EXP010033,Homo sapiens,2.1.3.1.1,EXP010726,RXRA_HUMAN,P19793,27901,RXRA
RXRA,PEAKS033797,EXP010713,Homo sapiens,2.1.3.1.1,EXP010403,RXRA_HUMAN,P19793,5278,RXRA
SOX2,PEAKS034976,EXP032287,Homo sapiens,4.1.1.2.2,EXP032286,SOX2_HUMAN,P48431,9086,SOX2
SOX2,PEAKS035061,EXP032656,Homo sapiens,4.1.1.2.2,EXP032652,SOX2_HUMAN,P48431,3178,SOX2
SOX2,PEAKS035063,EXP032658,Homo sapiens,4.1.1.2.2,EXP032653,SOX2_HUMAN,P48431,4758,SOX2
SOX2,PEAKS035065,EXP032660,Homo sapiens,4.1.1.2.2,EXP032654,SOX2_HUMAN,P48431,2299,SOX2
SOX2,PEAKS035067,EXP032662,Homo sapiens,4.1.1.2.2,EXP032655,SOX2_HUMAN,P48431,2174,SOX2
SPI1,PEAKS033363,EXP000614,Homo sapiens,3.5.2.5.1,EXP000612,SPI1_HUMAN,P17947,13103,SPI1
SPI1,PEAKS033375,EXP000364,Homo sapiens,3.5.2.5.1,EXP000365,SPI1_HUMAN,P17947,37551,SPI1
SPI1,PEAKS033658,EXP010442,Homo sapiens,3.5.2.5.1,EXP010419,SPI1_HUMAN,P17947,17848,SPI1
SPI1,PEAKS033801,EXP010720,Homo sapiens,3.5.2.5.1,EXP010062,SPI1_HUMAN,P17947,26635,SPI1
SPI1,PEAKS035070,EXP032668,Homo sapiens,3.5.2.5.1,EXP032666,SPI1_HUMAN,P17947,830,SPI1
SPI1,PEAKS035071,EXP032669,Homo sapiens,3.5.2.5.1,EXP032667,SPI1_HUMAN,P17947,1256,SPI1
SPI1,PEAKS035166,EXP033013,Homo sapiens,3.5.2.5.1,EXP033006,SPI1_HUMAN,P17947,1806,SPI1
SPI1,PEAKS035170,EXP033017,Homo sapiens,3.5.2.5.1,EXP033007,SPI1_HUMAN,P17947,6230,SPI1
SPI1,PEAKS035173,EXP033020,Homo sapiens,3.5.2.5.1,EXP033008,SPI1_HUMAN,P17947,18375,SPI1
SPI1,PEAKS035176,EXP033023,Homo sapiens,3.5.2.5.1,EXP033009,SPI1_HUMAN,P17947,3300,SPI1
SPI1,PEAKS035179,EXP033026,Homo sapiens,3.5.2.5.1,EXP033010,SPI1_HUMAN,P17947,5234,SPI1
SRF,PEAKS033502,EXP010162,Homo sapiens,5.1.2.0.1,EXP010489,SRF_HUMAN,P11831,5575,SRF
SRF,PEAKS033569,EXP010280,Homo sapiens,5.1.2.0.1,EXP010137,SRF_HUMAN,P11831,14157,SRF
SRF,PEAKS033584,EXP010310,Homo sapiens,5.1.2.0.1,EXP010428,SRF_HUMAN,P11831,6117,SRF
SRF,PEAKS033617,EXP010362,Homo sapiens,5.1.2.0.1,EXP010094,SRF_HUMAN,P11831,3191,SRF
SRF,PEAKS033618,EXP010363,Homo sapiens,5.1.2.0.1,EXP010093,SRF_HUMAN,P11831,2826,SRF
SRF,PEAKS033726,EXP010568,Homo sapiens,5.1.2.0.1,EXP010671,SRF_HUMAN,P11831,6187,SRF
SRF,PEAKS033903,EXP011033,Homo sapiens,5.1.2.0.1,EXP010900,SRF_HUMAN,P11831,3220,SRF
SRF,PEAKS033904,EXP011034,Homo sapiens,5.1.2.0.1,EXP010899,SRF_HUMAN,P11831,2869,SRF
SRF,PEAKS033946,EXP011083,Homo sapiens,5.1.2.0.1,EXP010856,SRF_HUMAN,P11831,9112,SRF
SRF,PEAKS034042,EXP011202,Homo sapiens,5.1.2.0.1,EXP010797,SRF_HUMAN,P11831,5848,SRF
SRF,PEAKS034043,EXP011203,Homo sapiens,5.1.2.0.1,EXP010796,SRF_HUMAN,P11831,3520,SRF
STA5A,PEAKS033614,EXP010354,Homo sapiens,6.2.1.0.5,EXP010159,STA5A_HUMAN,P42229,5595,STA5A
STA5A,PEAKS035024,EXP032561,Homo sapiens,6.2.1.0.5,EXP032554,STA5A_HUMAN,P42229,730,STA5A
STA5A,PEAKS035025,EXP032562,Homo sapiens,6.2.1.0.5,EXP032555,STA5A_HUMAN,P42229,1162,STA5A
STA5A,PEAKS035026,EXP032563,Homo sapiens,6.2.1.0.5,EXP032554,STA5A_HUMAN,P42229,182,STA5A
STAT1,PEAKS033050,EXP000489,Homo sapiens,6.2.1.0.1,EXP000490,STAT1_HUMAN,P42224,20778,STAT1
STAT1,PEAKS033461,EXP010082,Homo sapiens,6.2.1.0.1,EXP010418,STAT1_HUMAN,P42224,941,STAT1
STAT1,PEAKS033693,EXP010497,Homo sapiens,6.2.1.0.1,EXP010163,STAT1_HUMAN,P42224,3227,STAT1
STAT1,PEAKS033724,EXP010566,Homo sapiens,6.2.1.0.1,EXP010289,STAT1_HUMAN,P42224,20733,STAT1
STAT1,PEAKS033815,EXP010743,Homo sapiens,6.2.1.0.1,EXP010731,STAT1_HUMAN,P42224,2493,STAT1
STAT3,PEAKS033481,EXP010115,Homo sapiens,6.2.1.0.3,EXP010054,STAT3_HUMAN,P40763,17977,STAT3
STAT3,PEAKS033517,EXP010189,Homo sapiens,6.2.1.0.3,EXP010052,STAT3_HUMAN,P40763,17455,STAT3
STAT3,PEAKS034549,EXP030640,Homo sapiens,6.2.1.0.3,EXP030631,STAT3_HUMAN,P40763,9725,STAT3
TAL1,PEAKS033183,EXP000226,Homo sapiens,1.2.3.1.1,EXP000228,TAL1_HUMAN,P17542,2039,TAL1
TAL1,PEAKS033208,EXP000912,Homo sapiens,1.2.3.1.1,EXP000916,TAL1_HUMAN,P17542,28227,TAL1
TAL1,PEAKS033211,EXP000911,Homo sapiens,1.2.3.1.1,EXP000917,TAL1_HUMAN,P17542,13428,TAL1
TAL1,PEAKS033229,EXP000355,Homo sapiens,1.2.3.1.1,EXP000356,TAL1_HUMAN,P17542,2099,TAL1
TAL1,PEAKS033460,EXP010081,Homo sapiens,1.2.3.1.1,EXP010630,TAL1_HUMAN,P17542,38601,TAL1
TAL1,PEAKS034468,EXP030415,Homo sapiens,1.2.3.1.1,EXP030411,TAL1_HUMAN,P17542,4389,TAL1
TAL1,PEAKS034713,EXP031153,Homo sapiens,1.2.3.1.1,EXP031146,TAL1_HUMAN,P17542,3474,TAL1
TAL1,PEAKS034759,EXP031441,Homo sapiens,1.2.3.1.1,EXP031438,TAL1_HUMAN,P17542,1886,TAL1
TAL1,PEAKS034760,EXP031442,Homo sapiens,1.2.3.1.1,EXP031439,TAL1_HUMAN,P17542,2159,TAL1
TAL1,PEAKS035014,EXP032456,Homo sapiens,1.2.3.1.1,EXP032454,TAL1_HUMAN,P17542,27044,TAL1
TF65,PEAKS033071,EXP000772,Homo sapiens,6.1.1.2.1,EXP000773,TF65_HUMAN,Q04206,18376,TF65
TF65,PEAKS033072,EXP000770,Homo sapiens,6.1.1.2.1,EXP000771,TF65_HUMAN,Q04206,8573,TF65
TF65,PEAKS033073,EXP000774,Homo sapiens,6.1.1.2.1,EXP000775,TF65_HUMAN,Q04206,42428,TF65
TF65,PEAKS033245,EXP000756,Homo sapiens,6.1.1.2.1,EXP000757,TF65_HUMAN,Q04206,20150,TF65
TF65,PEAKS033283,EXP000758,Homo sapiens,6.1.1.2.1,EXP000759,TF65_HUMAN,Q04206,13335,TF65
TF65,PEAKS033318,EXP000768,Homo sapiens,6.1.1.2.1,EXP000769,TF65_HUMAN,Q04206,18919,TF65
TF65,PEAKS033321,EXP000760,Homo sapiens,6.1.1.2.1,EXP000761,TF65_HUMAN,Q04206,27562,TF65
TF65,PEAKS033322,EXP000762,Homo sapiens,6.1.1.2.1,EXP000763,TF65_HUMAN,Q04206,13332,TF65
TF65,PEAKS033323,EXP000764,Homo sapiens,6.1.1.2.1,EXP000765,TF65_HUMAN,Q04206,16742,TF65
TF65,PEAKS033324,EXP000766,Homo sapiens,6.1.1.2.1,EXP000767,TF65_HUMAN,Q04206,14589,TF65
TF65,PEAKS033843,EXP010949,Homo sapiens,6.1.1.2.1,EXP010841,TF65_HUMAN,Q04206,19031,TF65
TF65,PEAKS033878,EXP010995,Homo sapiens,6.1.1.2.1,EXP010927,TF65_HUMAN,Q04206,22056,TF65
TF65,PEAKS033930,EXP011064,Homo sapiens,6.1.1.2.1,EXP010837,TF65_HUMAN,Q04206,8338,TF65
TF65,PEAKS033941,EXP011078,Homo sapiens,6.1.1.2.1,EXP010850,TF65_HUMAN,Q04206,29031,TF65
TF65,PEAKS033949,EXP011088,Homo sapiens,6.1.1.2.1,EXP010777,TF65_HUMAN,Q04206,9702,TF65
TF65,PEAKS033974,EXP011121,Homo sapiens,6.1.1.2.1,EXP010806,TF65_HUMAN,Q04206,5748,TF65
TF65,PEAKS033984,EXP011132,Homo sapiens,6.1.1.2.1,EXP010855,TF65_HUMAN,Q04206,10265,TF65
TF65,PEAKS033987,EXP011136,Homo sapiens,6.1.1.2.1,EXP010825,TF65_HUMAN,Q04206,15188,TF65
TF65,PEAKS034021,EXP011175,Homo sapiens,6.1.1.2.1,EXP010803,TF65_HUMAN,Q04206,17971,TF65
TF65,PEAKS034023,EXP011177,Homo sapiens,6.1.1.2.1,EXP010821,TF65_HUMAN,Q04206,10948,TF65
TF65,PEAKS034868,EXP031861,Homo sapiens,6.1.1.2.1,EXP031858,TF65_HUMAN,Q04206,824,TF65
TF65,PEAKS034871,EXP031864,Homo sapiens,6.1.1.2.1,EXP031860,TF65_HUMAN,Q04206,6026,TF65
TFE2,PEAKS033772,EXP010654,Homo sapiens,1.2.1.0.1,EXP010062,TFE2_HUMAN,P15923,15323,TFE2
TFE2,PEAKS036817,EXP031611,Homo sapiens,1.2.1.0.1,EXP031610,TFE2_HUMAN,P15923,18169,TFE2
USF2,PEAKS033478,EXP010110,Homo sapiens,1.2.6.2.2,EXP010255,USF2_HUMAN,Q15853,7947,USF2
USF2,PEAKS033521,EXP010194,Homo sapiens,1.2.6.2.2,EXP010745,USF2_HUMAN,Q15853,10208,USF2
USF2,PEAKS033661,EXP010447,Homo sapiens,1.2.6.2.2,EXP010714,USF2_HUMAN,Q15853,7140,USF2
USF2,PEAKS033803,EXP010722,Homo sapiens,1.2.6.2.2,EXP010530,USF2_HUMAN,Q15853,3181,USF2
USF2,PEAKS033804,EXP010723,Homo sapiens,1.2.6.2.2,EXP010725,USF2_HUMAN,Q15853,16839,USF2
