"Variant (1,000,000 sequences)",TF,Features (monoPWMs),Threads (n_jobs),scaler.transform (s),predict_proba (s),Total in-process (s),Whole process wall-clock (s),Peak memory (GB),Sequences per second
"chunked, 10 x 100,000 rows",STAT3,5,1,0.07,6.7,6.9,8.8,0.17,146k
"chunked, 10 x 100,000 rows",STAT3,5,4,0.06,1.9,2.1,4.0,0.19,482k
"chunked, 10 x 100,000 rows",HNF4A,26,1,0.33,7.4,8.2,10.7,0.29,122k
"chunked, 10 x 100,000 rows",HNF4A,26,4,0.35,2.7,3.6,5.9,0.3,278k
"chunked, 10 x 100,000 rows",CTCF,198,1,3.1,19.6,30.8,41.3,1.65,32k
"chunked, 10 x 100,000 rows",CTCF,198,4,3.4,6.8,18.3,29.0,1.65,55k
single call on the full 1e6 x k matrix,STAT3,5,1,0.07,7.7,,10.0,0.34,130k
single call on the full 1e6 x k matrix,HNF4A,26,1,2.1,8.3,,18.4,0.81,120k
single call on the full 1e6 x k matrix (2 runs),CTCF,198,1,13.8 / 21.3,21.5 / 40.2,,50.9 / 79.6,5.13,25-46k
single call on the full 1e6 x k matrix (2 runs),CTCF,198,4,31.5 / 49.4,16.2 / 17.1,,66.1 / 85.4,5.21,15-20k
