TF,Test set,Candidate regions in test set,True binding sites (positives),Fraction of regions sharing their score with another region: ArChIPelago RF,Fraction of regions sharing their score with another region: best monoPWM,"FP per 10,000 regions at 50 % recall: best monoPWM","FP per 10,000 regions at 50 % recall: ArChIPelago RF",Precision at 50 % recall: best monoPWM,Precision at 50 % recall: ArChIPelago RF,"Precision gain at 50 % recall, ArChIPelago minus best monoPWM","FP reduction at 50 % recall, ArChIPelago vs best monoPWM (%)","FP per 10,000 regions at 80 % recall: best monoPWM","FP per 10,000 regions at 80 % recall: ArChIPelago RF",Precision at 80 % recall: best monoPWM,Precision at 80 % recall: ArChIPelago RF,"FP reduction at 80 % recall, ArChIPelago vs best monoPWM (%)","True sites among top 1,000 predictions: best monoPWM","True sites among top 1,000 predictions: ArChIPelago RF","Additional true sites in top 1,000, ArChIPelago vs best monoPWM",True sites among top 1 % of predictions: best monoPWM,True sites among top 1 % of predictions: ArChIPelago RF
ANDR,"human (chr1, 8, 21)",73477,7186,0.842,0.985,436.366,149.162,0.528,0.766,0.238,65.817,1896.824,715.326,0.292,0.522,62.288,874.6,936.0,61.4,636.59,696.0
AP2A,"human (chr1, 8, 21)",63571,636,0.826,0.983,719.235,415.598,0.065,0.107,0.042,42.217,2229.769,1548.945,0.035,0.049,30.533,116.667,150.8,34.133,79.538,98.0
CEBPB,"human (chr1, 8, 21)",80364,2068,0.85,0.985,291.175,226.47,0.306,0.362,0.056,22.222,776.807,628.26,0.209,0.247,19.123,325.726,461.0,135.274,282.444,379.0
COE1,"human (chr1, 8, 21)",67743,794,0.833,0.979,280.324,213.454,0.173,0.215,0.043,23.855,980.057,797.839,0.087,0.105,18.593,258.0,270.0,12.0,214.0,215.059
CTCF,"human (chr1, 8, 21)",81577,10000,0.95,0.977,117.782,85.909,0.839,0.877,0.038,27.061,290.4,250.561,0.772,0.796,13.719,915.256,957.0,41.744,739.526,783.0
E2F4,"human (chr1, 8, 21)",40890,594,0.846,0.982,1749.694,757.642,0.04,0.087,0.048,56.699,4674.085,2824.652,0.024,0.04,39.568,120.933,166.0,45.067,80.0,108.0
ERG,"human (chr1, 8, 21)",79420,1621,0.762,0.985,1597.142,1416.331,0.06,0.067,0.007,11.321,4424.1,4085.495,0.036,0.038,7.654,158.846,158.0,-0.846,128.111,140.0
ESR1,"human (chr1, 8, 21)",76346,6953,0.842,0.984,258.078,197.26,0.638,0.698,0.059,23.566,2479.108,1955.833,0.227,0.271,21.107,935.0,948.0,13.0,712.0,720.0
FLI1,"human (chr1, 8, 21)",25656,256,0.701,0.965,889.85,792.017,0.053,0.059,0.006,10.994,2222.794,2196.367,0.035,0.035,1.189,70.476,70.0,-0.476,32.0,38.0
GATA1,"human (chr1, 8, 21)",82789,3740,0.859,0.985,396.309,352.825,0.363,0.39,0.027,10.972,1201.488,963.292,0.231,0.273,19.825,510.0,469.474,-40.526,421.565,396.0
GATA2,"human (chr1, 8, 21)",79474,2475,0.78,0.984,721.116,535.018,0.178,0.225,0.048,25.807,2052.244,1586.997,0.108,0.136,22.67,308.0,338.467,30.467,263.0,290.143
GATA3,"human (chr1, 8, 21)",69964,2046,0.73,0.986,1445.601,969.213,0.092,0.131,0.039,32.954,3358.656,2593.477,0.065,0.083,22.782,184.154,269.0,84.846,148.667,177.0
GCR,"human (chr1, 8, 21)",55402,1800,0.807,0.98,284.105,230.858,0.364,0.413,0.049,18.742,1266.2,909.895,0.17,0.222,28.14,574.439,588.0,13.561,358.0,416.0
HNF4A,"human (chr1, 8, 21)",68047,1914,0.872,0.983,121.313,97.139,0.537,0.591,0.055,19.927,577.724,458.007,0.28,0.329,20.722,587.077,608.222,21.145,427.875,422.0
IRF1,"human (chr1, 8, 21)",60879,765,0.918,0.969,116.563,66.033,0.35,0.488,0.137,43.35,4784.655,3158.725,0.021,0.031,33.982,368.0,408.0,40.0,329.0,358.0
IRF4,"human (chr1, 8, 21)",68065,1518,0.773,0.982,1039.815,364.945,0.097,0.234,0.137,64.903,4958.642,2305.296,0.035,0.072,53.51,362.0,436.0,74.0,299.05,351.0
JUND,"human (chr1, 8, 21)",81091,2459,0.759,0.992,444.516,422.242,0.254,0.264,0.01,5.011,1752.312,1695.133,0.122,0.125,3.263,397.519,348.0,-49.519,339.856,289.222
MAFK,"human (chr1, 8, 21)",40189,468,0.868,0.974,368.675,87.835,0.136,0.399,0.262,76.175,4242.405,2679.34,0.021,0.034,36.844,200.0,274.0,74.0,136.0,204.0
MAX,"human (chr1, 8, 21)",73695,5456,0.787,0.992,336.259,267.996,0.524,0.58,0.056,20.301,2072.868,1091.363,0.222,0.352,47.35,609.342,712.0,102.658,475.452,534.0
MYC,"human (chr1, 8, 21)",73655,8356,0.783,0.988,375.229,296.894,0.602,0.656,0.055,20.877,1764.012,1174.278,0.34,0.436,33.431,682.851,850.0,167.149,510.99,658.308
P53,"human (chr1, 8, 21)",20457,240,0.978,0.93,2768.734,37.64,0.021,0.609,0.588,98.641,8167.669,87.989,0.011,0.516,98.923,102.0,206.0,104.0,94.0,127.0
PPARG,"human (chr1, 8, 21)",55117,1390,0.768,0.982,313.152,310.612,0.287,0.289,0.002,0.811,1590.072,1205.662,0.113,0.143,24.176,377.0,393.0,16.0,230.625,214.0
PRGR,"human (chr1, 8, 21)",29896,296,0.668,0.968,998.127,773.348,0.047,0.06,0.013,22.52,3016.591,2293.618,0.026,0.033,23.967,70.0,85.0,15.0,31.0,35.0
REST,"human (chr1, 8, 21)",80620,9453,0.95,0.979,4.341,1.861,0.993,0.997,0.004,57.143,15.257,6.822,0.984,0.993,55.285,998.0,1000.0,2.0,804.0,806.0
RUNX1,"human (chr1, 8, 21)",84144,2554,0.822,0.988,722.809,613.829,0.174,0.198,0.025,15.077,2257.742,1733.576,0.097,0.123,23.216,247.48,328.0,80.52,212.538,273.0
RXRA,"human (chr1, 8, 21)",60913,786,0.776,0.985,1504.638,857.617,0.041,0.07,0.029,43.002,4630.949,2870.389,0.022,0.035,38.017,134.0,147.0,13.0,112.085,112.0
SOX2,"human (chr1, 8, 21)",83417,1382,0.817,0.99,910.396,648.429,0.083,0.113,0.03,28.775,2604.721,1849.024,0.048,0.067,29.013,144.0,208.0,64.0,131.944,176.0
SPI1,"human (chr1, 8, 21)",85359,2968,0.928,0.983,126.817,68.183,0.578,0.718,0.14,46.236,660.528,324.676,0.296,0.461,50.846,755.0,863.0,108.0,687.29,740.0
SRF,"human (chr1, 8, 21)",89333,1939,0.863,0.99,400.454,208.154,0.213,0.343,0.129,48.021,5147.504,2459.338,0.033,0.066,52.223,463.294,601.0,137.706,415.487,526.0
STA5A,"human (chr1, 8, 21)",52861,550,0.724,0.984,801.196,610.091,0.061,0.079,0.018,23.852,6144.416,4971.907,0.013,0.016,19.083,107.538,142.0,34.462,53.51,83.0
STAT1,"human (chr1, 8, 21)",75329,1075,0.882,0.983,151.353,133.725,0.32,0.348,0.028,11.647,589.414,479.231,0.162,0.192,18.694,429.0,423.0,-6.0,358.0,341.0
STAT3,"human (chr1, 8, 21)",72747,842,0.786,0.987,786.699,645.25,0.069,0.082,0.014,17.98,2782.933,2844.159,0.032,0.032,-2.2,116.852,136.0,19.148,85.312,122.0
TAL1,"human (chr1, 8, 21)",70241,1682,0.758,0.983,870.823,592.389,0.121,0.168,0.047,31.974,2665.067,1696.16,0.067,0.101,36.356,222.2,230.0,7.8,145.739,164.895
TF65,"human (chr1, 8, 21)",41883,428,0.815,0.979,357.042,235.895,0.125,0.178,0.053,33.931,4907.671,3339.589,0.016,0.024,31.952,169.571,194.0,24.429,114.111,131.714
TFE2,"human (chr1, 8, 21)",36502,428,0.681,0.975,1656.485,1295.545,0.034,0.043,0.009,21.789,4332.146,3936.606,0.021,0.023,9.13,45.397,75.0,29.603,21.0,41.0
USF2,"human (chr1, 8, 21)",52260,1266,0.897,0.977,50.421,51.856,0.706,0.7,-0.006,-2.846,210.18,201.875,0.48,0.49,3.951,702.414,696.0,-6.414,401.111,385.692
ANDR,"mouse (chr1, 8, 19)",129749,4746,0.841,0.991,121.793,114.375,0.6,0.615,0.015,6.091,948.154,530.486,0.236,0.356,44.051,797.699,817.0,19.301,1018.0,981.0
AP2A,"mouse (chr1, 8, 19)",87726,1334,0.845,0.989,846.015,597.656,0.082,0.113,0.03,29.356,2516.563,2031.553,0.046,0.056,19.273,134.775,164.0,29.225,126.0,152.0
CEBPB,"mouse (chr1, 8, 19)",154452,10000,0.887,0.992,333.309,298.141,0.493,0.521,0.028,10.551,991.067,861.886,0.343,0.375,13.035,585.689,628.081,42.392,923.874,977.0
COE1,"mouse (chr1, 8, 19)",164374,4446,0.877,0.991,177.127,164.564,0.433,0.451,0.018,7.093,598.27,508.292,0.266,0.299,15.04,688.0,651.5,-36.5,1024.667,1014.857
CTCF,"mouse (chr1, 8, 19)",166911,10000,0.954,0.988,90.108,76.747,0.769,0.796,0.027,14.827,205.327,175.483,0.7,0.732,14.535,904.795,764.0,-140.795,1448.672,1344.0
E2F4,"mouse (chr1, 8, 19)",59513,1250,0.843,0.987,1170.501,531.985,0.082,0.165,0.083,54.551,3746.744,1929.83,0.043,0.08,48.493,237.375,276.0,38.625,157.333,187.913
ERG,"mouse (chr1, 8, 19)",69302,1458,0.695,0.983,1261.508,1242.821,0.077,0.078,0.001,1.481,2900.854,2521.731,0.055,0.063,13.069,106.0,56.0,-50.0,73.4,38.0
ESR1,"mouse (chr1, 8, 19)",134572,3796,0.836,0.991,300.855,217.059,0.319,0.394,0.075,27.853,2295.44,1687.572,0.09,0.118,26.482,677.0,634.0,-43.0,859.412,899.0
FLI1,"mouse (chr1, 8, 19)",137002,3449,0.819,0.992,972.291,861.192,0.115,0.128,0.013,11.427,2829.849,2644.487,0.066,0.071,6.55,253.737,279.0,25.263,323.054,402.0
GATA1,"mouse (chr1, 8, 19)",162374,8480,0.88,0.992,454.28,397.231,0.365,0.397,0.032,12.558,1381.475,1238.068,0.232,0.252,10.381,473.308,453.0,-20.308,752.889,784.632
GATA2,"mouse (chr1, 8, 19)",143766,1921,0.788,0.991,979.997,727.989,0.064,0.084,0.02,25.715,3110.263,2145.431,0.033,0.047,31.021,123.333,165.0,41.667,151.0,206.0
GATA3,"mouse (chr1, 8, 19)",158779,5144,0.767,0.993,1011.575,578.288,0.138,0.219,0.081,42.833,2652.03,2179.696,0.089,0.106,17.81,346.979,554.0,207.021,479.13,769.0
GCR,"mouse (chr1, 8, 19)",131214,6532,0.842,0.991,411.585,320.774,0.377,0.437,0.06,22.064,2710.542,2220.876,0.128,0.152,18.065,786.482,747.0,-39.482,981.0,963.667
HNF4A,"mouse (chr1, 8, 19)",132058,3048,0.887,0.991,250.132,182.193,0.316,0.388,0.072,27.161,975.273,648.427,0.159,0.222,33.513,441.739,578.0,136.261,604.4,686.127
IRF1,"mouse (chr1, 8, 19)",96438,1066,0.924,0.981,263.071,238.495,0.174,0.188,0.015,9.342,4673.386,4462.564,0.019,0.019,4.511,336.0,353.0,17.0,330.765,344.0
IRF4,"mouse (chr1, 8, 19)",152558,2628,0.816,0.991,323.221,191.861,0.21,0.31,0.099,40.641,3761.054,1631.056,0.035,0.078,56.633,519.0,556.5,37.5,718.703,784.0
JUND,"mouse (chr1, 8, 19)",139882,1968,0.762,0.995,430.638,421.856,0.14,0.143,0.003,2.039,2008.197,1869.833,0.053,0.057,6.89,183.55,226.0,42.45,248.522,308.0
MAFK,"mouse (chr1, 8, 19)",85021,952,0.901,0.987,45.824,18.819,0.55,0.748,0.199,58.932,851.884,142.906,0.095,0.385,83.225,530.0,612.0,82.0,466.824,552.0
MAX,"mouse (chr1, 8, 19)",64824,1108,0.719,0.991,642.817,483.823,0.117,0.15,0.033,24.734,2805.844,1992.935,0.046,0.064,28.972,236.079,215.5,-20.579,151.101,160.0
MYC,"mouse (chr1, 8, 19)",97313,2423,0.75,0.991,674.874,552.468,0.156,0.184,0.028,18.138,2467.239,1755.593,0.075,0.102,28.844,276.312,332.0,55.688,272.042,322.167
P53,"mouse (chr1, 8, 19)",52887,525,0.986,0.968,16.828,12.29,0.747,0.802,0.055,26.966,2443.133,2261.047,0.031,0.034,7.453,325.0,348.0,23.0,293.0,306.0
PPARG,"mouse (chr1, 8, 19)",139426,8582,0.823,0.992,420.295,360.335,0.423,0.461,0.038,14.266,2014.646,1723.853,0.196,0.222,14.434,727.0,683.0,-44.0,966.66,922.0
PRGR,"mouse (chr1, 8, 19)",66167,668,0.698,0.984,482.869,413.65,0.095,0.109,0.014,14.335,2200.261,1702.208,0.035,0.045,22.636,179.0,157.0,-22.0,131.95,127.0
REST,"mouse (chr1, 8, 19)",141580,2557,0.891,0.988,5.439,7.056,0.943,0.928,-0.016,-29.733,339.59,35.358,0.298,0.803,89.588,939.0,936.23,-2.77,1339.0,1312.0
RUNX1,"mouse (chr1, 8, 19)",168560,4504,0.856,0.994,1323.122,953.948,0.092,0.123,0.031,27.902,4141.156,3224.193,0.049,0.062,22.143,181.165,171.0,-10.165,340.52,322.559
RXRA,"mouse (chr1, 8, 19)",142738,8914,0.815,0.993,1884.397,1017.739,0.142,0.235,0.093,45.991,4864.002,2870.784,0.093,0.148,40.979,464.734,452.273,-12.461,560.894,684.623
SOX2,"mouse (chr1, 8, 19)",169413,6356,0.854,0.995,1272.807,805.959,0.128,0.189,0.06,36.679,3581.807,2219.83,0.077,0.119,38.025,225.633,280.0,54.367,321.103,471.625
SPI1,"mouse (chr1, 8, 19)",161856,10000,0.945,0.99,201.83,134.132,0.605,0.697,0.092,33.542,748.589,482.466,0.398,0.506,35.55,812.85,823.0,10.15,1261.333,1320.0
SRF,"mouse (chr1, 8, 19)",51355,558,0.789,0.983,667.789,413.592,0.075,0.116,0.041,38.065,4630.085,3308.733,0.018,0.026,28.538,153.125,218.5,65.375,99.353,149.0
STA5A,"mouse (chr1, 8, 19)",164376,9620,0.829,0.994,386.412,334.477,0.431,0.467,0.036,13.44,1228.951,1316.707,0.276,0.262,-7.141,503.154,512.12,8.966,838.945,842.0
STAT1,"mouse (chr1, 8, 19)",152961,2778,0.905,0.991,1638.442,697.237,0.053,0.115,0.063,57.445,5366.47,3744.811,0.026,0.037,30.218,184.0,184.0,0.0,245.9,271.0
STAT3,"mouse (chr1, 8, 19)",151105,2185,0.831,0.994,1084.663,929.221,0.062,0.072,0.01,14.331,3676.48,3296.979,0.031,0.034,10.322,126.211,123.0,-3.211,147.454,153.5
TAL1,"mouse (chr1, 8, 19)",146138,2765,0.789,0.991,476.539,386.083,0.166,0.197,0.031,18.982,1674.677,1090.545,0.083,0.122,34.88,259.667,280.8,21.133,377.5,389.429
TF65,"mouse (chr1, 8, 19)",163843,2556,0.891,0.994,796.932,737.413,0.089,0.096,0.007,7.468,3340.332,3955.808,0.036,0.031,-18.426,239.36,229.0,-10.36,342.91,353.0
TFE2,"mouse (chr1, 8, 19)",148756,5578,0.806,0.993,854.239,595.27,0.18,0.24,0.06,30.316,1823.146,1551.601,0.141,0.162,14.894,225.488,398.0,172.512,365.653,567.256
USF2,"mouse (chr1, 8, 19)",68938,884,0.889,0.981,93.417,98.494,0.407,0.394,-0.013,-5.435,184.847,176.535,0.357,0.368,4.497,402.8,394.0,-8.8,261.447,258.545
