TF,test_set,base_auroc,base_auprc,best_mono_col,best_di_col,best_mono_auroc,best_di_auroc,best_mono_auprc,best_di_auprc,check_slim0_refit_minus_pub_auroc,check_slim1_refit_minus_pub_auroc,check_lslim5_refit_minus_pub_auroc,check_munk_refit_minus_pub_auroc,RF2f_published_auroc,RF2f_published_auprc,slim0_auroc,slim0_auprc,slim0_d_auroc,slim0_d_auprc,slim1_auroc,slim1_auprc,slim1_d_auroc,slim1_d_auprc,lslim5_auroc,lslim5_auprc,lslim5_d_auroc,lslim5_d_auprc,munk_auroc,munk_auprc,munk_d_auroc,munk_d_auprc,RF2f_auroc,RF2f_auprc,RF2f_d_auroc,RF2f_d_auprc,RF2f_munk_auroc,RF2f_munk_auprc,RF2f_munk_d_auroc,RF2f_munk_d_auprc,RF2f_slim1_auroc,RF2f_slim1_auprc,RF2f_slim1_d_auroc,RF2f_slim1_d_auprc,RF2f_lslim5_auroc,RF2f_lslim5_auprc,RF2f_lslim5_d_auroc,RF2f_lslim5_d_auprc,RF2f_all5_auroc,RF2f_all5_auprc,RF2f_all5_d_auroc,RF2f_all5_d_auprc,RF_all_auroc,RF_all_auprc,RF_all_d_auroc,RF_all_d_auprc
ANDR,human,0.8779521091470112,0.5415163927881678,mono_105,di_100,0.8779521091470112,0.8866636853106442,0.5387485817088934,0.5474139107544485,0.0,0.0012694242885266105,0.0,1.1102230246251565e-16,0.8837273848741611,0.5760936999200873,0.856432747418427,0.4699899596190307,-0.021519361728584152,-0.0715264331691371,0.8383668250860786,0.446927256978011,-0.039585284060932535,-0.09458913581015677,0.8591548727063084,0.4713901714138982,-0.018797236440702747,-0.07012622137426955,0.8456967232033555,0.5042128181341725,-0.03225538594365562,-0.03730357465399525,0.8867300102064557,0.5488312622794363,0.008777901059444537,0.007314869491268583,0.8882289045697079,0.5636902565426938,0.010276795422696772,0.022173863754526013,0.8959886035460809,0.5760251502347964,0.018036494399069736,0.034508757446628624,0.8938091269547429,0.5613590666259656,0.015857017807731744,0.01984267383779781,0.8975756725496629,0.5743096020739769,0.0196235634026517,0.03279320928580909,0.9375366122556492,0.720667439958371,0.059584503108638054,0.17915104717020325
ANDR,mouse,0.919557209177338,0.5459057740863315,mono_105,di_100,0.9195572091773379,0.9126371729826062,0.4197745257487065,0.42553635797003075,,,,,,,0.9072788810169272,0.36740219374131206,-0.012278328160410745,-0.1785035803450194,0.9006847046796036,0.36119239478694004,-0.018872504497734366,-0.1847133792993914,0.9001574387836268,0.35784542058662994,-0.019399770393711213,-0.18806035349970152,0.9331504977719558,0.5415759337624817,0.013593288594617836,-0.004329840323849754,0.9201069102702261,0.42514938286590265,0.0005497010928880997,-0.1207563912204288,0.9303088196595461,0.5195893110827293,0.010751610482208185,-0.02631646300360213,0.9313874907794459,0.471518320705474,0.011830281602107973,-0.07438745338085745,0.9248470173251873,0.46802470962822273,0.005289808147849295,-0.07788106445810872,0.9347103355992274,0.5349680601347377,0.015153126421889485,-0.010937713951593708,0.948447865148413,0.5789182264206497,0.028890655971074986,0.033012452334318265
AP2A,human,0.8762400859826925,0.0774729890682353,mono_3,di_1,0.8762400859826925,0.90418046372093,0.07747298906823509,0.11984422330702975,0.0,0.0,0.0,0.0,0.8802325250220728,0.0845688211764498,0.8775525612179482,0.1099478822479797,0.0013124752352556834,0.032474893179744405,0.8908119988027979,0.1309737935031669,0.014571912820105393,0.053500804434931604,0.8715315242390946,0.0979060970173367,-0.0047085617435979055,0.0204331079491014,0.8818960163051326,0.1195780722422613,0.00565593032244005,0.042105083174026,0.9081930893059776,0.10509757320703884,0.0319530033232851,0.027624584138803546,0.9151684652179322,0.12626866543159257,0.03892837923523962,0.04879567636335727,0.9254286268202243,0.13440910438836925,0.04918854083753177,0.056936115320133956,0.9187959724843392,0.12484474088298997,0.042555886501646656,0.04737175181475467,0.9273899695852714,0.13356796810577443,0.05114988360257888,0.05609497903753913,0.9081565386669784,0.1043558276551064,0.03191645268428589,0.0268828385868711
AP2A,mouse,0.86282188797258,0.0945449868751386,mono_3,di_1,0.86282188797258,0.8829274217183471,0.09454498687513864,0.11185977173456421,,,,,,,0.8806486972043195,0.12164870493889447,0.017826809231739515,0.027103718063755874,0.9085625865879913,0.14993282642242767,0.0457406986154113,0.05538783954728907,0.8661776129945954,0.09692970165911224,0.003355725022015421,0.002384714783973646,0.8997512974922854,0.13164013165035074,0.03692940951970547,0.03709514477521214,0.8786153154555234,0.10967559375552666,0.015793427482943434,0.015130606880388059,0.8924823662110977,0.12676369831232095,0.029660478238517696,0.03221871143718236,0.900174979067555,0.14472200210080202,0.03735309109497498,0.050177015225663424,0.8910938606537087,0.13097172642121624,0.028271972681128688,0.03642673954607764,0.9052146448537006,0.145435767537525,0.04239275688112065,0.05089078066238639,0.8831321733799273,0.1086630166356543,0.02031028540734736,0.014118029760515696
CEBPB,human,0.9389172460942248,0.2811573402952807,mono_12,di_1,0.9389172460942248,0.9431836771689601,0.28115734029528094,0.29935424983792946,0.0,0.0,-1.1102230246251565e-16,1.1102230246251565e-16,0.9388863165008492,0.308741185414936,0.9072535874869736,0.3158315142822898,-0.03166365860725118,0.03467417398700906,0.9086898310710592,0.3359202925687879,-0.030227415023165616,0.05476295227350719,0.9078027606984278,0.3372154555986941,-0.031114485395796976,0.05605811530341337,0.9079435434622052,0.2981508173914042,-0.030973702632019595,0.016993477096123477,0.9434270562596457,0.29234891372274247,0.004509810165420958,0.011191573427461743,0.9456371264016391,0.31544707151094553,0.006719880307414328,0.03428973121566481,0.9486229994333856,0.34395036981048394,0.009705753339160794,0.06279302951520321,0.950134473324362,0.35109934581764946,0.011217227230137183,0.06994200552236873,0.9504380255436939,0.36459011102581734,0.011520779449469165,0.08343277073053662,0.9484493354485354,0.372775249096431,0.009532089354310602,0.09161790880115028
CEBPB,mouse,0.9219528732727826,0.449919191386473,mono_12,di_1,0.9219528732727826,0.9221863625979565,0.44991919138647307,0.45315972809006805,,,,,,,0.9273663497217067,0.5148469870461325,0.005413476448924093,0.0649277956596595,0.9329023540691718,0.5304996183440015,0.010949480796389133,0.08058042695752848,0.9335233157034863,0.5335474528103231,0.011570442430703709,0.0836282614238501,0.9283668865782406,0.4983394281519604,0.006414013305457988,0.0484202367654874,0.9234347492592696,0.4471498646914202,0.001481875986486969,-0.0027693266950528095,0.927701122172071,0.47853700506555635,0.005748248899288377,0.028617813679083337,0.930884512502423,0.507774244603825,0.008931639229640354,0.057855053217352015,0.9320406401434387,0.5173038496946903,0.010087766870656045,0.06738465830821733,0.9336044845346552,0.5362034594616466,0.01165161126187253,0.08628426807517359,0.9293309268822862,0.4954125579268775,0.00737805360950361,0.04549336654040448
COE1,human,0.9288641005844028,0.1982420935920943,mono_7,di_3,0.9288641005844029,0.9271234244887261,0.19824209359209588,0.18863388832834782,0.0,1.1102230246251565e-16,1.1102230246251565e-16,0.0,0.920169241950516,0.1923800636020881,0.928941512041592,0.2381701437258172,7.741145718920261e-05,0.039928050133722914,0.927861024932208,0.219138315799385,-0.001003075652194818,0.020896222207290704,0.9068223403859466,0.1498155884219151,-0.022041760198456273,-0.048426505170179185,0.9190770537654644,0.2178665799219655,-0.009787046818938383,0.01962448632987121,0.9283298204396571,0.20126845495402754,-0.000534280144745769,0.0030263613619332386,0.9332187819345776,0.21716837880390968,0.004354681350174805,0.018926285211815386,0.939993554249893,0.21758025257443414,0.011129453665490119,0.019338158982339843,0.9346758668474777,0.21893944168674953,0.005811766263074891,0.020697348094655232,0.9387060973101335,0.2304145401058191,0.009841996725730717,0.032172446513724806,0.9319481241275692,0.2234514582052179,0.003084023543166392,0.02520936461312359
COE1,mouse,0.95201799705504,0.4397704639865851,mono_7,di_3,0.9520179970550401,0.9524347528587594,0.43977046398658515,0.4172134641525712,,,,,,,0.9589616187608311,0.48093072327588093,0.006943621705791103,0.04116025928929584,0.9609711319036436,0.45818855131644187,0.008953134848603606,0.01841808732985678,0.9466660005436993,0.3195431262177285,-0.005351996511340662,-0.12022733776885658,0.9589554967414149,0.4741453127875876,0.006937499686374915,0.0343748488010025,0.9526542581251081,0.4326980660227071,0.0006362610700680893,-0.0070723979638779855,0.9584950049947129,0.46083396091642637,0.006477007939672874,0.021063496929841274,0.9605866372998753,0.46470875092625713,0.00856864024483528,0.02493828693967204,0.9567955729088435,0.4505059548919361,0.004777575853803562,0.01073549090535103,0.9624396416421578,0.4794439685481909,0.010421644587117807,0.03967350456160579,0.956082382258701,0.4487212693602342,0.004064385203661036,0.008950805373649118
CTCF,human,0.9683369357475168,0.8174315028254594,mono_105,di_52,0.9683369357475167,0.9737303023317547,0.8142919843758286,0.8340355623443515,1.1102230246251565e-16,1.1102230246251565e-16,0.0,-1.1102230246251565e-16,0.9665676523184822,0.7952029468876326,0.9581196431814688,0.7935744356545286,-0.010217292566047975,-0.023857067170930835,0.9608472987132738,0.7968667144348619,-0.007489637034242991,-0.0205647883905975,0.9590082163264736,0.7997313172668074,-0.009328719421043186,-0.01770018555865205,0.9595997226762788,0.7912376836947583,-0.008737213071237981,-0.026193819130701068,0.972052555290107,0.8333427072110753,0.003715619542590254,0.015911204385615885,0.9718555478715231,0.830023455603101,0.0035186121240062818,0.01259195277764158,0.9727710766028193,0.8327477849786193,0.004434140855302471,0.015316282153159944,0.9722346396188719,0.8322591132297069,0.0038977038713551293,0.014827610404247515,0.9727985512105843,0.8354855439365246,0.004461615463067559,0.018054041111065233,0.975913528088632,0.8443233651609332,0.007576592341115185,0.026891862335473804
CTCF,mouse,0.9780461863731668,0.7461634625553875,mono_105,di_52,0.9780461863731669,0.9802296317657782,0.7480964065894111,0.7633082023616844,,,,,,,0.975214211878071,0.7276697490255202,-0.002831974495095757,-0.018493713529867284,0.9796259465556908,0.7510069758225463,0.001579760182524037,0.004843513267158817,0.9767613277590481,0.745185807718054,-0.0012848586141186447,-0.0009776548373334748,0.9770487320837927,0.7349980664320308,-0.0009974542893740335,-0.011165396123356652,0.9798730429988975,0.7560422018324963,0.0018268566257307883,0.009878739277108806,0.9796926410512966,0.7521395334439639,0.0016464546781298495,0.005976070888576435,0.9809952396581502,0.7670842689046452,0.002949053284983405,0.020920806349257748,0.9798137335814571,0.7567613650312888,0.0017675472082903099,0.01059790247590131,0.9809817186175602,0.7695240023513181,0.0029355322443934684,0.023360539795930668,0.9799376522359806,0.7486518327721627,0.001891465862813857,0.002488370216775282
E2F4,human,0.7528403450827513,0.1079416010783942,mono_5,di_1,0.7528403450827513,0.7956979463084288,0.10740983574939131,0.09277514768325944,0.0,-1.1102230246251565e-16,-1.1102230246251565e-16,0.0,0.8145556217325127,0.1159019765071623,0.824317892711778,0.1523653265507164,0.0714775476290267,0.044423725472322206,0.8513615407599923,0.1371545972653405,0.09852119567724094,0.029212996186946283,0.819893812721885,0.1741479776670796,0.06705346763913367,0.06620637658868539,0.7949651952654733,0.0827481117231903,0.04212485018272194,-0.025193489355203907,0.7972397774983639,0.11038648281573088,0.044399432415612616,0.002444881737336674,0.8173432007187218,0.10961962595915647,0.06450285563597047,0.0016780248807622689,0.8405802532638943,0.148482314392954,0.08773990818114297,0.0405407133145598,0.8361219985574759,0.16338849969764552,0.0832816534747246,0.05544689861925131,0.8643180614964414,0.19075886238162093,0.11147771641369009,0.08281726130322672,0.8438065052617365,0.1660918614675668,0.09096616017898518,0.05815026038917259
E2F4,mouse,0.8281590168717711,0.1556118417378499,mono_5,di_1,0.8281590168717711,0.8536315534730446,0.15139126640567768,0.14818640257658064,,,,,,,0.8793203096304688,0.2141083449251786,0.05116129275869774,0.05849650318732871,0.8822803082573847,0.2010977497986308,0.05412129138561361,0.0454859080607809,0.879952587405386,0.21569615779658033,0.051793570533614885,0.060084316058730436,0.8266615176012221,0.15345391628256674,-0.0014974992705489854,-0.0021579254552831495,0.8590701611657484,0.14686571244303703,0.030911144293977344,-0.00874612929481286,0.8642465372534884,0.15677707582600411,0.036087520381717364,0.0011652340881542211,0.8913314041501468,0.2124310886733186,0.06317238727837571,0.05681924693546872,0.8929171378061548,0.21038224588059212,0.06475812093438371,0.05477040414274223,0.9028426273964609,0.24273271375417071,0.07468361052468986,0.08712087201632082,0.879072056021832,0.1979832375306015,0.05091303915006096,0.04237139579275162
ERG,human,0.7588901941025061,0.072289405540921,mono_22,di_6,0.7588901941025062,0.7554783031700688,0.07255747192532169,0.07856889092011834,0.0,1.1102230246251565e-16,0.0,-1.1102230246251565e-16,0.7367976728084288,0.0614892309791937,0.7482439780855741,0.0791383028562634,-0.010646216016932053,0.006848897315342398,0.7501226190057345,0.0826961155604118,-0.008767575096771618,0.010406710019490797,0.7486560596181595,0.0785930036892219,-0.010234134484346624,0.006303598148300893,0.7341955807456154,0.0695696862333948,-0.024694613356890716,-0.0027197193075262083,0.7593597720645204,0.07772557275154472,0.00046957796201430035,0.0054361672106237185,0.7653544865004671,0.08081340529744586,0.00646429239796098,0.008523999756524861,0.7719711115292045,0.08878016299578813,0.013080917426698369,0.016490757454867125,0.775381880444711,0.08807847503206075,0.01649168634220488,0.015789069491139743,0.7780587353105682,0.09424286558879431,0.019168541208062106,0.02195346004787331,0.7681327272919454,0.0841216132586655,0.00924253318943924,0.0118322077177445
ERG,mouse,0.8003593877797115,0.0732963877583413,mono_22,di_6,0.8003593877797115,0.8023990868585876,0.07000823243619476,0.06875857829406458,,,,,,,0.8284499039149686,0.09565936752966188,0.02809051613525715,0.022362979771320582,0.8203203140360169,0.09043673139264058,0.01996092625630541,0.017140343634299282,0.8256567717807227,0.0947026647620403,0.025297384001011225,0.021406277003699,0.8044066679558342,0.07165629963032678,0.0040472801761226584,-0.0016400881280145135,0.8056424166503497,0.0701658643762326,0.005283028870638251,-0.003130523382108702,0.8073041506743988,0.06969119932082533,0.006944762894687262,-0.003605188437515963,0.8229721856863753,0.08508447029716715,0.022612797906663817,0.01178808253882585,0.8270977641840973,0.08739920140236893,0.02673837640438581,0.014102813644027629,0.8297121092534645,0.09206661337964697,0.029352721473753007,0.018770225621305675,0.8139492872739842,0.065173343747252,0.013589899494272695,-0.008123044011089292
ESR1,human,0.8537285780143842,0.5841917697210154,mono_16,di_84,0.8537285780143843,0.8593224621046647,0.5841917697210142,0.6041033434510055,0.0,0.0,-1.1102230246251565e-16,-1.1102230246251565e-16,0.8389665032502706,0.5682288290677183,0.8308882688726702,0.5685010221011557,-0.022840309141713977,-0.01569074761985967,0.8366783147329193,0.5315339783737671,-0.01705026328146486,-0.05265779134724824,0.8366907958327942,0.5816057724222947,-0.017037782181590022,-0.002585997298720666,0.8246031532012791,0.5691678532551004,-0.029125424813105094,-0.015023916465914944,0.8571716330449112,0.6020339432884272,0.003443055030526998,0.0178421735674118,0.8591606554844012,0.6151525123600022,0.00543207747001706,0.03096074263898685,0.8633672441832411,0.607847002419432,0.009638666168856891,0.02365523269841663,0.8606600009758969,0.6137809399989002,0.006931422961512723,0.02958917027788477,0.8633229965908753,0.6187891152175674,0.009594418576491126,0.03459734549655202,0.8733956265815667,0.6257570655134885,0.019667048567182488,0.041565295792473145
ESR1,mouse,0.8691397574230324,0.371448478866594,mono_16,di_84,0.8691397574230324,0.8725425969891776,0.37144847886659405,0.3872292664768628,,,,,,,0.8600374304556547,0.36711252699959185,-0.009102326967377672,-0.004335951867002141,0.8707250359578487,0.3094770530176442,0.0015852785348162701,-0.06197142584894977,0.8677767256431465,0.37585596738183175,-0.0013630317798859481,0.004407488515237756,0.8620191429413839,0.37326338788700186,-0.0071206144816484684,0.0018149090204078733,0.8726729407657414,0.3883445008053244,0.003533183342709023,0.01689602193873041,0.8764183351217985,0.3928897042644901,0.007278577698766053,0.021441225397896113,0.8833816471095807,0.38877915974838145,0.01424188968654827,0.017330680881787464,0.8773291018360179,0.40001815002740404,0.008189344412985466,0.02856967116081005,0.8858136263760206,0.4005782764307545,0.01667386895298817,0.02912979756416051,0.8935513422737892,0.3882835755133371,0.024411584850756785,0.016835096646743097
FLI1,human,0.8629455278051181,0.0591874948051516,mono_16,di_0,0.8629455278051181,0.8698968073326772,0.06431385081987298,0.06910068537568557,1.1102230246251565e-16,1.1102230246251565e-16,-1.1102230246251565e-16,-1.1102230246251565e-16,0.8676513287401575,0.0704011406307788,0.8489526943897637,0.0557306802866062,-0.0139928334153544,-0.0034568145185453966,0.86513671875,0.0999731351511975,0.002191190944881849,0.040785640346045905,0.8736257381889764,0.0829328115501881,0.010680210383858246,0.0237453167450365,0.8772396345964567,0.0712384220932027,0.014294106791338579,0.012050927288051107,0.8690814160925198,0.05457645959046713,0.006135888287401636,-0.004611035214684471,0.8835837536909449,0.06365566020076112,0.020638225885826755,0.0044681653956095205,0.8892039862204725,0.07772913422510644,0.026258458415354347,0.01854163941995484,0.8895886134350394,0.07320967020240106,0.026643085629921237,0.01402217539724946,0.8942731914370078,0.08132993329261841,0.03132766363188966,0.02214243848746681,0.877015717273622,0.0671398273298297,0.014070189468503913,0.007952332524678106
FLI1,mouse,0.8216431351210289,0.1383334145100635,mono_16,di_0,0.8216431351210289,0.8239335038811468,0.14052617472653842,0.1350654775829451,,,,,,,0.8458531487321869,0.1854560286232033,0.024210013611157932,0.04712261411313978,0.8450932582915833,0.1847465184428051,0.023450123170554393,0.04641310393274159,0.8434665540450204,0.18377594304169767,0.021823418923991422,0.04544252853163416,0.832733530337415,0.14821348961920783,0.011090395216386106,0.00988007510914432,0.8146025979172349,0.12251894156320327,-0.007040537203794051,-0.01581447294686024,0.8242300307923184,0.13107158489901893,0.0025868956712894464,-0.0072618296110445735,0.8375436630517126,0.15556494940008894,0.01590052793068364,0.017231534890025435,0.8378173329402119,0.1633445209936723,0.016174197819182945,0.025011106483608797,0.8433381457079325,0.16176248276270405,0.021695010586903596,0.023429068252640545,0.8307406686799241,0.1469110824263817,0.009097533558895199,0.008577667916318199
GATA1,human,0.9095333815491008,0.3423246247558992,mono_26,di_4,0.9095333815491007,0.9176898705554797,0.3423246247558963,0.3505148617591815,0.0,0.0,1.1102230246251565e-16,0.0,0.9023093744805818,0.3144717855838957,0.9019395199471146,0.303139477357084,-0.007593861601986163,-0.03918514739881518,0.9060275854081706,0.3032811372357267,-0.003505796140930162,-0.039043487520172504,0.9048332101330502,0.3029696655661156,-0.004700171416050614,-0.0393549591897836,0.9021868349036606,0.2947797594551855,-0.007346546645440211,-0.04754486530071372,0.9182374933898376,0.347546084430264,0.008704111840736828,0.005221459674364826,0.9201806630058131,0.35575709707953046,0.010647281456712343,0.013432472323631262,0.9233447466382287,0.354863172675071,0.013811365089127947,0.012538547919171805,0.9226363861635134,0.355898746247877,0.013103004614412606,0.013574121491977786,0.9236246177234009,0.35703310582991565,0.014091236174300081,0.014708481074016455,0.9238850126331308,0.3611788678606823,0.014351631084030037,0.01885424310478312
GATA1,mouse,0.8978615143025425,0.3425902577400975,mono_26,di_4,0.8978615143025425,0.9084475096464338,0.34259025774009755,0.36479311849743506,,,,,,,0.8945756395114893,0.32260710433391965,-0.003285874791053134,-0.019983153406177845,0.8979216378505812,0.3325178351057221,6.012354803874853e-05,-0.01007242263437541,0.8955232548267111,0.33049230260653034,-0.002338259475831328,-0.012097955133567151,0.8982771443576331,0.3219530916252298,0.0004156300550905989,-0.02063716611486771,0.9084926916738327,0.3628689069841791,0.010631177371290268,0.020278649244081626,0.9129954368094824,0.37258216031214925,0.0151339225069399,0.029991902572051754,0.9157635410528835,0.3842123818001093,0.017902026750341027,0.04162212406001181,0.9125497367429578,0.377283863812389,0.014688222440415344,0.034693606072291494,0.9157358158310878,0.3854609876158794,0.0178743015285453,0.04287072987578189,0.9110460534155954,0.368209913709365,0.013184539113052951,0.02561965596926752
GATA2,human,0.8598215403820672,0.1997043727279986,mono_36,di_6,0.859821540382067,0.873019345259764,0.19970437272800035,0.21824064598279064,-1.1102230246251565e-16,-1.1102230246251565e-16,-1.1102230246251565e-16,1.1102230246251565e-16,0.8681503091801926,0.1523285853043553,0.870401200277952,0.1852862018065324,0.01057965989588483,-0.014418170921466189,0.8714760876469471,0.1718818955561596,0.011654547264879911,-0.027822477171839,0.8674881072179739,0.1805457882426747,0.0076665668359067185,-0.0191585844853239,0.8684414450614012,0.1752311407631453,0.008619904679334045,-0.024473231964853293,0.8722013574622051,0.20033848979416186,0.012379817080137911,0.0006341170661632589,0.8823339198554461,0.20719468399646448,0.02251237947337892,0.007490311268465888,0.8883902204685592,0.21837148346607868,0.02856868008649205,0.018667110738080084,0.8848440849487615,0.2126083258164393,0.025022544566694394,0.012903953088440695,0.8901337797775413,0.22364029614690173,0.030312239395474116,0.023935923418903132,0.891841197990109,0.231237021865377,0.03201965760804182,0.03153264913737841
GATA2,mouse,0.8089042505925435,0.062152646828118,mono_36,di_6,0.8089042505925435,0.8278800449545257,0.06215264682811804,0.07197832904878261,,,,,,,0.8488205455695246,0.08262103335016159,0.039916294976981126,0.020468386522043594,0.8560403776739458,0.09562813070094849,0.04713612708140236,0.03347548387283049,0.8486560993645706,0.08221970381850233,0.0397518487720272,0.02006705699038433,0.8458020352699658,0.0790385701508362,0.03689778467742233,0.016885923322718197,0.8280650740008839,0.07194216442356535,0.019160823408340466,0.009789517595447356,0.8436082075130619,0.08142789438087265,0.03470395692051842,0.019275247552754657,0.8538548458095256,0.08950283981210015,0.04495059521698219,0.027350192983982155,0.8463237094680466,0.07854289658006587,0.03741945887550313,0.016390249751947875,0.8576343303811933,0.08909866887959395,0.04873007978864985,0.02694602205147595,0.8522770499997165,0.0850391784547245,0.04337279940717309,0.022886531626606504
GATA3,human,0.8008362795720226,0.1182923649310322,mono_42,di_15,0.8008362795720226,0.8133518282655667,0.11829236493103201,0.12079433506752989,0.0,1.1102230246251565e-16,0.0,0.0,0.8095092827567899,0.1267541942659281,0.7937667675674798,0.1080886422887001,-0.007069512004542866,-0.010203722642332103,0.8075826811395271,0.1056317456394002,0.006746401567504501,-0.012660619291632008,0.7898432780349209,0.0936905754120512,-0.010993001537101699,-0.02460178951898101,0.7951960686190008,0.1175563701771722,-0.005640210953021807,-0.0007359947538600059,0.8093016550030416,0.11092959929138102,0.008465375431018995,-0.0073627656396511865,0.8143027586281738,0.11463456657542188,0.01346647905615117,-0.0036577983556103227,0.8230239122808578,0.1211760461305385,0.02218763270883517,0.0028836811995062994,0.8204943863506038,0.12098004296431676,0.019658106778581153,0.0026876780332845546,0.8249426375437439,0.12301492430524195,0.024106357971721226,0.004722559374209748,0.8399159938050764,0.1585696776935884,0.039079714233053786,0.040277312762556194
GATA3,mouse,0.8231288005579259,0.166652115871246,mono_42,di_15,0.8231288005579259,0.8471890429139656,0.166652115871246,0.22670618251876265,,,,,,,0.8324396363480104,0.17945691880535822,0.009310835790084515,0.012804802934112208,0.8280072436939139,0.15621276536574627,0.004878443135987953,-0.01043935050549974,0.8174525904416564,0.14461048296952608,-0.005676210116269509,-0.022041632901719926,0.8429802025169125,0.227515024112577,0.019851401958986603,0.060862908241331004,0.8426591997321924,0.2141644281017439,0.019530399174266466,0.0475123122304979,0.8470942938973788,0.2240804313023966,0.02396549333945286,0.057428315431150595,0.8495926146583308,0.21974089000082764,0.02646381410040488,0.05308877412958163,0.8481510301348943,0.21373356219853532,0.025022229576968424,0.047081446327289306,0.8529924011997291,0.23062831340933554,0.029863600641803156,0.06397619753808953,0.8561499374843762,0.259731647234156,0.033021136926450256,0.09307953136290997
GCR,human,0.906350032544391,0.4051967733061211,mono_15,di_13,0.906350032544391,0.9167054919177975,0.40519677330612064,0.414973296765177,1.1102230246251565e-16,0.0,1.1102230246251565e-16,-1.1102230246251565e-16,0.9031259198454452,0.3533339276743332,0.897478048082783,0.3958034531809195,-0.008871984461607973,-0.00939332012520161,0.8938496076017064,0.3884532359401189,-0.012500424942684552,-0.016743537366002204,0.9025447640842588,0.394103505136105,-0.003805268460132183,-0.011093268170016102,0.8925461114635026,0.3682950364651041,-0.013803921080888348,-0.036901736841017,0.9145974341753417,0.39971387703813194,0.008247401630950724,-0.005482896267989146,0.9169113611017833,0.40157190540806476,0.010561328557392335,-0.0036248678980563276,0.921476136877148,0.4152800625107549,0.015126104332757073,0.010083289204633805,0.923160288380616,0.4239685370764386,0.016810255836225085,0.01877176377031753,0.9223769739105923,0.41323679402918523,0.01602694136620131,0.008040020723064145,0.9244181290913688,0.4423663350386808,0.01806809654697783,0.0371695617325597
GCR,mouse,0.8409362837306731,0.4204938509527975,mono_15,di_13,0.8409362837306731,0.8475838399391421,0.4204938509527975,0.42859925943147037,,,,,,,0.845670841611875,0.43632566019785685,0.004734557881201917,0.015831809245059336,0.8445204275119874,0.4301271463333387,0.0035841437813143306,0.009633295380541196,0.8482553989670605,0.4253448611229904,0.007319115236387397,0.004851010170192904,0.8441750129537136,0.4332717434196497,0.0032387292230404707,0.012777892466852181,0.8459874376015768,0.42041860349417254,0.005051153870903713,-7.524745862497184e-05,0.8490046749966821,0.43177318564794764,0.008068391266009,0.011279334695150134,0.8522018213968916,0.44884455637481324,0.011265537666218517,0.028350705422015732,0.8551361448583372,0.4408445481761284,0.014199861127664137,0.020350697223330882,0.8556901660457394,0.4451104030123769,0.014753882315066358,0.02461655205957941,0.8654090586979915,0.4346016385444837,0.024472774967318367,0.014107787591686183
HNF4A,human,0.9418555647677528,0.4640210302460877,mono_5,di_2,0.9418555647677528,0.9484576148052621,0.4480458873320777,0.4853109352252996,-1.1102230246251565e-16,0.0,1.1102230246251565e-16,1.1102230246251565e-16,0.9403249580288328,0.4681257582898704,0.927021078024255,0.4729834210101152,-0.014834486743497743,0.008962390764027495,0.9316039551784449,0.5191950949774349,-0.01025160958930793,0.05517406473134717,0.9352888050663744,0.5258227123257389,-0.006566759701378433,0.06180168207965114,0.9333249101060256,0.4971770944338505,-0.0085306546617272,0.03315606418776279,0.947848491121269,0.4819661089325448,0.005992926353516226,0.017945078686457117,0.9522449307016145,0.5077085984661599,0.01038936593386175,0.04368756822007219,0.954847535714618,0.5362595958897421,0.012991970946865217,0.07223856564365444,0.9554951572289152,0.5396516669389234,0.01363959246116242,0.0756306366928357,0.9563718380684402,0.5375948071907504,0.014516273300687388,0.07357377694466266,0.9541429061265524,0.5188465301051339,0.012287341358799608,0.05482549985904622
HNF4A,mouse,0.9270591116764229,0.3125966486187171,mono_5,di_2,0.9270591116764229,0.9338468772182099,0.29227952492498777,0.3382668945305674,,,,,,,0.9331383088779664,0.34046768315742665,0.006079197201543596,0.027871034538709538,0.9428276252161372,0.4059068247477664,0.015768513539714313,0.0933101761290493,0.9419756189930952,0.3966807238160867,0.014916507316672378,0.0840840751973696,0.9392436159804496,0.3802160511210091,0.012184504304026733,0.06761940250229198,0.9340181314150706,0.332904706370569,0.006959019738647765,0.020308057751851905,0.9388608987970373,0.37468263352945536,0.011801787120614415,0.062085984910738246,0.9431933138715772,0.38991195997350964,0.01613420219515438,0.07731531135479253,0.9415283175061608,0.38590789762636835,0.014469205829737986,0.07331124900765124,0.9436317679497876,0.39502148999641423,0.016572656273364794,0.08242484137769712,0.9395065180403726,0.3812100918334066,0.012447406363949698,0.06861344321468948
IRF1,human,0.810201749573414,0.4029052673239492,mono_5,di_4,0.810201749573414,0.8205354597506569,0.4029052673239741,0.4089557814436602,5.551115123125783e-17,0.0,1.1102230246251565e-16,0.0,0.8234607078794299,0.4189319338209948,0.424785815447382,0.010656921598098,-0.385415934126032,-0.3922483457258512,0.6820355050893498,0.2422222308410515,-0.1281662444840641,-0.16068303648289772,0.6980685281842495,0.2379941439413025,-0.11213322138916448,-0.1649111233826467,0.7429621736130546,0.2674927449865145,-0.06723957596035934,-0.13541252233743473,0.8235748809288496,0.3997909894437598,0.013373131355435608,-0.00311427788018942,0.8219940174670304,0.4374107413753977,0.011792267893616426,0.03450547405144849,0.8264314034271703,0.4375040189276717,0.0162296538537563,0.0345987516037225,0.8238519688409017,0.4526648510128998,0.013650219267487773,0.049759583688950615,0.8332679673326562,0.4316966351599901,0.023066217759242225,0.028791367836040915,0.8456707093124372,0.464551664654376,0.0354689597390232,0.06164639733042676
IRF1,mouse,0.7887875503046469,0.2230244493033893,mono_5,di_4,0.7887875503046469,0.791121720150399,0.22302444930338938,0.2025178903102316,,,,,,,0.48438897583543505,0.010956198838226608,-0.3043985744692118,-0.2120682504651627,0.7947196733887464,0.19892335204774353,0.0059321230840995165,-0.02410109725564577,0.7854061137039446,0.212468652862282,-0.0033814366007022256,-0.010555796441107296,0.7916298764612377,0.22398865773235063,0.0028423261565908575,0.0009642084289613329,0.7936041786879918,0.21202153895425052,0.004816628383344956,-0.011002910349138778,0.7928085974628116,0.2292815318476613,0.004021047158164759,0.0062570825442720135,0.7954601676665499,0.23528401510410754,0.006672617361903055,0.012259565800718242,0.7958963632404882,0.23600088500639138,0.007108812935841313,0.012976435703002082,0.797556633965515,0.24578882002441102,0.008769083660868149,0.02276437072102172,0.8033422240974593,0.2408139269422777,0.01455467379281239,0.017789477638888412
IRF4,human,0.7562861700388561,0.2070114136796756,mono_8,di_4,0.7562861700388561,0.7807755038871851,0.207011413679689,0.2523448614724273,0.0,0.0,0.0,-1.1102230246251565e-16,0.8235157107007077,0.2210290645344189,0.7451383731822336,0.1718060097758904,-0.011147796856622483,-0.03520540390378521,0.79170031154539,0.1708634260259873,0.03541414150653388,-0.03614798765368829,0.7518601027183716,0.2039688067798982,-0.004426067320484561,-0.0030426068997773947,0.7333478613874751,0.2266521759581805,-0.022938308651381023,0.019640762278504892,0.7772079835874565,0.22282631225827193,0.020921813548600343,0.01581489857859633,0.7798404856084261,0.24022912828512263,0.023554315569569995,0.033217714605447035,0.8313963782380678,0.26019546024645424,0.07511020819921166,0.05318404656677864,0.7884808864322527,0.24751659140255539,0.03219471639339655,0.04050517772287979,0.835959272190024,0.27138990057572243,0.07967310215116785,0.06437848689604683,0.8499772605661153,0.3062668361269359,0.09369109052725921,0.0992554224472603
IRF4,mouse,0.8137289436237165,0.2707132801328422,mono_8,di_4,0.8137289436237165,0.824101437596297,0.2707132801328422,0.2874325634060253,,,,,,,0.820514466872973,0.24230883819186938,0.00678552324925652,-0.028404441940972802,0.8575567862668738,0.22935882539393984,0.04382784264315731,-0.04135445473890234,0.8279156148059352,0.281521587910755,0.014186671182218724,0.010808307777912807,0.8268728019295863,0.2735990762659588,0.013143858305869838,0.002885796133116625,0.825441228230201,0.2685026169368572,0.011712284606484547,-0.0022106631959850076,0.8287088591621803,0.27467233375854055,0.014979915538463784,0.003959053625698372,0.8615246171196482,0.2874954483457507,0.04779567349593172,0.01678216821290851,0.8337982839480342,0.2924076300664806,0.02006934032431773,0.02169434993363839,0.8690535618803741,0.3080183114367415,0.055324618256657576,0.03730503130389934,0.8708842538491581,0.3318961605430425,0.057155310225441625,0.06118288041020031
JUND,human,0.856309952340368,0.2419773587678037,mono_14,di_7,0.856309952340368,0.8558352297653022,0.24197735876780263,0.2512582894993264,-0.00037963893849568553,-0.0011610857580031109,-1.1908081218647837e-05,0.0,0.8524255388327882,0.2265227110469199,0.8454758533385305,0.2241529096499606,-0.010834099001837516,-0.017824449117843116,0.8467199155373892,0.2225902768515573,-0.009590036802978763,-0.019387081916246413,0.8466885821562546,0.2276047937059107,-0.009621370184113354,-0.014372565061893022,0.8307482229367404,0.2001144793045315,-0.025561729403627553,-0.04186287946327222,0.8523349753538663,0.1813321200122183,-0.003974976986501733,-0.06064523875558542,0.8559667073942868,0.21916495225158317,-0.00034324494608117817,-0.022812406516220546,0.8622520047054323,0.233502308975914,0.005942052365064288,-0.008475049791889705,0.8627617481586616,0.24302637358029713,0.006451795818293582,0.0010490148124934207,0.8651920285023557,0.24700733625841342,0.008882076161987662,0.0050299774906097106,0.8716437441576703,0.2806033325606505,0.015333791817302322,0.038625973792846796
JUND,mouse,0.8478882606940981,0.1172240199272844,mono_14,di_7,0.8478882606940981,0.8470243946062299,0.11722401992728441,0.1159335238645318,,,,,,,0.8555091323849634,0.13719832177625832,0.0076208716908653384,0.01997430184897392,0.8705654694848716,0.13449885152732385,0.022677208790773506,0.017274831600039453,0.8524919603485666,0.1335396459673605,0.004603699654468496,0.01631562604007611,0.8554469286916284,0.14344620336375205,0.007558667997530355,0.02622218343646765,0.8383810066447678,0.08191615193542634,-0.009507254049330283,-0.03530786799185806,0.8531613712728481,0.13419252700792197,0.005273110578750018,0.016968507080637574,0.860280704270636,0.11868639846386432,0.012392443576537904,0.0014623785365799197,0.852090611493365,0.12221343048129757,0.004202350799266896,0.004989410554013168,0.8603336859154951,0.13074735714340843,0.012445425221397022,0.013523337216124032,0.8597299714939591,0.1379650888412288,0.011841710799861072,0.020741068913944394
MAFK,human,0.8082991042005165,0.2708518446371086,mono_4,di_0,0.8082991042005166,0.8540467732519796,0.2482059170493658,0.38313424771611576,-1.1102230246251565e-16,0.0,0.0,0.0,0.8606242214660935,0.4183131405379505,0.821445017027958,0.3645011830635792,0.013145912827441486,0.09364933842647061,0.8536768317992356,0.4194401227315678,0.04537772759871905,0.14858827809445918,0.8528099412203538,0.3929220539171489,0.04451083701983727,0.12207020928004031,0.8542254769754077,0.4087967645743542,0.0459263727748912,0.1379449199372456,0.8492214499553188,0.41373441545196504,0.04092234575480225,0.14288257081485645,0.864351070942043,0.46046632250711084,0.05605196674152646,0.18961447787000224,0.8649856251628614,0.44836120620992065,0.05668652096234483,0.17750936157281205,0.8649356505213608,0.4458626635016804,0.05663654632084425,0.17501081886457182,0.8704116124498289,0.4596610260352956,0.06211250824931236,0.18880918139818698,0.856291812744319,0.4506117505877064,0.04799270854380244,0.17975990595059782
MAFK,mouse,0.9087750398307272,0.5334027439052422,mono_4,di_0,0.9087750398307273,0.940349306407072,0.4824870377218108,0.6290363875893248,,,,,,,0.9229547812416191,0.6151033049238207,0.014179741410891955,0.08170056101857848,0.9574905757185649,0.6685231296529621,0.048715535887837724,0.1351203857477199,0.9474153808831102,0.6524161002060817,0.03864034105238301,0.11901335630083942,0.9464361557348201,0.6572755525423636,0.037661115904092934,0.12387280863712136,0.9374976947207531,0.5813987348170725,0.0287226548900259,0.047995990911830266,0.944145120489762,0.6737150097260691,0.0353700806590348,0.1403122658208269,0.9499105301757429,0.6594282085876498,0.041135490345015735,0.1260254646824076,0.945356410415574,0.6401040288450429,0.036581370584846895,0.10670128493980069,0.9520761182466063,0.6698301371811546,0.04330107841587916,0.13642739327591236,0.940991286069436,0.6580669071382138,0.03221624623870889,0.12466416323297158
MAX,human,0.8892363480838157,0.4490968831687416,mono_38,di_14,0.8892363480838157,0.8978638973920323,0.43033169138678795,0.5072778269235289,0.0,0.0,0.0,0.0,0.8528355428924361,0.457516289195107,0.8866047459809943,0.4321851890294728,-0.0026316021028214287,-0.016911694139268796,0.9208323871734412,0.5455444301834477,0.031596039089625494,0.09644754701470609,0.9026502165989908,0.4775596624944351,0.01341386851517512,0.02846277932569352,0.8637175401799583,0.4329441633057066,-0.02551880790385741,-0.01615271986303496,0.9028964187196294,0.5116275538294346,0.013660070635813759,0.06253067066069301,0.9058781545962808,0.5248695194119001,0.016641806512465163,0.0757726362431585,0.9263888373789224,0.5687183331955892,0.03715248929510673,0.1196214500268476,0.9223900028960659,0.537766271232327,0.03315365481225019,0.08866938806358543,0.9300445510236384,0.5832721084718075,0.04080820293982268,0.13417522530306597,0.9142425133433256,0.5366390199565039,0.025006165259509938,0.08754213678776229
MAX,mouse,0.8608015164539937,0.1470968070994115,mono_38,di_14,0.8608015164539937,0.8598502056621746,0.1318927211397446,0.13374831238009044,,,,,,,0.8216428956064739,0.0801753409038199,-0.039158620847519865,-0.0669214661955916,0.8725105006807057,0.15054166965080173,0.01170898422671196,0.003444862551390232,0.8451144354925161,0.11632731995285973,-0.01568708096147764,-0.03076948714655177,0.8369642970056883,0.10011531476943077,-0.023837219448305413,-0.04698149232998074,0.8709184149292449,0.14362823690720655,0.010116898475251213,-0.0034685701922049506,0.8710804323925687,0.13836275219392125,0.010278915938574995,-0.008734054905490257,0.882027702238249,0.15940136228494312,0.02122618578425528,0.012304555185531613,0.8758561797126372,0.16151285411415692,0.015054663258643464,0.014416047014745415,0.8826278382660602,0.1654072484093107,0.02182632181206645,0.0183104413098992,0.8690437122492796,0.1618691310535261,0.008242195795285845,0.014772323954114597
MYC,human,0.8924913912407535,0.5366777692136409,mono_44,di_49,0.8924913912407535,0.8980845180329705,0.5449870514392544,0.6015623872967518,2.220446049250313e-16,0.0,-1.1102230246251565e-16,0.0,0.8836997728114627,0.5516975862153117,0.9075657964452372,0.6044559414783757,0.015074405204483665,0.06777817226473482,0.907062404495824,0.6146729109081236,0.014571013255070486,0.07799514169448274,0.9101293841384828,0.6091846022505808,0.01763799289772927,0.07250683303693994,0.8579383823622223,0.5152591601597665,-0.03455300887853119,-0.021418609053874382,0.9071454576613373,0.5801829460709923,0.014654066420583756,0.043505176857351446,0.9084060414921936,0.5999097839580053,0.01591465025144012,0.06323201474436446,0.9232819581165729,0.6337203124367876,0.03079056687581938,0.09704254322314676,0.9193236079970935,0.6219421032369702,0.026832216756339955,0.08526433402332934,0.9245842857069653,0.64006480619817,0.032092894466211774,0.10338703698452911,0.914264906524805,0.6271401669598297,0.02177351528405147,0.0904623977461888
MYC,mouse,0.8745789474851673,0.1673442823597931,mono_44,di_49,0.8745789474851673,0.861960102639862,0.17169458892092374,0.16362220449746287,,,,,,,0.8804962602613005,0.19782151034273834,0.005917312776133166,0.03047722798294525,0.8705531921815589,0.19685221954542315,-0.00402575530360838,0.02950793718563005,0.8920309882020353,0.20985731255912893,0.01745204071686801,0.04251303019933583,0.831864773630409,0.14193452266436232,-0.042714173854758286,-0.025409759695430773,0.8798342168856639,0.17721086939727665,0.005255269400496587,0.009866587037483554,0.878534965024776,0.18101237303717388,0.003956017539608725,0.013668090677380784,0.892936900632646,0.21956143760932106,0.01835795314747868,0.05221715524952797,0.8964888662489794,0.2097270609256116,0.021909918763812097,0.04238277856581851,0.8997596800291858,0.23199953304279092,0.025180732544018536,0.06465525068299782,0.8883664413737618,0.2141738017929962,0.01378749388859446,0.0468295194332031
P53,human,0.8879167284958204,0.3409618674656071,mono_28,di_9,0.8879167284958204,0.9245406093881388,0.420494854033394,0.4225370426068834,5.551115123125783e-17,5.551115123125783e-17,5.551115123125783e-17,-1.1102230246251565e-16,0.9129371321165356,0.4794325287579408,0.4587545959670904,0.0739620599109217,-0.42916213252873,-0.2669998075546854,0.482973075464543,0.2466163881959601,-0.4049436530312774,-0.09434547926964698,0.477178241084236,0.1134753062120733,-0.41073848741158436,-0.22748656125353378,0.5318725165289938,0.2594656074821704,-0.35604421196682656,-0.08149625998343668,0.8992098234159371,0.40640507256599623,0.011293094920116764,0.06544320510038915,0.9109245931641687,0.553276252885681,0.023007864668348366,0.21231438542007397,0.9161017542991869,0.547817140609768,0.02818502580336657,0.20685527314416097,0.9133540667095349,0.5056667198035449,0.025437338213714522,0.16470485233793786,0.9135480041549191,0.5888276379525041,0.02563127565909873,0.24786577048689706,0.9315040147730456,0.5963734109923791,0.04358728627722519,0.255411543526772
P53,mouse,0.8065754518453041,0.5392436981111457,mono_28,di_9,0.8065754518453041,0.8371902924876455,0.25981127515138397,0.3887813479287182,,,,,,,0.8512396849041743,0.3299372675135051,0.04466423305887024,-0.2093064305976406,0.8718260061367658,0.5345887774598305,0.06525055429146165,-0.004654920651315231,0.8627669102093303,0.36364823646034294,0.05619145836402617,-0.17559546165080275,0.8412218784614797,0.367318693339918,0.03464642661617556,-0.17192500477122769,0.8181065694678619,0.3478456834016012,0.011531117622557763,-0.19139801470954448,0.8288838507023449,0.4389904658424163,0.022308398857040834,-0.1002532322687294,0.8447658698329031,0.5103006180228092,0.038190417987599035,-0.02894308008833646,0.8415906664411305,0.504141786161453,0.03501521459582635,-0.0351019119496927,0.8568434215288804,0.48118637987480645,0.050267969683576275,-0.05805731823633925,0.8662581552234354,0.5191393699078622,0.05968270337813131,-0.02010432820328345
PPARG,human,0.8865259459192376,0.2675307260896575,mono_13,di_1,0.8865259459192375,0.895876589252915,0.2675307260896571,0.27890627318932354,0.0,0.0,0.0,1.1102230246251565e-16,0.8860506279213605,0.2517591198856623,0.8514323010294651,0.1999959908749386,-0.03509364488977251,-0.0675347352147189,0.8525527671000728,0.1733854184053452,-0.03397317881916484,-0.09414530768431231,0.8462255891863649,0.178862336466517,-0.04030035673287269,-0.0886683896231405,0.837495060626913,0.1708116197762464,-0.04903088529232458,-0.0967191063134111,0.8936249314245627,0.25484657878847355,0.007098985505325062,-0.012684147301183946,0.8939210193071743,0.2635857518413823,0.007395073387936657,-0.003944974248275224,0.900570095043514,0.2608387533152166,0.014044149124276428,-0.006691972774440891,0.8980843601404542,0.2696319697322095,0.011558414221216617,0.0021012436425519865,0.8994839551888558,0.2657115061889635,0.01295800926961821,-0.0018192199006940024,0.900474086083749,0.2887501064902884,0.013948140164511402,0.021219380400630927
PPARG,mouse,0.8682635952537061,0.4214953332285007,mono_13,di_1,0.8682635952537061,0.8672077500200711,0.4214953332285007,0.42392076707387616,,,,,,,0.8571433674272663,0.3686369422205904,-0.011120227826439844,-0.05285839100791029,0.8606242965689346,0.3604799749421698,-0.007639298684771534,-0.06101535828633087,0.8523674023558404,0.35367266915848355,-0.015896192897865702,-0.06782266407001714,0.8427606718530276,0.34287399393316126,-0.0255029234006785,-0.07862133929533943,0.8706525825509976,0.41444514673178146,0.002388987297291534,-0.007050186496719235,0.8713655950299859,0.4200382226062721,0.0031019997762797846,-0.0014571106222285857,0.8808553840198843,0.43264693603089777,0.012591788766178169,0.011151602802397076,0.8777843192340404,0.42651197506529037,0.009520723980334322,0.0050166418367896815,0.8798244937421178,0.42511097196867814,0.011560898488411686,0.0036156387401774515,0.8780757521889633,0.4337032294887245,0.009812156935257166,0.012207896260223783
PRGR,human,0.8254313139152666,0.0597721768482232,mono_12,di_5,0.8254313139152667,0.8312616987764792,0.059772176848223973,0.05748737555465843,0.0,0.0,0.0,0.0,0.8224337449780862,0.0642665898235169,0.8113414216581446,0.0552789829199171,-0.014089892257121983,-0.004493193928306105,0.8264215440102265,0.0624411829058583,0.0009902300949599097,0.0026690060576350996,0.8264162938276114,0.0633668010504793,0.0009849799123448078,0.0035946242022560984,0.8149681565010957,0.0662840472679577,-0.01046315741417092,0.006511870419734493,0.8382525451972243,0.0573159622641434,0.012821231281957668,-0.0024562145840798036,0.8549191928414901,0.07383047655905266,0.02948787892622351,0.014058299710829454,0.8598564189189188,0.06810801462193622,0.03442510500365226,0.008335837773713016,0.8585532322863404,0.06840307165300977,0.03312191837107381,0.008630894804786564,0.8629365640978817,0.07512994870174683,0.03750525018261508,0.015357771853523626,0.8617325031957633,0.0685130025809709,0.03630118928049675,0.008740825732747697
PRGR,mouse,0.861836282548721,0.1127229094166115,mono_12,di_5,0.861836282548721,0.8435870209839105,0.1127229094166115,0.10407595016372187,,,,,,,0.8412565013334299,0.07190127829620521,-0.020579781215291137,-0.04082163112040629,0.8891790572658558,0.12955888347645758,0.027342774717134755,0.016835974059846076,0.8449537740348552,0.11628794242997978,-0.016882508513865857,0.003565033013368274,0.8460422054256348,0.07449888940994297,-0.015794077123086225,-0.03822402000666854,0.8650938287397174,0.10674632563963993,0.0032575461909963854,-0.005976583776971578,0.8718024949505561,0.10509505887785316,0.00996621240183504,-0.007627850538758349,0.8910879975952459,0.12573725342278982,0.029251715046524907,0.013014344006178319,0.8731796814926003,0.12737579351763798,0.011343398943879257,0.01465288410102647,0.8888456198033101,0.12141239171822324,0.027009337254589094,0.008689482301611734,0.8809387934157793,0.1194621235862628,0.019102510867058276,0.0067392141696513
REST,human,0.9780809275327595,0.9309415356973774,mono_35,di_34,0.9780809275327595,0.9862440180621431,0.9378206758220191,0.9565888376390396,0.0,2.220446049250313e-16,0.0,0.0,0.9820211302778398,0.9446525074997528,0.953963560225588,0.8997222477269533,-0.02411736730717151,-0.03121928797042406,0.9696185802237476,0.9238990850518918,-0.008462347309011964,-0.007042450645485587,0.9607290711661318,0.9112429745366804,-0.017351856366627727,-0.019698561160697015,0.9586905233848826,0.9152994147704168,-0.01939040414787696,-0.0156421209269606,0.9868052669448885,0.9545494008188511,0.008724339412128912,0.023607865121473726,0.9823594993971912,0.9486481766168894,0.004278571864431702,0.017706640919512018,0.986311983974365,0.9552334052997062,0.008231056441605489,0.024291869602328875,0.9835634548811368,0.94985501342263,0.005482527348377286,0.018913477725252648,0.9845426138183319,0.9524725999377458,0.00646168628557231,0.021531064240368436,0.9939372283640574,0.9820627754226504,0.015856300831297854,0.05112123972527305
REST,mouse,0.9557608616998972,0.7424425004165226,mono_35,di_34,0.9557608616998972,0.9577990996000636,0.7619704872818989,0.7742951633980247,,,,,,,0.9293468013754436,0.6957586252480529,-0.026414060324453592,-0.046683875168469724,0.9464978856541271,0.7146945269287093,-0.009262976045770088,-0.027747973487813327,0.9442171571473175,0.7219052654050653,-0.011543704552579692,-0.020537235011457322,0.9287722698700891,0.7253837880384819,-0.026988591829808062,-0.017058712378040686,0.9596023634525706,0.7646657589702827,0.003841501752673393,0.02222325855376006,0.9592440300693754,0.7645849352701392,0.0034831683694782622,0.022142434853616555,0.9620257166969367,0.7787319559869081,0.006264854997039548,0.03628945557038554,0.9611684871831601,0.7681720998426796,0.005407625483262901,0.025729599426157046,0.9638027991817562,0.7699236182060156,0.008041937481858996,0.027481117789493026,0.9709033734499568,0.819279506637987,0.01514251175005965,0.07683700622146439
RUNX1,human,0.8704972544023477,0.1692612746452017,mono_5,di_5,0.8704972544023477,0.8745876036791479,0.18046295701993562,0.174438627584517,0.0,1.1102230246251565e-16,0.0,1.1102230246251565e-16,0.8608424881248691,0.1701999255953254,0.8706976182937339,0.1882596843538519,0.0002003638913862238,0.018998409708650216,0.8678019348801996,0.1982460083169341,-0.0026953195221480764,0.028984733671732404,0.8713542524970863,0.1994946617179303,0.0008569980947386036,0.0302333870727286,0.8699786751048056,0.1767042934983723,-0.0005185792975420656,0.007443018853170613,0.8827667761808833,0.1820628303659689,0.012269521778535575,0.012801555720767216,0.8868249008090282,0.19643671203166657,0.016327646406680496,0.027175437386464885,0.8946635237996426,0.20654502464882393,0.024166269397294937,0.037283750003622246,0.8947044752574684,0.2136557382071701,0.024207220855120726,0.04439446356196841,0.8952695463489304,0.21418635857363585,0.024772291946582703,0.04492508392843417,0.8932102257376229,0.2043530969261689,0.022712971335275167,0.035091822280967216
RUNX1,mouse,0.7940336559307262,0.0963775216160252,mono_5,di_5,0.7940336559307262,0.7798282084081933,0.1058379462385835,0.10160511749706819,,,,,,,0.8141796422880252,0.12929641554205065,0.02014598635729903,0.032918893926025455,0.8191902523742922,0.13422413639637598,0.02515659644356605,0.037846614780350785,0.81809623355877,0.14215846566774218,0.02406257762804387,0.04578094405171698,0.8088002482430077,0.11675626189126193,0.014766592312281501,0.02037874027523673,0.7922269335846505,0.10468417157922094,-0.0018067223460757065,0.008306649963195745,0.8034504302661545,0.10858422485154824,0.009416774335428313,0.012206703235523045,0.8115039493727437,0.12915758156813245,0.01747029344201756,0.032780059952107254,0.809316770441034,0.13798199441435263,0.015283114510307838,0.041604472798327435,0.8161978509796637,0.14184103924326288,0.02216419504893752,0.04546351762723769,0.8081593709532187,0.1165618561369237,0.014125715022492491,0.020184334520898503
RXRA,human,0.7474783442899975,0.0918692404488633,mono_6,di_3,0.7474783442899975,0.7812152360624633,0.0378406916396881,0.047221010498276164,0.0,0.0,0.0,1.1102230246251565e-16,0.769440085914839,0.0833417863234459,0.7855052014372801,0.0618433855041158,0.0380268571472826,-0.0300258549447475,0.7793963125802716,0.0469606832947048,0.03191796829027416,-0.0449085571541585,0.7874475278387634,0.0671143380356624,0.039969183548765885,-0.0247549024132009,0.7822045753790609,0.0607528438387795,0.034726231089063364,-0.0311163966100838,0.7813037573438174,0.047165172869289985,0.03382541305381992,-0.04470406757957331,0.8010336560302745,0.05855426601773439,0.053555311740277056,-0.03331497443112891,0.8023407176607649,0.05280513648729309,0.05486237337076738,-0.03906410396157021,0.8124700829385265,0.06767918685386354,0.06499173864852903,-0.02419005359499976,0.821814595492975,0.07156070174209989,0.07433625120297749,-0.020308538706763413,0.8265233415394582,0.098986180919534,0.07904499724946068,0.007116940470670699
RXRA,mouse,0.7636988056377928,0.1817188797956739,mono_6,di_3,0.7636988056377928,0.7685059103376845,0.1752161720069114,0.1983301448507329,,,,,,,0.7914332444734407,0.24316610414338743,0.027734438835647857,0.06144722434771355,0.7942558506079722,0.2219445900807955,0.030557044970179414,0.04022571028512162,0.7642991134726518,0.22295357862262183,0.0006003078348589819,0.04123469882694794,0.7850593434625912,0.22477425634575462,0.02136053782479841,0.04305537655008074,0.7804397969499615,0.20575665280828354,0.016740991312168663,0.024037773012609648,0.7964510558515093,0.23195262697771926,0.03275225021371653,0.050233747182045374,0.8049349530423129,0.23762411563608138,0.041236147404520085,0.05590523584040749,0.7984426040016581,0.24475398465904494,0.03474379836386532,0.06303510486337105,0.816392097179977,0.2568113377384807,0.05269329154218416,0.0750924579428068,0.8175789431273885,0.2544048775748525,0.05388013748959575,0.07268599777917858
SOX2,human,0.8497995234641386,0.0909944296232043,mono_20,di_5,0.8497995234641386,0.8624832223230404,0.08520569644043748,0.0913466861042702,0.0,0.0,0.0,0.0,0.8098537765418505,0.094176055791395,0.8601188719967661,0.131982668200713,0.010319348532627504,0.040988238577508704,0.8703166212367264,0.1502059068110369,0.02051709777258781,0.05921147718783261,0.8599834774557504,0.1307647332650116,0.010183953991611872,0.039770303641807295,0.8555599481602087,0.1015268723828004,0.005760424696070188,0.010532442759596111,0.8577475887643524,0.09406530099498342,0.007948065300213858,0.003070871371779124,0.8694626124513407,0.11870426859232427,0.01966308898720215,0.02770983896911998,0.8806717368614593,0.14661082824510463,0.030872213397320714,0.055616398621900334,0.876606892843468,0.13575461240111816,0.026807369379329482,0.04476018277791387,0.8831076831153835,0.14942552912167495,0.033308159651244895,0.058431099498470654,0.8736508022192708,0.155455398214779,0.023851278755132266,0.0644609685915747
SOX2,mouse,0.8084722883529287,0.1304876767004732,mono_20,di_5,0.8084722883529287,0.8191066281234521,0.13618101905925972,0.14529366162104213,,,,,,,0.8299538148317585,0.1851062748850734,0.021481526478829727,0.05461859818460019,0.8339355845683665,0.1975588151002417,0.025463296215437747,0.0670711383997685,0.8303701980257454,0.18446550846251797,0.021897909672816684,0.053977831762044765,0.828536478128261,0.15790331533825783,0.02006418977533231,0.027415638637784623,0.8182513316132065,0.14860024966447005,0.009779043260277787,0.018112572963996848,0.8269291864420514,0.15871155130038042,0.018456898089122653,0.028223874599907217,0.833984980534727,0.18742971295959762,0.025512692181798302,0.05694203625912442,0.8328974037707407,0.18134421918493354,0.024425115417812004,0.05085654248446034,0.8370675166455535,0.19233832494657147,0.02859522829262473,0.06185064824609826,0.8480469035501155,0.1849765888353647,0.03957461519718675,0.05448891213489149
SPI1,human,0.937466751383131,0.5520927910784146,mono_21,di_9,0.937466751383131,0.943832697065642,0.5520927910784146,0.5777964952193692,0.0,0.0,-1.1102230246251565e-16,0.0,0.9354157364033132,0.5791261484538893,0.8807307848471267,0.4837443858929613,-0.05673596653600421,-0.06834840518545326,0.8902968051131903,0.5462385672037084,-0.047169946269940644,-0.005854223874706133,0.8907168487673709,0.5412661718092223,-0.046749902615760064,-0.010826619269192261,0.8908216429443445,0.5094501100894967,-0.04664510843878644,-0.04264268098891788,0.9437507869991164,0.5697383779042672,0.0062840356159854505,0.0176455868258526,0.9532710063293295,0.5958443239091246,0.015804254946198526,0.04375153283070998,0.9528463375985019,0.6160359473950281,0.015379586215370944,0.06394315631661351,0.9539537878698903,0.5970197898190114,0.01648703648675931,0.0449269987405968,0.9564623378413777,0.618060075909799,0.018995586458246727,0.06596728483138437,0.9613282906066762,0.6718809357747036,0.02386153922354528,0.11978814469628907
SPI1,mouse,0.9381160405252345,0.5622423042891276,mono_21,di_9,0.9381160405252345,0.940978713386366,0.5622423042891276,0.5329198596524456,,,,,,,0.9517709948898956,0.5997379630046559,0.013654954364661132,0.03749565871552829,0.9559034473448531,0.6113123478955136,0.017787406819618656,0.049070043606386005,0.9560138170371931,0.6097006389735942,0.017897776511958674,0.047458334684466585,0.9577751303866822,0.617203675277018,0.01965908986144771,0.054961370987890446,0.9422829654409439,0.5597152724702666,0.004166924915709469,-0.0025270318188609364,0.9517539695501,0.5917200935460167,0.013637929024865603,0.029477789256889153,0.9527532975318723,0.6011057264092649,0.014637257006637872,0.03886342212013727,0.9525795688020229,0.5968979771881116,0.014463528276788429,0.03465567289898397,0.9565859057264776,0.610496391795265,0.018469865201243163,0.048254087506137466,0.960877503687704,0.6419347151256162,0.02276146316246952,0.07969241083648859
SRF,human,0.7726668020245329,0.2687609775103451,mono_6,di_5,0.7726668020245329,0.7994406290739325,0.2608140376635002,0.1340447533878136,0.0,0.0,0.0,0.0,0.8025344174992487,0.2944545820531692,0.8043326764153207,0.3012678952316113,0.03166587439078783,0.03250691772126618,0.8301136171646081,0.3172197358549061,0.057446815140075214,0.04845875834456098,0.8508827161463519,0.2965727969103102,0.07821591412181905,0.027811819399965076,0.76068716761989,0.2872130058851578,-0.011979634404642892,0.01845202837481269,0.8367001212567444,0.2924522725098352,0.06403331923221156,0.023691294999490076,0.851507818805159,0.3422337749321216,0.07884101678062616,0.07347279742177648,0.8666144683600674,0.3638044428712751,0.09394766633553453,0.09504346536093,0.8755748406353504,0.34314308660347786,0.10290803861081754,0.07438210909313275,0.8824618546516406,0.34795158283185895,0.10979505262710776,0.07919060532151384,0.8709546882835139,0.3809764331381778,0.098287886258981,0.1122154556278327
SRF,mouse,0.7768163819964249,0.1031616904712961,mono_6,di_5,0.7768163819964249,0.7544998141805992,0.0940345363494275,0.060884966058357345,,,,,,,0.8242359795610654,0.13305952184238748,0.04741959756464054,0.02989783137109138,0.8218952972062599,0.11327909826954251,0.04507891520983498,0.010117407798246408,0.8197223003672712,0.14335380725443475,0.04290591837084634,0.04019211678313865,0.8041067322365367,0.15017412055852555,0.027290350240111838,0.047012430087229454,0.8059602869330964,0.1117177476553609,0.029143904936671516,0.008556057184064797,0.8252588329836033,0.15032174787734406,0.048442450987178365,0.047160057406047964,0.8296710470935581,0.14490475979238207,0.05285466509713321,0.04174306932108597,0.8344354078427147,0.1487186311904729,0.05761902584628986,0.045556940719176806,0.842021563376552,0.16936407285758454,0.0652051813801271,0.06620238238628844,0.8296138583241202,0.1666779484888262,0.05279747632769527,0.0635162580175301
STA5A,human,0.7460946159420667,0.0614708162349829,mono_4,di_2,0.7460946159420668,0.7564524582870629,0.05291614821339253,0.05721619524930096,0.0,1.1102230246251565e-16,-1.1102230246251565e-16,0.0,0.7579593723551973,0.0914134631132893,0.5159218033405107,0.0107645205328116,-0.23017281260155598,-0.0507062957021713,0.7066228552659705,0.0799190045044357,-0.03947176067609626,0.018448188269452805,0.6467853797480454,0.0188220758192357,-0.09930923619402132,-0.0426487404157472,0.7312238865109199,0.069737155183892,-0.014870729431146867,0.008266338948909095,0.7556568495067091,0.05634575640339635,0.009562233564642364,-0.005125059831586551,0.7633539790866165,0.08042614447632287,0.01725936314454979,0.018955328241339976,0.7657331067166475,0.0824869227279832,0.019638490774580797,0.021016106493000307,0.7630034183667264,0.05469287018324644,0.01690880242465964,-0.006777946051736455,0.7702553608575285,0.07644621876350773,0.02416074491546183,0.014975402528524827,0.7739067395871893,0.0969896792113291,0.027812123645122533,0.035518862976346204
STA5A,mouse,0.8759811068556771,0.3854019872115097,mono_4,di_2,0.8759811068556771,0.8717372821995583,0.32164380572313434,0.3235433811153049,,,,,,,0.5620133194450183,0.06568272085817688,-0.3139677874106588,-0.3197192663533328,0.8870721226961048,0.39086824549137256,0.01109101584042771,0.005466258279862857,0.7527156494464708,0.13566675069190515,-0.12326545740920625,-0.24973523651960455,0.9028823467069802,0.39290246550973007,0.026901239851303105,0.00750047829822037,0.8569254163982316,0.34014776124059987,-0.019055690457445484,-0.045254225970909834,0.8714941266404539,0.38597585240093235,-0.004486980215223202,0.000573865189422651,0.8708682258528467,0.3843278760412279,-0.005112881002830361,-0.0010741111702817774,0.8678698185686606,0.3595157524540235,-0.00811128828701646,-0.025886234757486193,0.8736230735484399,0.39544024795195826,-0.0023580333072371618,0.010038260740448557,0.8697022477984121,0.4012367770583024,-0.006278859057264996,0.015834789846792707
STAT1,human,0.9131343828630952,0.3650866780206495,mono_3,di_4,0.9131343828630953,0.9181621599274896,0.3650866780206494,0.36194796446473004,0.0,-1.1102230246251565e-16,0.0,0.0,0.9281542424149416,0.3435823907328878,0.8775033589921708,0.2973723239496469,-0.03563102387092443,-0.06771435407100257,0.8704532024271184,0.2786373866574876,-0.042681180435976795,-0.08644929136316187,0.7923186473080144,0.073150486654307,-0.12081573555508085,-0.29193619136634247,0.8736936511446255,0.3033275449249326,-0.039440731718469735,-0.0617591330957169,0.9160755508590562,0.3548762405530832,0.0029411679959610026,-0.01021043746756628,0.9170354615615415,0.3654108389207349,0.0039010786984462476,0.0003241609000854129,0.9210956609650971,0.36687732944291196,0.007961278102001867,0.0017906514222624792,0.9209039682146949,0.3831393468432882,0.007769585351599662,0.01805266882263873,0.9209880103554049,0.39696160615233833,0.007853627492309667,0.03187492813168885,0.9392194359899804,0.4141461655725075,0.026085053126885138,0.049059487551858016
STAT1,mouse,0.7241026626661141,0.0727546520392533,mono_3,di_4,0.7241026626661141,0.7270187798291892,0.07275465203925333,0.08116175714589131,,,,,,,0.7341125468397238,0.07965314188551988,0.010009884173609707,0.006898489846266578,0.7468189444826435,0.08178940595141186,0.022716281816529404,0.009034753912158563,0.6494869024369103,0.03982720354749447,-0.0746157602292038,-0.032927448491758826,0.7368019331750038,0.08325074155324576,0.012699270508889637,0.01049608951399246,0.7256180852688254,0.07965839548711974,0.0015154226027113138,0.006903743447866442,0.7295798082422957,0.07989770353132722,0.005477145576181619,0.007143051492073921,0.7348741866336556,0.08341891840240916,0.010771523967541441,0.010664266363155858,0.7246788435746978,0.07688026383555925,0.00057618090858369,0.004125611796305953,0.7375132360118927,0.0820872969267952,0.013410573345778554,0.009332644887541902,0.8048394433712877,0.1017571545565681,0.08073678070517354,0.0290025025173148
STAT3,human,0.8206153259422361,0.0867213075782189,mono_2,di_1,0.820615325942236,0.8256303389881179,0.08672130757821674,0.07117970163507173,0.0,0.0,0.0,0.0,0.8189126636970363,0.0654295436692561,0.8155747942694909,0.0895891450767953,-0.005040531672745208,0.0028678374985764005,0.8156943436683497,0.088738125404876,-0.004920982273886376,0.002016817826657094,0.8100448665359298,0.0759880045895997,-0.010570459406306298,-0.0107333029886192,0.814674094101134,0.0834723895362205,-0.005941231841102068,-0.0032489180419983943,0.8207519703435566,0.07791697283138622,0.00013664440132055145,-0.008804334746832676,0.8383683208297568,0.0853712947872183,0.01775299488752069,-0.001350012791000596,0.8405393200747688,0.08655145622134315,0.019923994132532763,-0.00016985135687574981,0.8342705661550994,0.08161735257732113,0.013655240212863351,-0.005103955000897775,0.8435831472015152,0.09401756396558454,0.022967821259279098,0.0072962563873656405,0.8360525756387791,0.0880935838760988,0.015437249696543032,0.001372276297879893
STAT3,mouse,0.7935345210150767,0.0618513476788392,mono_2,di_1,0.7935345210150767,0.7908270900598727,0.06185134767883926,0.06404804729292346,,,,,,,0.8295427090305731,0.09088708971258055,0.036008188015496434,0.029035742033741353,0.8084623384478082,0.08339966208643362,0.014927817432731527,0.021548314407594422,0.8334889326722192,0.09184570222723222,0.03995441165714253,0.02999435454839302,0.8170023205984691,0.0724419069529029,0.0234677995833924,0.010590559274063695,0.7961681421259768,0.06598164209682256,0.002633621110900042,0.004130294417983356,0.8166461528343508,0.07527070074986235,0.023111631819274114,0.013419353071023148,0.8080054685113441,0.0848477930741606,0.014470947496267428,0.022996445395321398,0.8249149390485639,0.08749960064153837,0.031380418033487234,0.025648252962699174,0.8284092975141846,0.09107473884219186,0.03487477649910786,0.02922339116335266,0.8065584827078383,0.0726520227860084,0.013023961692761543,0.010800675107169193
TAL1,human,0.8432209564450065,0.1311232420184406,mono_10,di_1,0.8432209564450064,0.8627158735441924,0.13113945546173333,0.1473577519835652,-1.1102230246251565e-16,0.0,0.0,0.0,0.8434960954935071,0.1406492229276566,0.8115005494716191,0.1047077782862622,-0.031720406973387405,-0.026415463732178415,0.8184264214377164,0.1038418284859799,-0.02479453500729012,-0.027281413532460705,0.8075005013604415,0.0970389680669819,-0.035720455084565006,-0.034084273951458716,0.8196766833479254,0.1090599684492052,-0.02354427309708107,-0.022063273569235417,0.8614849931195292,0.144893426479399,0.0182640366745227,0.013770184460958401,0.8649552416026614,0.15135415537731373,0.021734285157654853,0.020230913358873115,0.8649998016758056,0.14628994724686206,0.021778845230799093,0.015166705228421451,0.8638020909076135,0.14643089293651115,0.02058113446260701,0.015307650918070542,0.8646074761821488,0.14552544793041816,0.02138651973714234,0.01440220591197755,0.8901345793122387,0.162975518898572,0.04691362286723222,0.0318522768801314
TAL1,mouse,0.8919793398191032,0.1609775312146371,mono_10,di_1,0.8919793398191032,0.9123615838397421,0.15677483601950895,0.181555335132498,,,,,,,0.8615557903953129,0.09105909353365414,-0.03042354942379022,-0.06991843768098295,0.871984499415648,0.10402837062925985,-0.019994840403455116,-0.056949160585377245,0.8648820350221679,0.09233777622866561,-0.027097304796935284,-0.06863975498597148,0.8754147305724599,0.11121886252516482,-0.01656460924664327,-0.04975866868947228,0.9102870168732101,0.1723071397687844,0.018307677054106963,0.011329608554147302,0.9126888993717106,0.17252089156916775,0.02070955955260745,0.011543360354530657,0.9142559142985313,0.17617596604845193,0.022276574479428102,0.015198434833814833,0.9162496453155755,0.17783054125377293,0.024270305496472355,0.016853010039135835,0.9155842367136321,0.17308408075035903,0.023604896894528937,0.012106549535721933,0.9177135629066228,0.1949902798798743,0.025734223087519603,0.03401274866523721
TF65,human,0.8011993074350411,0.1492994309925082,mono_55,di_27,0.8011993074350411,0.802448776231856,0.12858965025809163,0.15337967955299278,0.0,0.0,-1.1102230246251565e-16,0.0,0.8045329244524803,0.1627006185632161,0.7854563331255489,0.1477056305309936,-0.01574297430949223,-0.0015938004615146106,0.7812090748103168,0.1273753664276331,-0.019990232624724324,-0.021924064564875084,0.7405889676566303,0.0410656678703184,-0.06061033977841079,-0.1082337631221898,0.7703540715808269,0.1279116103151573,-0.03084523585421417,-0.0213878206773509,0.8072200798749234,0.13340128818297187,0.006020772439882305,-0.01589814280953633,0.8068095457635067,0.15131322735118077,0.005610238328465633,0.002013796358672576,0.8104104552059039,0.14128230801827657,0.009211147770862849,-0.008017122974231627,0.8263541876846531,0.1379709761840852,0.02515488024961199,-0.01132845480842301,0.8204200422257216,0.15186050721347688,0.019220734790680538,0.0025610762209686833,0.8383667911495067,0.20497667957781,0.037167483714465654,0.05567724858530179
TF65,mouse,0.8032373142160594,0.1137937516482875,mono_55,di_27,0.8032373142160594,0.8050886357257394,0.10203107416458777,0.09959088437698599,,,,,,,0.8238309098838797,0.11720020528281165,0.020593595667820375,0.0034064536345241453,0.8116148559639984,0.10020241271304517,0.008377541747939032,-0.013591338935242336,0.7383006221774804,0.047543890654334384,-0.06493669203857899,-0.06624986099395312,0.8161178175825977,0.10143531067254138,0.012880503366538343,-0.012358440975746121,0.8079356586936615,0.09428880557834368,0.00469834447760209,-0.019504946069943824,0.8176816190848586,0.09965538806172831,0.014444304868799218,-0.014138363586559191,0.815897261865441,0.09577735924360443,0.012659947649381609,-0.01801639240468307,0.8181022295882456,0.0988827482946824,0.01486491537218626,-0.01491100335360511,0.8232222530967237,0.10233154249474517,0.019984938880664327,-0.011462209153542333,0.8034303526214456,0.1151271137206537,0.00019303840538620332,0.001333362072366201
TFE2,human,0.7323898784896467,0.0332127817064429,mono_3,di_0,0.7323898784896467,0.7343145631591137,0.02828068027917615,0.029792531792518704,0.0,0.0,0.0,0.0,0.7528030064369243,0.0364952250814346,0.7326131345277284,0.0491711980311209,0.00022325603808170946,0.015958416324677996,0.7244646129788249,0.0357759360300452,-0.007925265510821733,0.0025631543236022958,0.7429546430779099,0.047215953776601,0.010564764588263276,0.014003172070158096,0.723085859595981,0.029712356696333,-0.009304018893665611,-0.0035004250101099005,0.7406110375919903,0.030561992858239215,0.008221159102343667,-0.0026507888482036855,0.7470362388527425,0.03445442392723914,0.014646360363095856,0.0012416422207962366,0.7556830546659281,0.04712403592128838,0.02329317617628146,0.01391125421484548,0.7569187026771035,0.044472353356770446,0.024528824187456832,0.011259571650327545,0.763942329862966,0.04305722258983102,0.0315524513733193,0.009844440883388123,0.777674810708414,0.0590028536751612,0.04528493221876739,0.025790071968718298
TFE2,mouse,0.8820453020135994,0.1848345483152131,mono_3,di_0,0.8820453020135994,0.8782066468314174,0.19290733352847975,0.18526681491680275,,,,,,,0.8707534868438804,0.18217688077552668,-0.011291815169719,-0.002657667539686409,0.8541611852078547,0.14746314497700036,-0.027884116805744763,-0.03737140333821273,0.8714122573349952,0.18625376061821494,-0.010633044678604264,0.0014192123030018489,0.8752192439531261,0.18047228587021827,-0.006826058060473317,-0.004362262444994824,0.8854068326897774,0.1819131397413184,0.0033615306761779484,-0.002921408573894696,0.8986115032535456,0.23016796268154247,0.01656620123994612,0.04533341436632937,0.8919854835369269,0.2006615096578055,0.00994018152332743,0.0158269613425924,0.8930116829955602,0.21197473793133148,0.010966380981960788,0.027140189616118388,0.8986769902679542,0.23789788719742092,0.016631688254354793,0.05306333888220782,0.8957814465097192,0.2417624224712317,0.013736144496119818,0.056927874156018604
USF2,human,0.9759833901717891,0.6224121685542722,mono_3,di_5,0.9759833901717894,0.9760589341706774,0.6224121685542724,0.642841087496434,2.220446049250313e-16,1.1102230246251565e-16,-1.1102230246251565e-16,-1.1102230246251565e-16,0.9789506723245512,0.6575723081297771,0.977742324608892,0.692170581990408,0.0017589344371028437,0.06975841343613587,0.972384602320714,0.6651909380776003,-0.003598787851075147,0.04277876952332815,0.9735600960643328,0.6805022539844569,-0.002423294107456342,0.05809008543018468,0.96866875767251,0.6410676181820507,-0.007314632499279106,0.018655449627778542,0.9787438828258518,0.6221279229010939,0.0027604926540626407,-0.0002842456531783055,0.9795480693729665,0.6516437025818671,0.003564679201177312,0.02923153402759493,0.9814146582681937,0.6403902569993392,0.005431268096404596,0.017978088445066986,0.9808531512024368,0.6623536571312423,0.0048697610306476236,0.03994148857697011,0.9814855088425047,0.6631325602389773,0.0055021186707155945,0.04072039168470509,0.9800634011956058,0.6691623613950194,0.00408001102381661,0.04675019284074722
USF2,mouse,0.9793799627046236,0.341024724999097,mono_3,di_5,0.9793799627046236,0.9775948817328588,0.34102472499909703,0.33645793867599394,,,,,,,0.9801226188891521,0.35814951568707043,0.0007426561845285118,0.017124790687973457,0.9813575312232088,0.38901683626159195,0.0019775685185852154,0.047992111262494974,0.9817135999399997,0.3788152298747277,0.0023336372353761625,0.03779050487563074,0.9811282416531881,0.36329869734935893,0.0017482789485645522,0.02227397235026196,0.98088944406272,0.3551022215824815,0.001509481358096476,0.01407749658338453,0.9821346290482392,0.3653925943569658,0.0027546663436156527,0.024367869357868832,0.9818627860999922,0.37500146273663865,0.0024828233953686496,0.033976737737541673,0.9819797247780475,0.37862124133941233,0.002599762073423939,0.037596516340315356,0.9817779951693937,0.35693889294169634,0.0023980324647701057,0.015914167942599367,0.9813329134290084,0.3534229700543765,0.0019529507243848387,0.012398245055279533
