TF,panel,feature,r_max_vs_panel1,strand_vs_panel1,offset_vs_panel1,overlap_columns,length,length_panel1
SRF,1,mono_3,1.0,+,0,11,11,11
SRF,2,mono_4,0.995,+,0,11,13,11
SRF,3,mono_9,0.956,-,0,11,13,11
SRF,4,mono_11,0.946,-,0,11,12,11
SRF,5,di_2,0.992,-,-5,11,21,11
SRF,6,di_0,0.953,-,-4,11,18,11
IRF4,1,mono_8,1.0,+,0,16,16,16
IRF4,2,mono_9,1.0,+,0,16,16,16
IRF4,3,mono_6,0.992,+,0,16,16,16
IRF4,4,mono_1,0.981,+,6,10,10,16
IRF4,5,di_1,0.999,+,-1,16,18,16
IRF4,6,di_4,0.983,-,-1,16,19,16
E2F4,1,mono_6,1.0,+,0,14,14,14
E2F4,2,mono_2,0.792,-,-2,8,10,14
E2F4,3,mono_5,0.93,-,0,14,14,14
E2F4,4,mono_3,0.787,-,-2,8,10,14
E2F4,5,di_0,0.961,-,-2,14,17,14
E2F4,6,di_1,0.909,+,-2,14,17,14
RXRA,1,mono_3,1.0,+,0,17,17,17
RXRA,2,mono_4,0.994,+,3,14,14,17
RXRA,3,mono_2,0.967,+,0,17,17,17
RXRA,4,mono_5,0.956,+,10,7,7,17
RXRA,5,di_0,0.994,-,-1,17,19,17
RXRA,6,di_3,0.963,+,4,13,17,17
ANDR,1,mono_84,1.0,+,0,15,15,15
ANDR,2,mono_102,0.982,+,-1,15,17,15
ANDR,3,mono_101,0.935,+,0,15,15,15
ANDR,4,mono_17,0.933,+,-1,15,16,15
ANDR,5,di_103,0.995,-,-1,15,17,15
ANDR,6,di_75,0.922,-,-1,15,17,15
MAFK,1,mono_2,1.0,+,0,13,13,13
MAFK,2,mono_4,0.976,-,1,12,12,13
MAFK,3,mono_0,0.925,-,-3,13,21,13
MAFK,4,mono_1,0.987,+,1,12,12,13
MAFK,5,di_0,0.96,-,0,13,18,13
MAFK,6,di_2,0.99,-,1,12,16,13
TAL1,1,mono_14,1.0,+,0,15,15,15
TAL1,2,mono_15,0.995,-,0,12,12,15
TAL1,3,mono_13,0.919,-,1,9,9,15
TAL1,4,mono_10,0.735,-,-14,5,19,15
TAL1,5,di_1,0.682,+,-15,6,21,15
TAL1,6,di_11,0.664,+,-15,8,23,15
TFE2,1,mono_3,1.0,+,0,8,8,8
TFE2,2,mono_1,0.894,+,-1,8,11,8
TFE2,3,mono_2,0.787,-,1,7,13,8
TFE2,4,mono_4,0.994,-,-2,8,10,8
TFE2,5,di_0,0.931,+,-4,8,13,8
TFE2,6,di_2,0.989,-,-3,8,12,8
P53,1,mono_34,1.0,+,0,20,20,20
P53,2,mono_41,0.769,+,-11,9,20,20
P53,3,mono_14,0.99,-,0,20,20,20
P53,4,mono_18,0.993,+,0,20,20,20
P53,5,di_18,0.99,-,-1,20,22,20
P53,6,di_17,0.99,+,-1,20,22,20
SPI1,1,mono_33,1.0,+,0,17,17,17
SPI1,2,mono_21,0.981,+,0,16,16,17
SPI1,3,mono_31,0.998,+,0,17,17,17
SPI1,4,mono_17,0.996,+,0,16,16,17
SPI1,5,di_7,0.993,+,-1,17,19,17
SPI1,6,di_9,0.96,-,-2,17,19,17
MYC,1,mono_82,1.0,+,0,9,9,9
MYC,2,mono_44,0.987,-,1,8,9,9
MYC,3,mono_94,0.935,+,0,9,9,9
MYC,4,mono_97,0.992,+,1,7,7,9
MYC,5,di_41,0.949,-,0,9,10,9
MYC,6,di_49,0.919,-,0,9,12,9
CEBPB,1,mono_13,1.0,+,0,11,11,11
CEBPB,2,mono_12,0.997,-,1,10,11,11
CEBPB,3,mono_2,0.979,+,1,10,11,11
CEBPB,4,mono_3,0.975,-,0,11,11,11
CEBPB,5,di_6,0.998,-,-3,11,15,11
CEBPB,6,di_3,0.98,+,-2,11,15,11
