TF,panel,pwm_class,rank_within_class,rank_overall,feature,pwm_name,importance,n_features,motif_length,log_odds_rows,length_class,dataset,cell_line,treatment,strand_for_display,r_max_vs_panel1,consensus,total_IC_bits,delta_auROC,delta_auPRC,rank_dauROC,rank_dauPRC,matrix_file,source_matrix
SRF,1,mono,1,5,mono_3,SRF_HUMAN~CM~SRF_HUMAN.PEAKS033584.macs.S,0.0895095912628963,25,11,11,S,PEAKS033584,H1-hESC,None,+,1.0,CCAWAtAAGGN,10.87,0.098287886258981,0.1122154556278327,1,5,matrices/SRF_mono_3.txt,PWMs_mono_HUMAN/SRF/3.pwm
SRF,2,mono,2,7,mono_4,SRF_HUMAN~CM~SRF_HUMAN.PEAKS033584.macs.M,0.0379210697342618,25,13,13,M,PEAKS033584,H1-hESC,None,+,0.995,CCAWATAAGGNaA,11.44,0.098287886258981,0.1122154556278327,1,5,matrices/SRF_mono_4.txt,PWMs_mono_HUMAN/SRF/4.pwm
SRF,3,mono,3,8,mono_9,SRF_HUMAN~CM~SRF_HUMAN.PEAKS033904.macs.M,0.0369457740218537,25,13,13,M,PEAKS033904,HCT-116,None,-,0.956,CCAtAWAAGGNMa,9.81,0.098287886258981,0.1122154556278327,1,5,matrices/SRF_mono_9.txt,PWMs_mono_HUMAN/SRF/9.pwm
SRF,4,mono,4,11,mono_11,SRF_HUMAN~CM~SRF_HUMAN.PEAKS033946.macs.M,0.0185501504546049,25,12,12,M,PEAKS033946,ECC-1,None,-,0.946,CCaWAWAAGGNa,9.64,0.098287886258981,0.1122154556278327,1,5,matrices/SRF_mono_11.txt,PWMs_mono_HUMAN/SRF/11.pwm
SRF,5,di,1,1,di_2,SRF_HUMAN~CD~SRF_HUMAN.PEAKS033584.macs.M,0.2581872657380266,25,21,20,M,PEAKS033584,H1-hESC,None,-,0.992,NaTgNCCAWATAAGGNAANNN,16.37,0.098287886258981,0.1122154556278327,1,5,matrices/SRF_di_2.txt,PWMs_di_HUMAN/SRF/2.dpwm
SRF,6,di,2,2,di_0,SRF_HUMAN~CD~SRF_HUMAN.PEAKS033502.macs.M,0.1303710016130788,25,18,17,M,PEAKS033502,HepG2,None,-,0.953,NtgNCCAWAtAAGGaaaN,9.74,0.098287886258981,0.1122154556278327,1,5,matrices/SRF_di_0.txt,PWMs_di_HUMAN/SRF/0.dpwm
IRF4,1,mono,1,5,mono_8,IRF4_HUMAN~CM~IRF4_HUMAN.PEAKS035165.macs.M,0.0782973636346097,18,16,16,M,PEAKS035165,OCI-LY3,,+,1.0,aaaRaGGAASTGARAN,12.91,0.0936910905272592,0.0992554224472603,2,6,matrices/IRF4_mono_8.txt,PWMs_mono_HUMAN/IRF4/8.pwm
IRF4,2,mono,2,6,mono_9,IRF4_HUMAN~CM~IRF4_HUMAN.PEAKS035165.macs.S,0.0609518727119505,18,16,16,S,PEAKS035165,OCI-LY3,,+,1.0,aaaRaGGAASTGARAN,12.93,0.0936910905272592,0.0992554224472603,2,6,matrices/IRF4_mono_9.txt,PWMs_mono_HUMAN/IRF4/9.pwm
IRF4,3,mono,3,8,mono_6,IRF4_HUMAN~CM~IRF4_HUMAN.PEAKS035169.macs.M,0.0396116758334508,18,16,16,M,PEAKS035169,OCI-LY10,,+,0.992,aaaRaGGAASTGARAN,13.35,0.0936910905272592,0.0992554224472603,2,6,matrices/IRF4_mono_6.txt,PWMs_mono_HUMAN/IRF4/6.pwm
IRF4,4,mono,4,9,mono_1,IRF4_HUMAN~CM~IRF4_HUMAN.PEAKS035178.macs.S,0.0302592073229,18,10,10,S,PEAKS035178,OCI-LY3,,+,0.981,GAANTGAAAS,9.98,0.0936910905272592,0.0992554224472603,2,6,matrices/IRF4_mono_1.txt,PWMs_mono_HUMAN/IRF4/1.pwm
IRF4,5,di,1,1,di_1,IRF4_HUMAN~CD~IRF4_HUMAN.PEAKS035165.macs.M,0.1955160464690832,18,18,17,M,PEAKS035165,OCI-LY3,,+,0.999,NaaaRaGGAASTGARANN,13.11,0.0936910905272592,0.0992554224472603,2,6,matrices/IRF4_di_1.txt,PWMs_di_HUMAN/IRF4/1.dpwm
IRF4,6,di,2,2,di_4,IRF4_HUMAN~CD~IRF4_HUMAN.PEAKS035175.macs.M,0.1396944344246264,18,19,18,M,PEAKS035175,OCI-LY3,,-,0.983,NaaaGaGGAASTGARAStN,12.41,0.0936910905272592,0.0992554224472603,2,6,matrices/IRF4_di_4.txt,PWMs_di_HUMAN/IRF4/4.dpwm
E2F4,1,mono,1,2,mono_6,E2F4_HUMAN~CM~E2F4_HUMAN.PEAKS033080.macs.M,0.1913127353760184,11,14,14,M,PEAKS033080,GM06990,,+,1.0,GCGSgaNNTTtgAa,8.29,0.0909661601789851,0.0581502603891725,3,12,matrices/E2F4_mono_6.txt,PWMs_mono_HUMAN/E2F4/6.pwm
E2F4,2,mono,2,4,mono_2,E2F4_HUMAN~CM~E2F4_HUMAN.PEAKS033667.macs.M,0.0935044057900806,11,10,10,M,PEAKS033667,HeLa-S3,None,-,0.792,gSGCGGGAAa,10.97,0.0909661601789851,0.0581502603891725,3,12,matrices/E2F4_mono_2.txt,PWMs_mono_HUMAN/E2F4/2.pwm
E2F4,3,mono,3,5,mono_5,E2F4_HUMAN~CM~E2F4_HUMAN.PEAKS033317.macs.M,0.0850712000562562,11,14,14,M,PEAKS033317,Mesenchymal stem cells-derived adipocytes,,-,0.93,GCGGGARNTTtgAR,9.15,0.0909661601789851,0.0581502603891725,3,12,matrices/E2F4_mono_5.txt,PWMs_mono_HUMAN/E2F4/5.pwm
E2F4,4,mono,4,6,mono_3,E2F4_HUMAN~CM~E2F4_HUMAN.PEAKS033667.macs.S,0.0693888533138998,11,10,10,S,PEAKS033667,HeLa-S3,None,-,0.787,gSGCGGGAAa,11.01,0.0909661601789851,0.0581502603891725,3,12,matrices/E2F4_mono_3.txt,PWMs_mono_HUMAN/E2F4/3.pwm
E2F4,5,di,1,1,di_0,E2F4_HUMAN~CD~E2F4_HUMAN.PEAKS033080.macs.M,0.2330325796999996,11,17,16,M,PEAKS033080,GM06990,,-,0.961,NSGCGSGaaNTTNRAaN,8.48,0.0909661601789851,0.0581502603891725,3,12,matrices/E2F4_di_0.txt,PWMs_di_HUMAN/E2F4/0.dpwm
E2F4,6,di,2,3,di_1,E2F4_HUMAN~CD~E2F4_HUMAN.PEAKS033317.macs.M,0.1431702749622001,11,17,16,M,PEAKS033317,Mesenchymal stem cells-derived adipocytes,,+,0.909,gSGCGGGARattNgaRN,10.15,0.0909661601789851,0.0581502603891725,3,12,matrices/E2F4_di_1.txt,PWMs_di_HUMAN/E2F4/1.dpwm
RXRA,1,mono,1,1,mono_3,RXRA_HUMAN~CM~RXRA_HUMAN.PEAKS033274.macs.M,0.1797646044294239,13,17,17,M,PEAKS033274,LS180 cells,vehicle control,+,1.0,aaNtRGGgSAAAGGtcA,10.38,0.0790449972494606,0.0071169404706706,4,35,matrices/RXRA_mono_3.txt,PWMs_mono_HUMAN/RXRA/3.pwm
RXRA,2,mono,2,4,mono_4,RXRA_HUMAN~CM~RXRA_HUMAN.PEAKS033274.macs.S,0.0873871802752575,13,14,14,S,PEAKS033274,LS180 cells,vehicle control,+,0.994,tRGGNCAAAGGtcA,10.04,0.0790449972494606,0.0071169404706706,4,35,matrices/RXRA_mono_4.txt,PWMs_mono_HUMAN/RXRA/4.pwm
RXRA,3,mono,3,5,mono_2,RXRA_HUMAN~CM~RXRA_HUMAN.PEAKS033400.macs.M,0.0856951794501852,13,17,17,M,PEAKS033400,,,+,0.967,aaNtRGGNcARAGGKCA,10.09,0.0790449972494606,0.0071169404706706,4,35,matrices/RXRA_mono_2.txt,PWMs_mono_HUMAN/RXRA/2.pwm
RXRA,4,mono,4,7,mono_5,RXRA_HUMAN~CM~RXRA_HUMAN.PEAKS033797.macs.S,0.0720314480117405,13,7,7,S,PEAKS033797,HepG2,None,+,0.956,RAGGTCA,9.19,0.0790449972494606,0.0071169404706706,4,35,matrices/RXRA_mono_5.txt,PWMs_mono_HUMAN/RXRA/5.pwm
RXRA,5,di,1,2,di_0,RXRA_HUMAN~CD~RXRA_HUMAN.PEAKS033274.macs.M,0.1609383775472064,13,19,18,M,PEAKS033274,LS180 cells,vehicle control,-,0.994,NaaNtRGGNSAAAGGtcAN,10.46,0.0790449972494606,0.0071169404706706,4,35,matrices/RXRA_di_0.txt,PWMs_di_HUMAN/RXRA/0.dpwm
RXRA,6,di,2,3,di_3,RXRA_HUMAN~CD~RXRA_HUMAN.PEAKS033797.macs.M,0.0897288876333621,13,17,16,M,PEAKS033797,HepG2,None,+,0.963,NgRNcMRAGGTCAgNgN,10.5,0.0790449972494606,0.0071169404706706,4,35,matrices/RXRA_di_3.txt,PWMs_di_HUMAN/RXRA/3.dpwm
ANDR,1,mono,1,4,mono_84,ANDR_HUMAN~CM~ANDR_HUMAN.PEAKS035023.macs.M,0.0290273363278183,303,15,15,M,PEAKS035023,LNCaP,,+,1.0,RGaACANRNTGTtCY,12.35,0.059584503108638,0.1791510471702032,5,3,matrices/ANDR_mono_84.txt,PWMs_mono_HUMAN/ANDR/84.pwm
ANDR,2,mono,2,5,mono_102,ANDR_HUMAN~CM~ANDR_HUMAN.PEAKS034502.macs.M,0.0269014450514775,303,17,17,M,PEAKS034502,LNCaP-1F5 cells,1000 nM CPA,+,0.982,aRGNACANRNTGTtCYN,11.62,0.059584503108638,0.1791510471702032,5,3,matrices/ANDR_mono_102.txt,PWMs_mono_HUMAN/ANDR/102.pwm
ANDR,3,mono,3,13,mono_101,ANDR_HUMAN~CM~ANDR_HUMAN.PEAKS034503.macs.M,0.0182701362742903,303,15,15,M,PEAKS034503,LNCaP-1F5 cells,1000 nM RU486,+,0.935,RGNACANMNTGTNCY,11.2,0.059584503108638,0.1791510471702032,5,3,matrices/ANDR_mono_101.txt,PWMs_mono_HUMAN/ANDR/101.pwm
ANDR,4,mono,4,16,mono_17,ANDR_HUMAN~CM~ANDR_HUMAN.PEAKS038966.macs.M,0.015492732189627,303,16,16,M,PEAKS038966,,,+,0.933,NRGaACANANTGTtCY,12.39,0.059584503108638,0.1791510471702032,5,3,matrices/ANDR_mono_17.txt,PWMs_mono_HUMAN/ANDR/17.pwm
ANDR,5,di,1,1,di_103,ANDR_HUMAN~CD~ANDR_HUMAN.PEAKS039264.macs.M,0.0505922756722599,303,17,16,M,PEAKS039264,,,-,0.995,NRGaACANRNTGTNCYN,12.32,0.059584503108638,0.1791510471702032,5,3,matrices/ANDR_di_103.txt,PWMs_di_HUMAN/ANDR/103.dpwm
ANDR,6,di,2,2,di_75,ANDR_HUMAN~CD~ANDR_HUMAN.PEAKS037467.macs.M,0.0388313593700204,303,17,16,M,PEAKS037467,,,-,0.922,NRGaACANMNTGTtCYt,12.21,0.059584503108638,0.1791510471702032,5,3,matrices/ANDR_di_75.txt,PWMs_di_HUMAN/ANDR/75.dpwm
MAFK,1,mono,1,3,mono_2,MAFK_HUMAN~CM~MAFK_HUMAN.PEAKS034950.macs.S,0.1190201348510422,9,13,13,S,PEAKS034950,OCI-Ly7 lymphoma cells,,+,1.0,tgcTGACTCAGCa,12.24,0.0479927085438024,0.1797599059505978,6,2,matrices/MAFK_mono_2.txt,PWMs_mono_HUMAN/MAFK/2.pwm
MAFK,2,mono,2,4,mono_4,MAFK_HUMAN~CM~MAFK_HUMAN.PEAKS033440.macs.M,0.0790174882036875,9,12,12,M,PEAKS033440,K562,None,-,0.976,gNTGACTCAGCA,12.32,0.0479927085438024,0.1797599059505978,6,2,matrices/MAFK_mono_4.txt,PWMs_mono_HUMAN/MAFK/4.pwm
MAFK,3,mono,3,6,mono_0,MAFK_HUMAN~CM~MAFK_HUMAN.PEAKS034399.macs.M,0.0708674525631261,9,21,21,M,PEAKS034399,LoVo,,-,0.925,NNcTgCTSMSTCAgCaNYYcN,10.41,0.0479927085438024,0.1797599059505978,6,2,matrices/MAFK_mono_0.txt,PWMs_mono_HUMAN/MAFK/0.pwm
MAFK,4,mono,4,7,mono_1,MAFK_HUMAN~CM~MAFK_HUMAN.PEAKS034950.macs.M,0.0493042988461578,9,12,12,M,PEAKS034950,OCI-Ly7 lymphoma cells,,+,0.987,gcTGACTCAGCA,12.45,0.0479927085438024,0.1797599059505978,6,2,matrices/MAFK_mono_1.txt,PWMs_mono_HUMAN/MAFK/1.pwm
MAFK,5,di,1,1,di_0,MAFK_HUMAN~CD~MAFK_HUMAN.PEAKS033440.macs.M,0.4186775115389994,9,18,17,M,PEAKS033440,K562,None,-,0.96,NgNTGASTCAGCANtttN,12.78,0.0479927085438024,0.1797599059505978,6,2,matrices/MAFK_di_0.txt,PWMs_di_HUMAN/MAFK/0.dpwm
MAFK,6,di,2,2,di_2,MAFK_HUMAN~CD~MAFK_HUMAN.PEAKS034950.macs.M,0.131928456722258,9,16,15,M,PEAKS034950,OCI-Ly7 lymphoma cells,,-,0.99,gcTGACTCAGCANNtN,12.63,0.0479927085438024,0.1797599059505978,6,2,matrices/MAFK_di_2.txt,PWMs_di_HUMAN/MAFK/2.dpwm
TAL1,1,mono,1,6,mono_14,TAL1_HUMAN~CM~TAL1_HUMAN.PEAKS034468.macs.M,0.0482488075453227,30,15,15,M,PEAKS034468,Jurkat E6-1,,+,1.0,NaCANCTGYTtcctN,9.83,0.0469136228672322,0.0318522768801314,7,24,matrices/TAL1_mono_14.txt,PWMs_mono_HUMAN/TAL1/14.pwm
TAL1,2,mono,2,8,mono_15,TAL1_HUMAN~CM~TAL1_HUMAN.PEAKS034468.macs.S,0.0465860773755898,30,12,12,S,PEAKS034468,Jurkat E6-1,,-,0.995,NMCAtCTGYttc,9.66,0.0469136228672322,0.0318522768801314,7,24,matrices/TAL1_mono_15.txt,PWMs_mono_HUMAN/TAL1/15.pwm
TAL1,3,mono,3,14,mono_13,TAL1_HUMAN~CM~TAL1_HUMAN.PEAKS034713.macs.S,0.0324350213657397,30,9,9,S,PEAKS034713,CCRF-CEM,,-,0.919,NCAtCTGtt,9.35,0.0469136228672322,0.0318522768801314,7,24,matrices/TAL1_mono_13.txt,PWMs_mono_HUMAN/TAL1/13.pwm
TAL1,4,mono,4,15,mono_10,TAL1_HUMAN~CM~TAL1_HUMAN.PEAKS033208.macs.M,0.0193919649405905,30,19,19,M,PEAKS033208,CD36,BRG1 KD shLuc control,-,0.735,ccTTATCTgNNNNNNcCAg,11.88,0.0469136228672322,0.0318522768801314,7,24,matrices/TAL1_mono_10.txt,PWMs_mono_HUMAN/TAL1/10.pwm
TAL1,5,di,1,1,di_1,TAL1_HUMAN~CD~TAL1_HUMAN.PEAKS033184.macs.M,0.1378431209391605,30,21,20,M,PEAKS033184,Pro-erythroblasts,,+,0.682,NNcTTATCWgNNNNNNcCAgN,12.11,0.0469136228672322,0.0318522768801314,7,24,matrices/TAL1_di_1.txt,PWMs_di_HUMAN/TAL1/1.dpwm
TAL1,6,di,2,2,di_11,TAL1_HUMAN~CD~TAL1_HUMAN.PEAKS036892.macs.M,0.0991930004669881,30,23,22,M,PEAKS036892,,,+,0.664,NNcTTATCTNNNNNNNcCASNNN,12.51,0.0469136228672322,0.0318522768801314,7,24,matrices/TAL1_di_11.txt,PWMs_di_HUMAN/TAL1/11.dpwm
TFE2,1,mono,1,4,mono_3,TFE2_HUMAN~CM~TFE2_HUMAN.PEAKS038473.macs.S,0.1282429848953609,8,8,8,S,PEAKS038473,,,+,1.0,gCACCTGS,11.28,0.0452849322187673,0.0257900719687182,8,28,matrices/TFE2_mono_3.txt,PWMs_mono_HUMAN/TFE2/3.pwm
TFE2,2,mono,2,5,mono_1,TFE2_HUMAN~CM~TFE2_HUMAN.PEAKS033772.macs.M,0.121696623077669,8,11,11,M,PEAKS033772,GM12878,None,+,0.894,cNCASCTGCNg,10.57,0.0452849322187673,0.0257900719687182,8,28,matrices/TFE2_mono_1.txt,PWMs_mono_HUMAN/TFE2/1.pwm
TFE2,3,mono,3,6,mono_2,TFE2_HUMAN~CM~TFE2_HUMAN.PEAKS036817.macs.M,0.1156446159623534,8,13,13,M,PEAKS036817,RPMI-8402,,-,0.787,caNctgYTTCCTG,10.52,0.0452849322187673,0.0257900719687182,8,28,matrices/TFE2_mono_2.txt,PWMs_mono_HUMAN/TFE2/2.pwm
TFE2,4,mono,4,7,mono_4,TFE2_HUMAN~CM~TFE2_HUMAN.PEAKS038473.macs.M,0.0822039613013077,8,10,10,M,PEAKS038473,,,-,0.994,ctRCACCTGS,11.84,0.0452849322187673,0.0257900719687182,8,28,matrices/TFE2_mono_4.txt,PWMs_mono_HUMAN/TFE2/4.pwm
TFE2,5,di,1,1,di_0,TFE2_HUMAN~CD~TFE2_HUMAN.PEAKS033772.macs.M,0.1719333682805778,8,13,12,M,PEAKS033772,GM12878,None,+,0.931,NgcNRCASCTGSN,10.74,0.0452849322187673,0.0257900719687182,8,28,matrices/TFE2_di_0.txt,PWMs_di_HUMAN/TFE2/0.dpwm
TFE2,6,di,2,2,di_2,TFE2_HUMAN~CD~TFE2_HUMAN.PEAKS038473.macs.M,0.1599666185016637,8,12,11,M,PEAKS038473,,,-,0.989,NcNRCACCTGSN,12.36,0.0452849322187673,0.0257900719687182,8,28,matrices/TFE2_di_2.txt,PWMs_di_HUMAN/TFE2/2.dpwm
P53,1,mono,1,13,mono_34,P53_HUMAN~CM~P53_HUMAN.PEAKS033243.macs.M,0.0283148254780162,74,20,20,M,PEAKS033243,U2OS,Actinomycin D,+,1.0,RGRCATGTCTGGRCATGYCN,19.17,0.0435872862772251,0.255411543526772,9,1,matrices/P53_mono_34.txt,PWMs_mono_HUMAN/P53/34.pwm
P53,2,mono,2,14,mono_41,P53_HUMAN~CM~P53_HUMAN.PEAKS033236.macs.M,0.0270116607756417,74,20,20,M,PEAKS033236,U2OS,Actinomycin D,+,0.769,tGGAMWKGaMTGGAMWNRtC,12.1,0.0435872862772251,0.255411543526772,9,1,matrices/P53_mono_41.txt,PWMs_mono_HUMAN/P53/41.pwm
P53,3,mono,3,15,mono_14,P53_HUMAN~CM~P53_HUMAN.PEAKS035162.macs.M,0.0232291764016706,74,20,20,M,PEAKS035162,Human neonatal foreskin keratinocytes,350nM Adrimycin,-,0.99,RGRCATGTCTGGRCATGYCc,18.28,0.0435872862772251,0.255411543526772,9,1,matrices/P53_mono_14.txt,PWMs_mono_HUMAN/P53/14.pwm
P53,4,mono,4,19,mono_18,P53_HUMAN~CM~P53_HUMAN.PEAKS035155.macs.M,0.0160934169816412,74,20,20,M,PEAKS035155,Human diploid foreskin fibroblasts (BJ) immortalized with hTERT,ionizing radiation,+,0.993,RRRCATGTCTGGRCATGYCN,17.4,0.0435872862772251,0.255411543526772,9,1,matrices/P53_mono_18.txt,PWMs_mono_HUMAN/P53/18.pwm
P53,5,di,1,1,di_18,P53_HUMAN~CD~P53_HUMAN.PEAKS035163.macs.M,0.0666444404635893,74,22,21,M,PEAKS035163,Human neonatal foreskin keratinocytes,25uM Cisplatin,-,0.99,NgGRCATGYCTGGRCATGYCNN,19.06,0.0435872862772251,0.255411543526772,9,1,matrices/P53_di_18.txt,PWMs_di_HUMAN/P53/18.dpwm
P53,6,di,2,2,di_17,P53_HUMAN~CD~P53_HUMAN.PEAKS035162.macs.M,0.0550720071064403,74,22,21,M,PEAKS035162,Human neonatal foreskin keratinocytes,350nM Adrimycin,+,0.99,NRGRCATGTCTGGRCATGYCcN,18.15,0.0435872862772251,0.255411543526772,9,1,matrices/P53_di_17.txt,PWMs_di_HUMAN/P53/17.dpwm
SPI1,1,mono,1,10,mono_33,SPI1_HUMAN~CM~SPI1_HUMAN.PEAKS038367.macs.M,0.0322340674600068,63,17,17,M,PEAKS038367,,,+,1.0,tttCACTTCCTCTTTTt,19.12,0.0238615392235452,0.119788144696289,19,4,matrices/SPI1_mono_33.txt,PWMs_mono_HUMAN/SPI1/33.pwm
SPI1,2,mono,2,11,mono_21,SPI1_HUMAN~CM~SPI1_HUMAN.PEAKS035176.macs.M,0.0285287569694831,63,16,16,M,PEAKS035176,OCI-LY3,,+,0.981,ttYCACTTCCTCTYTN,15.07,0.0238615392235452,0.119788144696289,19,4,matrices/SPI1_mono_21.txt,PWMs_mono_HUMAN/SPI1/21.pwm
SPI1,3,mono,3,13,mono_31,SPI1_HUMAN~CM~SPI1_HUMAN.PEAKS038365.macs.M,0.0267751463836955,63,17,17,M,PEAKS038365,,,+,0.998,ttYCACTTCCTCTTTTt,19.16,0.0238615392235452,0.119788144696289,19,4,matrices/SPI1_mono_31.txt,PWMs_mono_HUMAN/SPI1/31.pwm
SPI1,4,mono,4,14,mono_17,SPI1_HUMAN~CM~SPI1_HUMAN.PEAKS035170.macs.M,0.0255200456319781,63,16,16,M,PEAKS035170,OCI-LY10,,+,0.996,TtTCACTTCCTCTTTY,16.59,0.0238615392235452,0.119788144696289,19,4,matrices/SPI1_mono_17.txt,PWMs_mono_HUMAN/SPI1/17.pwm
SPI1,5,di,1,1,di_7,SPI1_HUMAN~CD~SPI1_HUMAN.PEAKS035166.macs.M,0.1093673999492131,63,19,18,M,PEAKS035166,OCI-LY3,,+,0.993,NTtTCACTTCCYCTTTttN,16.62,0.0238615392235452,0.119788144696289,19,4,matrices/SPI1_di_7.txt,PWMs_di_HUMAN/SPI1/7.dpwm
SPI1,6,di,2,2,di_9,SPI1_HUMAN~CD~SPI1_HUMAN.PEAKS035173.macs.M,0.08971372486218,63,19,18,M,PEAKS035173,H929,,-,0.96,NgTYTCACTTCCTCtYtNN,15.44,0.0238615392235452,0.119788144696289,19,4,matrices/SPI1_di_9.txt,PWMs_di_HUMAN/SPI1/9.dpwm
MYC,1,mono,1,1,mono_82,MYC_HUMAN~CM~MYC_HUMAN.PEAKS038704.macs.S,0.0542271347302221,165,9,9,S,PEAKS038704,,,+,1.0,NCCRCGTGg,9.75,0.0217735152840514,0.0904623977461888,22,8,matrices/MYC_mono_82.txt,PWMs_mono_HUMAN/MYC/82.pwm
MYC,2,mono,2,3,mono_44,MYC_HUMAN~CM~MYC_HUMAN.PEAKS034735.macs.S,0.0464790786983824,165,9,9,S,PEAKS034735,P493-6,cMyc expression released for 24 hours,-,0.987,CCRCGTGNN,10.17,0.0217735152840514,0.0904623977461888,22,8,matrices/MYC_mono_44.txt,PWMs_mono_HUMAN/MYC/44.pwm
MYC,3,mono,3,11,mono_94,MYC_HUMAN~CM~MYC_HUMAN.PEAKS038860.macs.M,0.028879284797525,165,9,9,M,PEAKS038860,,,+,0.935,NSCaCGTGg,8.81,0.0217735152840514,0.0904623977461888,22,8,matrices/MYC_mono_94.txt,PWMs_mono_HUMAN/MYC/94.pwm
MYC,4,mono,4,12,mono_97,MYC_HUMAN~CM~MYC_HUMAN.PEAKS038865.macs.S,0.0285873848972833,165,7,7,S,PEAKS038865,,,+,0.992,CCRCGTG,9.47,0.0217735152840514,0.0904623977461888,22,8,matrices/MYC_mono_97.txt,PWMs_mono_HUMAN/MYC/97.pwm
MYC,5,di,1,2,di_41,MYC_HUMAN~CD~MYC_HUMAN.PEAKS038704.macs.M,0.0493262588895676,165,10,9,M,PEAKS038704,,,-,0.949,NSCRCGTGgN,10.04,0.0217735152840514,0.0904623977461888,22,8,matrices/MYC_di_41.txt,PWMs_di_HUMAN/MYC/41.dpwm
MYC,6,di,2,4,di_49,MYC_HUMAN~CD~MYC_HUMAN.PEAKS038865.macs.M,0.0432055956328694,165,12,11,M,PEAKS038865,,,-,0.919,gCCRCGTGNNcN,10.26,0.0217735152840514,0.0904623977461888,22,8,matrices/MYC_di_49.txt,PWMs_di_HUMAN/MYC/49.dpwm
CEBPB,1,mono,1,2,mono_13,CEBPB_HUMAN~CM~CEBPB_HUMAN.PEAKS033926.macs.M,0.1138354452029833,30,11,11,M,PEAKS033926,ECC-1,None,+,1.0,NRTTRYGCAAT,12.82,0.0095320893543106,0.0916179088011502,32,7,matrices/CEBPB_mono_13.txt,PWMs_mono_HUMAN/CEBPB/13.pwm
CEBPB,2,mono,2,3,mono_12,CEBPB_HUMAN~CM~CEBPB_HUMAN.PEAKS033926.macs.S,0.1026082350380463,30,11,11,S,PEAKS033926,ECC-1,None,-,0.997,RTTRYGCAATN,11.86,0.0095320893543106,0.0916179088011502,32,7,matrices/CEBPB_mono_12.txt,PWMs_mono_HUMAN/CEBPB/12.pwm
CEBPB,3,mono,3,6,mono_2,CEBPB_HUMAN~CM~CEBPB_HUMAN.PEAKS033863.macs.S,0.0565068323687487,30,11,11,S,PEAKS033863,ECC-1,None,+,0.979,aTTRtGCAAYN,10.83,0.0095320893543106,0.0916179088011502,32,7,matrices/CEBPB_mono_2.txt,PWMs_mono_HUMAN/CEBPB/2.pwm
CEBPB,4,mono,4,8,mono_3,CEBPB_HUMAN~CM~CEBPB_HUMAN.PEAKS033863.macs.M,0.0440251865868219,30,11,11,M,PEAKS033863,ECC-1,None,-,0.975,gaTTRtGCAAt,10.87,0.0095320893543106,0.0916179088011502,32,7,matrices/CEBPB_mono_3.txt,PWMs_mono_HUMAN/CEBPB/3.pwm
CEBPB,5,di,1,1,di_6,CEBPB_HUMAN~CD~CEBPB_HUMAN.PEAKS033926.macs.M,0.2163507233240402,30,15,14,M,PEAKS033926,ECC-1,None,-,0.998,NgNNRTTRYGCAATN,13.15,0.0095320893543106,0.0916179088011502,32,7,matrices/CEBPB_di_6.txt,PWMs_di_HUMAN/CEBPB/6.dpwm
CEBPB,6,di,2,4,di_3,CEBPB_HUMAN~CD~CEBPB_HUMAN.PEAKS033901.macs.M,0.0921859179429319,30,15,14,M,PEAKS033901,A549,None,+,0.98,NNNRTTRYGCAAYcN,12.09,0.0095320893543106,0.0916179088011502,32,7,matrices/CEBPB_di_3.txt,PWMs_di_HUMAN/CEBPB/3.dpwm
