TF,delta_auROC,rank_dauROC,delta_auPRC,rank_dauPRC,auROC_best_PWM,auROC_ArChIPelago,auPRC_best_PWM,auPRC_ArChIPelago,n_PWMs_total_mono_plus_di,candidate
SRF,0.098287886258981,1,0.1122154556278327,5,0.7726668020245329,0.8709546882835139,0.2687609775103451,0.3809764331381778,25,True
IRF4,0.0936910905272592,2,0.0992554224472603,6,0.7562861700388561,0.8499772605661153,0.2070114136796756,0.3062668361269359,18,True
E2F4,0.0909661601789851,3,0.0581502603891725,12,0.7528403450827513,0.8438065052617365,0.1079416010783942,0.1660918614675668,11,True
RXRA,0.0790449972494606,4,0.0071169404706706,35,0.7474783442899975,0.8265233415394582,0.0918692404488633,0.098986180919534,13,True
ANDR,0.059584503108638,5,0.1791510471702032,3,0.8779521091470112,0.9375366122556492,0.5415163927881678,0.720667439958371,303,True
MAFK,0.0479927085438024,6,0.1797599059505978,2,0.8082991042005165,0.856291812744319,0.2708518446371086,0.4506117505877064,9,True
TAL1,0.0469136228672322,7,0.0318522768801314,24,0.8432209564450065,0.8901345793122387,0.1311232420184406,0.162975518898572,30,True
TFE2,0.0452849322187673,8,0.0257900719687182,28,0.7323898784896467,0.777674810708414,0.0332127817064429,0.0590028536751612,8,True
P53,0.0435872862772251,9,0.255411543526772,1,0.8879167284958204,0.9315040147730456,0.3409618674656071,0.5963734109923791,74,True
GATA3,0.0390797142330537,10,0.0402773127625561,19,0.8008362795720226,0.8399159938050764,0.1182923649310322,0.1585696776935884,63,False
TF65,0.0371674837144656,11,0.0556772485853017,13,0.8011993074350411,0.8383667911495067,0.1492994309925082,0.20497667957781,108,False
PRGR,0.0363011892804967,12,0.0087408257327476,33,0.8254313139152666,0.8617325031957633,0.0597721768482232,0.0685130025809709,28,False
IRF1,0.0354689597390232,13,0.0616463973304267,11,0.810201749573414,0.8456707093124372,0.4029052673239492,0.464551664654376,16,False
GATA2,0.0320196576080418,14,0.0315326491373784,25,0.8598215403820672,0.891841197990109,0.1997043727279986,0.231237021865377,55,False
AP2A,0.0319164526842858,15,0.0268828385868711,27,0.8762400859826925,0.9081565386669784,0.0774729890682353,0.1043558276551064,9,False
STA5A,0.0278121236451225,16,0.0355188629763462,22,0.7460946159420667,0.7739067395871893,0.0614708162349829,0.0969896792113291,14,False
STAT1,0.0260850531268851,17,0.049059487551858,16,0.9131343828630952,0.9392194359899804,0.3650866780206495,0.4141461655725075,17,False
MAX,0.0250061652595099,18,0.0875421367877622,9,0.8892363480838157,0.9142425133433256,0.4490968831687416,0.5366390199565039,63,False
SPI1,0.0238615392235452,19,0.119788144696289,4,0.937466751383131,0.9613282906066762,0.5520927910784146,0.6718809357747036,63,True
SOX2,0.0238512787551322,20,0.0644609685915747,10,0.8497995234641386,0.8736508022192708,0.0909944296232043,0.155455398214779,46,False
RUNX1,0.0227129713352751,21,0.0350918222809672,23,0.8704972544023477,0.8932102257376229,0.1692612746452017,0.2043530969261689,59,False
MYC,0.0217735152840514,22,0.0904623977461888,8,0.8924913912407535,0.914264906524805,0.5366777692136409,0.6271401669598297,165,True
ESR1,0.0196670485671824,23,0.0415652957924731,18,0.8537285780143842,0.8733956265815667,0.5841917697210154,0.6257570655134885,290,False
GCR,0.0180680965469778,24,0.0371695617325597,21,0.906350032544391,0.9244181290913688,0.4051967733061211,0.4423663350386808,73,False
REST,0.0158563008312978,25,0.051121239725273,15,0.9780809275327595,0.9939372283640574,0.9309415356973774,0.9820627754226504,106,False
STAT3,0.015437249696543,26,0.0013722762978798,36,0.8206153259422361,0.8360525756387791,0.0867213075782189,0.0880935838760988,5,False
JUND,0.0153337918173023,27,0.0386259737928467,20,0.856309952340368,0.8716437441576703,0.2419773587678037,0.2806033325606505,50,False
GATA1,0.01435163108403,28,0.0188542431047831,31,0.9095333815491008,0.9238850126331308,0.3423246247558992,0.3611788678606823,42,False
FLI1,0.0140701894685039,29,0.0079523325246781,34,0.8629455278051181,0.877015717273622,0.0591874948051516,0.0671398273298297,26,False
PPARG,0.0139481401645114,30,0.0212193804006309,30,0.8865259459192376,0.900474086083749,0.2675307260896575,0.2887501064902884,28,False
HNF4A,0.0122873413587996,31,0.0548254998590462,14,0.9418555647677528,0.9541429061265524,0.4640210302460877,0.5188465301051339,39,False
CEBPB,0.0095320893543106,32,0.0916179088011502,7,0.9389172460942248,0.9484493354485354,0.2811573402952807,0.372775249096431,30,True
ERG,0.0092425331894392,33,0.0118322077177445,32,0.7588901941025061,0.7681327272919454,0.072289405540921,0.0841216132586655,54,False
CTCF,0.0075765923411151,34,0.0268918623354738,26,0.9683369357475168,0.975913528088632,0.8174315028254594,0.8443233651609332,297,False
USF2,0.0040800110238166,35,0.0467501928407472,17,0.9759833901717891,0.9800634011956058,0.6224121685542722,0.6691623613950194,18,False
COE1,0.0030840235431663,36,0.0252093646131235,29,0.9288641005844028,0.9319481241275692,0.1982420935920943,0.2234514582052179,15,False
