TF,species,datasets_table1,model_files_selected,model_files_p10,datasets_p10,interval_missing,peaks_top1000,peaks_chromfilter,peaks_after_repeats,peaks_unique
ANDR,HUMAN,31,53,53,31,0,51308,51255,44123,22715
AP2A,HUMAN,2,4,4,2,0,4000,4000,3576,1782
CEBPB,HUMAN,9,18,18,9,0,16698,16690,14672,7081
COE1,HUMAN,3,6,6,3,0,6000,6000,5412,2693
CTCF,HUMAN,57,114,114,57,0,114000,113970,108578,46378
E2F4,HUMAN,4,7,4,2,0,4000,3982,3890,1921
ERG,HUMAN,6,10,10,6,0,10000,9950,8759,5243
ESR1,HUMAN,36,66,58,33,15,42098,41921,37610,20125
FLI1,HUMAN,1,2,2,1,0,2000,2000,1908,954
GATA1,HUMAN,13,26,26,13,0,26000,25958,21408,9562
GATA2,HUMAN,9,17,17,9,0,17000,16982,14160,6546
GATA3,HUMAN,9,16,16,9,0,15034,15027,12830,7197
GCR,HUMAN,14,27,27,14,15,12000,11998,10774,5246
HNF4A,HUMAN,8,16,16,8,0,16000,15998,14038,6928
IRF1,HUMAN,5,10,6,4,0,6000,5809,4650,3152
IRF4,HUMAN,6,12,12,6,0,12000,11918,9948,4923
JUND,HUMAN,10,19,19,10,0,19000,19000,16811,8761
MAFK,HUMAN,2,4,4,2,0,4000,3998,3514,1755
MAX,HUMAN,19,38,38,19,0,38000,37972,36740,17634
MYC,HUMAN,28,56,56,28,0,56000,55942,54816,23145
P53,HUMAN,11,22,2,1,0,1558,1468,990,495
PPARG,HUMAN,5,9,9,5,0,9000,8992,7981,4401
PRGR,HUMAN,2,4,2,2,0,2000,2000,1796,1794
REST,HUMAN,33,65,65,33,0,65000,64974,62640,22291
RUNX1,HUMAN,9,17,17,9,0,17000,16980,14717,7743
RXRA,HUMAN,4,7,6,4,0,6000,5982,5399,3589
SOX2,HUMAN,5,10,10,5,0,10000,9984,8980,4475
SPI1,HUMAN,11,22,22,11,0,22000,21912,18900,9267
SRF,HUMAN,11,14,14,11,0,14000,13991,12089,8732
STA5A,HUMAN,4,6,5,4,0,4523,4511,3724,3019
STAT1,HUMAN,5,9,9,5,0,9000,8996,6666,3641
STAT3,HUMAN,3,5,5,3,0,5000,4998,4452,2643
TAL1,HUMAN,10,12,12,10,0,12000,11997,10127,8311
TF65,HUMAN,22,44,3,3,0,3000,2998,2881,2806
TFE2,HUMAN,2,3,3,2,0,3000,2994,2768,1814
USF2,HUMAN,5,10,10,5,0,10000,10000,9334,4395
