ANDR	mono_187	187_ANDR_HUMAN~CM~ANDR_HUMAN_PEAKS035119_macs_M_feature_compare_table_control_cut.tab	0.003148184519659323
ANDR	mono_23	23_ANDR_HUMAN~CM~ANDR_HUMAN_PEAKS038001_macs_M_feature_compare_table_control_cut.tab	0.0012581589506665924
ANDR	mono_179	179_ANDR_HUMAN~CM~ANDR_HUMAN_PEAKS037434_macs_M_feature_compare_table_control_cut.tab	0.001065538145690433
ANDR	mono_81	81_ANDR_HUMAN~CM~ANDR_HUMAN_PEAKS035073_macs_S_feature_compare_table_control_cut.tab	0.0003073118565383422
ANDR	mono_9	9_ANDR_HUMAN~CM~ANDR_HUMAN_PEAKS039153_macs_M_feature_compare_table_control_cut.tab	0.0002353958493757252
ANDR	mono_114	114_ANDR_HUMAN~CM~ANDR_HUMAN_PEAKS033248_macs_M_feature_compare_table_control_cut.tab	0.005120299640918321
ANDR	mono_31	31_ANDR_HUMAN~CM~ANDR_HUMAN_PEAKS037550_macs_M_feature_compare_table_control_cut.tab	0.0008318696000416851
ANDR	mono_77	77_ANDR_HUMAN~CM~ANDR_HUMAN_PEAKS035130_macs_S_feature_compare_table_control_cut.tab	0.0013022148857737286
ANDR	mono_161	161_ANDR_HUMAN~CM~ANDR_HUMAN_PEAKS034708_macs_S_feature_compare_table_control_cut.tab	0.0005713797415580515
ANDR	mono_33	33_ANDR_HUMAN~CM~ANDR_HUMAN_PEAKS037549_macs_S_feature_compare_table_control_cut.tab	0.000245185736920567
ANDR	mono_48	48_ANDR_HUMAN~CM~ANDR_HUMAN_PEAKS037198_macs_M_feature_compare_table_control_cut.tab	0.004421010384427077
ANDR	mono_112	112_ANDR_HUMAN~CM~ANDR_HUMAN_PEAKS033253_macs_S_feature_compare_table_control_cut.tab	0.00035912864898361463
ANDR	mono_184	184_ANDR_HUMAN~CM~ANDR_HUMAN_PEAKS035127_macs_M_feature_compare_table_control_cut.tab	0.006266249223494876
ANDR	mono_76	76_ANDR_HUMAN~CM~ANDR_HUMAN_PEAKS037073_macs_S_feature_compare_table_control_cut.tab	0.00012118585302840112
ANDR	mono_36	36_ANDR_HUMAN~CM~ANDR_HUMAN_PEAKS037542_macs_M_feature_compare_table_control_cut.tab	0.00022351740650385457
ANDR	mono_113	113_ANDR_HUMAN~CM~ANDR_HUMAN_PEAKS033252_macs_M_feature_compare_table_control_cut.tab	0.001914973147147991
ANDR	mono_141	141_ANDR_HUMAN~CM~ANDR_HUMAN_PEAKS037092_macs_S_feature_compare_table_control_cut.tab	0.00011938193219445676
ANDR	mono_142	142_ANDR_HUMAN~CM~ANDR_HUMAN_PEAKS037089_macs_S_feature_compare_table_control_cut.tab	0.0002512946180110452
ANDR	mono_138	138_ANDR_HUMAN~CM~ANDR_HUMAN_PEAKS037467_macs_S_feature_compare_table_control_cut.tab	0.00019673003662035578
ANDR	mono_52	52_ANDR_HUMAN~CM~ANDR_HUMAN_PEAKS037091_macs_S_feature_compare_table_control_cut.tab	0.0003921272294637706
ANDR	mono_149	149_ANDR_HUMAN~CM~ANDR_HUMAN_PEAKS037078_macs_S_feature_compare_table_control_cut.tab	0.00026211201949125903
ANDR	mono_37	37_ANDR_HUMAN~CM~ANDR_HUMAN_PEAKS037542_macs_S_feature_compare_table_control_cut.tab	0.00048161367031516545
ANDR	mono_182	182_ANDR_HUMAN~CM~ANDR_HUMAN_PEAKS035132_macs_M_feature_compare_table_control_cut.tab	0.00400089792840221
ANDR	mono_144	144_ANDR_HUMAN~CM~ANDR_HUMAN_PEAKS037087_macs_S_feature_compare_table_control_cut.tab	0.0001671098812588437
ANDR	mono_34	34_ANDR_HUMAN~CM~ANDR_HUMAN_PEAKS037544_macs_M_feature_compare_table_control_cut.tab	0.0005612037731305665
ANDR	mono_116	116_ANDR_HUMAN~CM~ANDR_HUMAN_PEAKS033164_macs_M_feature_compare_table_control_cut.tab	0.0001567947824178016
ANDR	mono_135	135_ANDR_HUMAN~CM~ANDR_HUMAN_PEAKS037550_macs_S_feature_compare_table_control_cut.tab	0.00016565557278738391
ANDR	mono_86	86_ANDR_HUMAN~CM~ANDR_HUMAN_PEAKS035021_macs_M_feature_compare_table_control_cut.tab	0.0032518182827084873
ANDR	mono_3	3_ANDR_HUMAN~CM~ANDR_HUMAN_PEAKS039266_macs_M_feature_compare_table_control_cut.tab	0.00040333453838966595
ANDR	mono_43	43_ANDR_HUMAN~CM~ANDR_HUMAN_PEAKS037432_macs_S_feature_compare_table_control_cut.tab	0.00011374041236760736
ANDR	mono_117	117_ANDR_HUMAN~CM~ANDR_HUMAN_PEAKS033164_macs_S_feature_compare_table_control_cut.tab	0.0002976190291802119
ANDR	mono_132	132_ANDR_HUMAN~CM~ANDR_HUMAN_PEAKS038467_macs_S_feature_compare_table_control_cut.tab	0.00040470546868351344
ANDR	mono_74	74_ANDR_HUMAN~CM~ANDR_HUMAN_PEAKS037074_macs_M_feature_compare_table_control_cut.tab	8.675976040967986e-05
ANDR	mono_59	59_ANDR_HUMAN~CM~ANDR_HUMAN_PEAKS037085_macs_M_feature_compare_table_control_cut.tab	0.01464583711630941
ANDR	mono_87	87_ANDR_HUMAN~CM~ANDR_HUMAN_PEAKS034941_macs_M_feature_compare_table_control_cut.tab	0.00025087806491754856
ANDR	mono_44	44_ANDR_HUMAN~CM~ANDR_HUMAN_PEAKS037431_macs_M_feature_compare_table_control_cut.tab	0.00030569944700541417
ANDR	mono_91	91_ANDR_HUMAN~CM~ANDR_HUMAN_PEAKS034691_macs_M_feature_compare_table_control_cut.tab	0.0002028865982574404
ANDR	mono_152	152_ANDR_HUMAN~CM~ANDR_HUMAN_PEAKS035132_macs_S_feature_compare_table_control_cut.tab	0.0008532452077845299
ANDR	mono_103	103_ANDR_HUMAN~CM~ANDR_HUMAN_PEAKS034501_macs_M_feature_compare_table_control_cut.tab	0.0003972473632338598
ANDR	mono_80	80_ANDR_HUMAN~CM~ANDR_HUMAN_PEAKS035082_macs_M_feature_compare_table_control_cut.tab	0.0004951881583943989
ANDR	mono_140	140_ANDR_HUMAN~CM~ANDR_HUMAN_PEAKS037431_macs_S_feature_compare_table_control_cut.tab	0.0004092615163540613
ANDR	mono_12	12_ANDR_HUMAN~CM~ANDR_HUMAN_PEAKS038970_macs_M_feature_compare_table_control_cut.tab	0.00037092157503033945
ANDR	mono_180	180_ANDR_HUMAN~CM~ANDR_HUMAN_PEAKS037208_macs_M_feature_compare_table_control_cut.tab	0.012692739105200518
ANDR	mono_96	96_ANDR_HUMAN~CM~ANDR_HUMAN_PEAKS034588_macs_M_feature_compare_table_control_cut.tab	0.0004085777339040813
ANDR	mono_16	16_ANDR_HUMAN~CM~ANDR_HUMAN_PEAKS038967_macs_M_feature_compare_table_control_cut.tab	0.00045369736624487577
ANDR	mono_133	133_ANDR_HUMAN~CM~ANDR_HUMAN_PEAKS037841_macs_S_feature_compare_table_control_cut.tab	0.0005315940353282314
ANDR	mono_94	94_ANDR_HUMAN~CM~ANDR_HUMAN_PEAKS034589_macs_M_feature_compare_table_control_cut.tab	0.0007757450321248098
ANDR	mono_131	131_ANDR_HUMAN~CM~ANDR_HUMAN_PEAKS038551_macs_S_feature_compare_table_control_cut.tab	0.0002942025448104697
ANDR	mono_6	6_ANDR_HUMAN~CM~ANDR_HUMAN_PEAKS039263_macs_M_feature_compare_table_control_cut.tab	0.000253751810652398
ANDR	mono_21	21_ANDR_HUMAN~CM~ANDR_HUMAN_PEAKS038551_macs_M_feature_compare_table_control_cut.tab	0.00032205778030620913
ANDR	mono_18	18_ANDR_HUMAN~CM~ANDR_HUMAN_PEAKS038965_macs_M_feature_compare_table_control_cut.tab	0.0028129421411473804
ANDR	mono_61	61_ANDR_HUMAN~CM~ANDR_HUMAN_PEAKS037084_macs_S_feature_compare_table_control_cut.tab	0.0001221359653799045
ANDR	mono_75	75_ANDR_HUMAN~CM~ANDR_HUMAN_PEAKS037073_macs_M_feature_compare_table_control_cut.tab	0.0004555002569847072
ANDR	mono_66	66_ANDR_HUMAN~CM~ANDR_HUMAN_PEAKS037079_macs_M_feature_compare_table_control_cut.tab	0.00022228671925356795
ANDR	mono_65	65_ANDR_HUMAN~CM~ANDR_HUMAN_PEAKS037081_macs_S_feature_compare_table_control_cut.tab	0.00011380609123924924
ANDR	mono_85	85_ANDR_HUMAN~CM~ANDR_HUMAN_PEAKS035022_macs_M_feature_compare_table_control_cut.tab	0.009335460511278027
ANDR	mono_173	173_ANDR_HUMAN~CM~ANDR_HUMAN_PEAKS033252_macs_S_feature_compare_table_control_cut.tab	0.0002836668752032173
ANDR	mono_193	193_ANDR_HUMAN~CM~ANDR_HUMAN_PEAKS033111_macs_M_feature_compare_table_control_cut.tab	0.0024592883756704383
ANDR	mono_22	22_ANDR_HUMAN~CM~ANDR_HUMAN_PEAKS038467_macs_M_feature_compare_table_control_cut.tab	0.0003388988107836293
ANDR	mono_0	0_ANDR_HUMAN~CM~ANDR_HUMAN_PEAKS039284_macs_M_feature_compare_table_control_cut.tab	0.00042999404869387565
ANDR	mono_82	82_ANDR_HUMAN~CM~ANDR_HUMAN_PEAKS035072_macs_M_feature_compare_table_control_cut.tab	0.0003388541966282351
ANDR	mono_118	118_ANDR_HUMAN~CM~ANDR_HUMAN_PEAKS033113_macs_M_feature_compare_table_control_cut.tab	0.00022180821011614263
ANDR	mono_111	111_ANDR_HUMAN~CM~ANDR_HUMAN_PEAKS033253_macs_M_feature_compare_table_control_cut.tab	0.0003794134165190551
ANDR	mono_119	119_ANDR_HUMAN~CM~ANDR_HUMAN_PEAKS033113_macs_S_feature_compare_table_control_cut.tab	0.00019455447410993718
ANDR	mono_41	41_ANDR_HUMAN~CM~ANDR_HUMAN_PEAKS037433_macs_M_feature_compare_table_control_cut.tab	0.00014523897690826927
ANDR	mono_123	123_ANDR_HUMAN~CM~ANDR_HUMAN_PEAKS039263_macs_S_feature_compare_table_control_cut.tab	0.0004988838985083979
ANDR	mono_70	70_ANDR_HUMAN~CM~ANDR_HUMAN_PEAKS037077_macs_S_feature_compare_table_control_cut.tab	0.0001939416221430909
ANDR	mono_154	154_ANDR_HUMAN~CM~ANDR_HUMAN_PEAKS035120_macs_S_feature_compare_table_control_cut.tab	0.001237081812368607
ANDR	mono_109	109_ANDR_HUMAN~CM~ANDR_HUMAN_PEAKS033389_macs_M_feature_compare_table_control_cut.tab	0.0002751821593976237
ANDR	mono_15	15_ANDR_HUMAN~CM~ANDR_HUMAN_PEAKS038968_macs_M_feature_compare_table_control_cut.tab	0.0007232542000219977
ANDR	mono_136	136_ANDR_HUMAN~CM~ANDR_HUMAN_PEAKS037544_macs_S_feature_compare_table_control_cut.tab	0.0005077697056125352
ANDR	mono_69	69_ANDR_HUMAN~CM~ANDR_HUMAN_PEAKS037077_macs_M_feature_compare_table_control_cut.tab	9.708712551337011e-05
ANDR	mono_83	83_ANDR_HUMAN~CM~ANDR_HUMAN_PEAKS035072_macs_S_feature_compare_table_control_cut.tab	0.00014458150100137997
ANDR	mono_54	54_ANDR_HUMAN~CM~ANDR_HUMAN_PEAKS037090_macs_S_feature_compare_table_control_cut.tab	6.654755692284435e-05
ANDR	mono_13	13_ANDR_HUMAN~CM~ANDR_HUMAN_PEAKS038970_macs_S_feature_compare_table_control_cut.tab	0.00031677446405746295
ANDR	mono_102	102_ANDR_HUMAN~CM~ANDR_HUMAN_PEAKS034502_macs_M_feature_compare_table_control_cut.tab	0.026901445051477554
ANDR	mono_145	145_ANDR_HUMAN~CM~ANDR_HUMAN_PEAKS037086_macs_S_feature_compare_table_control_cut.tab	0.0007909432394864941
ANDR	mono_73	73_ANDR_HUMAN~CM~ANDR_HUMAN_PEAKS037075_macs_S_feature_compare_table_control_cut.tab	0.00011968710787575585
ANDR	mono_90	90_ANDR_HUMAN~CM~ANDR_HUMAN_PEAKS034704_macs_M_feature_compare_table_control_cut.tab	0.0018476575741260513
ANDR	mono_78	78_ANDR_HUMAN~CM~ANDR_HUMAN_PEAKS035120_macs_M_feature_compare_table_control_cut.tab	0.000138808855118988
ANDR	mono_134	134_ANDR_HUMAN~CM~ANDR_HUMAN_PEAKS037748_macs_S_feature_compare_table_control_cut.tab	0.00041714574129805994
ANDR	mono_151	151_ANDR_HUMAN~CM~ANDR_HUMAN_PEAKS037074_macs_S_feature_compare_table_control_cut.tab	0.00029571755707043197
ANDR	mono_5	5_ANDR_HUMAN~CM~ANDR_HUMAN_PEAKS039264_macs_S_feature_compare_table_control_cut.tab	0.0002903563695734935
ANDR	mono_106	106_ANDR_HUMAN~CM~ANDR_HUMAN_PEAKS034497_macs_M_feature_compare_table_control_cut.tab	0.0005378776046645257
ANDR	mono_137	137_ANDR_HUMAN~CM~ANDR_HUMAN_PEAKS037543_macs_S_feature_compare_table_control_cut.tab	0.0005682735873717078
ANDR	mono_88	88_ANDR_HUMAN~CM~ANDR_HUMAN_PEAKS034708_macs_M_feature_compare_table_control_cut.tab	0.00012318888609419196
ANDR	mono_126	126_ANDR_HUMAN~CM~ANDR_HUMAN_PEAKS039153_macs_S_feature_compare_table_control_cut.tab	0.0009065134691337382
ANDR	mono_110	110_ANDR_HUMAN~CM~ANDR_HUMAN_PEAKS033320_macs_M_feature_compare_table_control_cut.tab	0.00015009164596682794
ANDR	mono_125	125_ANDR_HUMAN~CM~ANDR_HUMAN_PEAKS039178_macs_S_feature_compare_table_control_cut.tab	0.00039159769553053945
ANDR	mono_35	35_ANDR_HUMAN~CM~ANDR_HUMAN_PEAKS037543_macs_M_feature_compare_table_control_cut.tab	0.014495531240548446
ANDR	mono_7	7_ANDR_HUMAN~CM~ANDR_HUMAN_PEAKS039179_macs_M_feature_compare_table_control_cut.tab	0.00022713129200971024
ANDR	mono_58	58_ANDR_HUMAN~CM~ANDR_HUMAN_PEAKS037086_macs_M_feature_compare_table_control_cut.tab	0.0001513182782907695
ANDR	mono_174	174_ANDR_HUMAN~CM~ANDR_HUMAN_PEAKS033110_macs_S_feature_compare_table_control_cut.tab	0.0002439244556659005
ANDR	mono_8	8_ANDR_HUMAN~CM~ANDR_HUMAN_PEAKS039178_macs_M_feature_compare_table_control_cut.tab	0.003020887716090035
ANDR	mono_163	163_ANDR_HUMAN~CM~ANDR_HUMAN_PEAKS034706_macs_S_feature_compare_table_control_cut.tab	0.0007025627300506796
ANDR	mono_162	162_ANDR_HUMAN~CM~ANDR_HUMAN_PEAKS034707_macs_S_feature_compare_table_control_cut.tab	0.0004357382374871922
ANDR	mono_10	10_ANDR_HUMAN~CM~ANDR_HUMAN_PEAKS038971_macs_M_feature_compare_table_control_cut.tab	0.004714616588885345
ANDR	mono_194	194_ANDR_HUMAN~CM~ANDR_HUMAN_PEAKS033090_macs_M_feature_compare_table_control_cut.tab	0.0009376643223620853
ANDR	mono_55	55_ANDR_HUMAN~CM~ANDR_HUMAN_PEAKS037089_macs_M_feature_compare_table_control_cut.tab	0.000258668825150947
ANDR	mono_28	28_ANDR_HUMAN~CM~ANDR_HUMAN_PEAKS037995_macs_M_feature_compare_table_control_cut.tab	0.0001697186889104261
ANDR	mono_168	168_ANDR_HUMAN~CM~ANDR_HUMAN_PEAKS034503_macs_S_feature_compare_table_control_cut.tab	0.0002530759030732055
ANDR	mono_164	164_ANDR_HUMAN~CM~ANDR_HUMAN_PEAKS034691_macs_S_feature_compare_table_control_cut.tab	0.0002560225414907896
ANDR	mono_39	39_ANDR_HUMAN~CM~ANDR_HUMAN_PEAKS037435_macs_M_feature_compare_table_control_cut.tab	0.0001925588576823273
ANDR	mono_178	178_ANDR_HUMAN~CM~ANDR_HUMAN_PEAKS037437_macs_M_feature_compare_table_control_cut.tab	0.00795490933448248
ANDR	mono_167	167_ANDR_HUMAN~CM~ANDR_HUMAN_PEAKS034531_macs_S_feature_compare_table_control_cut.tab	7.737187309678929e-05
ANDR	mono_71	71_ANDR_HUMAN~CM~ANDR_HUMAN_PEAKS037076_macs_M_feature_compare_table_control_cut.tab	0.0008228286187067024
ANDR	mono_128	128_ANDR_HUMAN~CM~ANDR_HUMAN_PEAKS038968_macs_S_feature_compare_table_control_cut.tab	0.0002038028845056752
ANDR	mono_189	189_ANDR_HUMAN~CM~ANDR_HUMAN_PEAKS034707_macs_M_feature_compare_table_control_cut.tab	0.0025968746025019406
ANDR	mono_57	57_ANDR_HUMAN~CM~ANDR_HUMAN_PEAKS037087_macs_M_feature_compare_table_control_cut.tab	0.000593917721406089
ANDR	mono_100	100_ANDR_HUMAN~CM~ANDR_HUMAN_PEAKS034531_macs_M_feature_compare_table_control_cut.tab	0.00012056749225101907
ANDR	mono_17	17_ANDR_HUMAN~CM~ANDR_HUMAN_PEAKS038966_macs_M_feature_compare_table_control_cut.tab	0.015492732189627063
ANDR	mono_156	156_ANDR_HUMAN~CM~ANDR_HUMAN_PEAKS035082_macs_S_feature_compare_table_control_cut.tab	8.378415819741255e-05
ANDR	mono_27	27_ANDR_HUMAN~CM~ANDR_HUMAN_PEAKS037996_macs_M_feature_compare_table_control_cut.tab	0.000201622195883443
ANDR	mono_121	121_ANDR_HUMAN~CM~ANDR_HUMAN_PEAKS039275_macs_S_feature_compare_table_control_cut.tab	0.000982695228699837
ANDR	mono_104	104_ANDR_HUMAN~CM~ANDR_HUMAN_PEAKS034501_macs_S_feature_compare_table_control_cut.tab	0.00015933019471475312
ANDR	mono_40	40_ANDR_HUMAN~CM~ANDR_HUMAN_PEAKS037435_macs_S_feature_compare_table_control_cut.tab	0.00034337192884399735
ANDR	mono_60	60_ANDR_HUMAN~CM~ANDR_HUMAN_PEAKS037084_macs_M_feature_compare_table_control_cut.tab	0.0002455214649637402
ANDR	mono_92	92_ANDR_HUMAN~CM~ANDR_HUMAN_PEAKS034690_macs_M_feature_compare_table_control_cut.tab	0.005584719571081983
ANDR	mono_45	45_ANDR_HUMAN~CM~ANDR_HUMAN_PEAKS037211_macs_M_feature_compare_table_control_cut.tab	0.0004384054529170664
ANDR	mono_181	181_ANDR_HUMAN~CM~ANDR_HUMAN_PEAKS035133_macs_M_feature_compare_table_control_cut.tab	0.0031325357128488044
ANDR	mono_105	105_ANDR_HUMAN~CM~ANDR_HUMAN_PEAKS034498_macs_M_feature_compare_table_control_cut.tab	0.0005635541368324402
ANDR	mono_93	93_ANDR_HUMAN~CM~ANDR_HUMAN_PEAKS034684_macs_M_feature_compare_table_control_cut.tab	0.0003289618339328925
ANDR	mono_47	47_ANDR_HUMAN~CM~ANDR_HUMAN_PEAKS037200_macs_M_feature_compare_table_control_cut.tab	0.00479123225094233
ANDR	mono_79	79_ANDR_HUMAN~CM~ANDR_HUMAN_PEAKS035084_macs_M_feature_compare_table_control_cut.tab	6.892735722836002e-05
ANDR	mono_19	19_ANDR_HUMAN~CM~ANDR_HUMAN_PEAKS038965_macs_S_feature_compare_table_control_cut.tab	0.00034939701214363933
ANDR	mono_159	159_ANDR_HUMAN~CM~ANDR_HUMAN_PEAKS035021_macs_S_feature_compare_table_control_cut.tab	0.0003114423092434415
ANDR	mono_175	175_ANDR_HUMAN~CM~ANDR_HUMAN_PEAKS038910_macs_M_feature_compare_table_control_cut.tab	0.0019954926670640093
ANDR	mono_130	130_ANDR_HUMAN~CM~ANDR_HUMAN_PEAKS038966_macs_S_feature_compare_table_control_cut.tab	0.00019710260553894982
ANDR	mono_50	50_ANDR_HUMAN~CM~ANDR_HUMAN_PEAKS037092_macs_M_feature_compare_table_control_cut.tab	0.00017300921512829098
ANDR	mono_108	108_ANDR_HUMAN~CM~ANDR_HUMAN_PEAKS033413_macs_S_feature_compare_table_control_cut.tab	0.00014939586626591875
ANDR	mono_107	107_ANDR_HUMAN~CM~ANDR_HUMAN_PEAKS033413_macs_M_feature_compare_table_control_cut.tab	0.003933704892155732
ANDR	mono_127	127_ANDR_HUMAN~CM~ANDR_HUMAN_PEAKS038969_macs_S_feature_compare_table_control_cut.tab	0.0002389627679644941
ANDR	mono_186	186_ANDR_HUMAN~CM~ANDR_HUMAN_PEAKS035121_macs_M_feature_compare_table_control_cut.tab	0.007234095945344717
ANDR	mono_166	166_ANDR_HUMAN~CM~ANDR_HUMAN_PEAKS034684_macs_S_feature_compare_table_control_cut.tab	0.00023747552676634678
ANDR	mono_122	122_ANDR_HUMAN~CM~ANDR_HUMAN_PEAKS039266_macs_S_feature_compare_table_control_cut.tab	0.00022394504522458983
ANDR	mono_97	97_ANDR_HUMAN~CM~ANDR_HUMAN_PEAKS034588_macs_S_feature_compare_table_control_cut.tab	0.00014174928553106934
ANDR	mono_42	42_ANDR_HUMAN~CM~ANDR_HUMAN_PEAKS037432_macs_M_feature_compare_table_control_cut.tab	0.00010686499126195669
ANDR	mono_153	153_ANDR_HUMAN~CM~ANDR_HUMAN_PEAKS035127_macs_S_feature_compare_table_control_cut.tab	0.0006486555724838115
ANDR	mono_29	29_ANDR_HUMAN~CM~ANDR_HUMAN_PEAKS037841_macs_M_feature_compare_table_control_cut.tab	0.002300330133215713
ANDR	mono_188	188_ANDR_HUMAN~CM~ANDR_HUMAN_PEAKS035011_macs_M_feature_compare_table_control_cut.tab	0.0021085952728905543
ANDR	mono_158	158_ANDR_HUMAN~CM~ANDR_HUMAN_PEAKS035022_macs_S_feature_compare_table_control_cut.tab	0.0004582708004511621
ANDR	mono_24	24_ANDR_HUMAN~CM~ANDR_HUMAN_PEAKS038001_macs_S_feature_compare_table_control_cut.tab	0.00013685610924337214
ANDR	mono_192	192_ANDR_HUMAN~CM~ANDR_HUMAN_PEAKS034538_macs_M_feature_compare_table_control_cut.tab	0.0013352292292429667
ANDR	mono_172	172_ANDR_HUMAN~CM~ANDR_HUMAN_PEAKS033320_macs_S_feature_compare_table_control_cut.tab	0.00014864615859869077
ANDR	mono_183	183_ANDR_HUMAN~CM~ANDR_HUMAN_PEAKS035130_macs_M_feature_compare_table_control_cut.tab	0.0022264164556138155
ANDR	mono_171	171_ANDR_HUMAN~CM~ANDR_HUMAN_PEAKS034497_macs_S_feature_compare_table_control_cut.tab	0.0008618635797101124
ANDR	mono_129	129_ANDR_HUMAN~CM~ANDR_HUMAN_PEAKS038967_macs_S_feature_compare_table_control_cut.tab	0.0003741453847042485
ANDR	mono_53	53_ANDR_HUMAN~CM~ANDR_HUMAN_PEAKS037090_macs_M_feature_compare_table_control_cut.tab	0.00021267284227409795
ANDR	mono_63	63_ANDR_HUMAN~CM~ANDR_HUMAN_PEAKS037082_macs_M_feature_compare_table_control_cut.tab	0.0004943280948883958
ANDR	mono_95	95_ANDR_HUMAN~CM~ANDR_HUMAN_PEAKS034589_macs_S_feature_compare_table_control_cut.tab	0.00010966485489750512
ANDR	mono_1	1_ANDR_HUMAN~CM~ANDR_HUMAN_PEAKS039284_macs_S_feature_compare_table_control_cut.tab	3.274317804478941e-05
ANDR	mono_148	148_ANDR_HUMAN~CM~ANDR_HUMAN_PEAKS037082_macs_S_feature_compare_table_control_cut.tab	0.0006339232923603192
ANDR	mono_84	84_ANDR_HUMAN~CM~ANDR_HUMAN_PEAKS035023_macs_M_feature_compare_table_control_cut.tab	0.029027336327818343
ANDR	mono_115	115_ANDR_HUMAN~CM~ANDR_HUMAN_PEAKS033248_macs_S_feature_compare_table_control_cut.tab	0.0002093182581295559
ANDR	mono_150	150_ANDR_HUMAN~CM~ANDR_HUMAN_PEAKS037076_macs_S_feature_compare_table_control_cut.tab	0.0002771232731739912
ANDR	mono_157	157_ANDR_HUMAN~CM~ANDR_HUMAN_PEAKS035023_macs_S_feature_compare_table_control_cut.tab	0.00023889170453315117
ANDR	mono_26	26_ANDR_HUMAN~CM~ANDR_HUMAN_PEAKS037997_macs_S_feature_compare_table_control_cut.tab	0.0002630943065134186
ANDR	mono_14	14_ANDR_HUMAN~CM~ANDR_HUMAN_PEAKS038969_macs_M_feature_compare_table_control_cut.tab	0.0003737261776619133
ANDR	mono_99	99_ANDR_HUMAN~CM~ANDR_HUMAN_PEAKS034532_macs_S_feature_compare_table_control_cut.tab	0.00028485572349671977
ANDR	mono_62	62_ANDR_HUMAN~CM~ANDR_HUMAN_PEAKS037083_macs_M_feature_compare_table_control_cut.tab	0.0007632891134488481
ANDR	mono_169	169_ANDR_HUMAN~CM~ANDR_HUMAN_PEAKS034502_macs_S_feature_compare_table_control_cut.tab	0.00019604232649089964
ANDR	mono_72	72_ANDR_HUMAN~CM~ANDR_HUMAN_PEAKS037075_macs_M_feature_compare_table_control_cut.tab	0.00025831434753703034
ANDR	mono_120	120_ANDR_HUMAN~CM~ANDR_HUMAN_PEAKS033110_macs_M_feature_compare_table_control_cut.tab	0.00021566372697957295
ANDR	mono_2	2_ANDR_HUMAN~CM~ANDR_HUMAN_PEAKS039275_macs_M_feature_compare_table_control_cut.tab	0.0012486524840059118
ANDR	mono_191	191_ANDR_HUMAN~CM~ANDR_HUMAN_PEAKS034702_macs_M_feature_compare_table_control_cut.tab	0.0003683271395330636
ANDR	mono_49	49_ANDR_HUMAN~CM~ANDR_HUMAN_PEAKS037198_macs_S_feature_compare_table_control_cut.tab	0.00022485172239442816
ANDR	mono_67	67_ANDR_HUMAN~CM~ANDR_HUMAN_PEAKS037079_macs_S_feature_compare_table_control_cut.tab	0.0002401257449823419
ANDR	mono_143	143_ANDR_HUMAN~CM~ANDR_HUMAN_PEAKS037088_macs_S_feature_compare_table_control_cut.tab	0.00030941600849866913
ANDR	mono_20	20_ANDR_HUMAN~CM~ANDR_HUMAN_PEAKS038552_macs_M_feature_compare_table_control_cut.tab	0.00033677628758697675
ANDR	mono_68	68_ANDR_HUMAN~CM~ANDR_HUMAN_PEAKS037078_macs_M_feature_compare_table_control_cut.tab	0.0011416696756344291
ANDR	mono_51	51_ANDR_HUMAN~CM~ANDR_HUMAN_PEAKS037091_macs_M_feature_compare_table_control_cut.tab	0.0004494159595631472
ANDR	mono_147	147_ANDR_HUMAN~CM~ANDR_HUMAN_PEAKS037083_macs_S_feature_compare_table_control_cut.tab	0.0002250646181681367
ANDR	mono_190	190_ANDR_HUMAN~CM~ANDR_HUMAN_PEAKS034705_macs_M_feature_compare_table_control_cut.tab	0.0002713572422815431
ANDR	mono_124	124_ANDR_HUMAN~CM~ANDR_HUMAN_PEAKS039179_macs_S_feature_compare_table_control_cut.tab	0.0005504757906570801
ANDR	mono_32	32_ANDR_HUMAN~CM~ANDR_HUMAN_PEAKS037549_macs_M_feature_compare_table_control_cut.tab	0.0003926847544841402
ANDR	mono_101	101_ANDR_HUMAN~CM~ANDR_HUMAN_PEAKS034503_macs_M_feature_compare_table_control_cut.tab	0.018270136274290364
ANDR	mono_146	146_ANDR_HUMAN~CM~ANDR_HUMAN_PEAKS037085_macs_S_feature_compare_table_control_cut.tab	0.0007592211463894812
ANDR	mono_46	46_ANDR_HUMAN~CM~ANDR_HUMAN_PEAKS037211_macs_S_feature_compare_table_control_cut.tab	0.00020218936469991428
ANDR	mono_170	170_ANDR_HUMAN~CM~ANDR_HUMAN_PEAKS034498_macs_S_feature_compare_table_control_cut.tab	0.00021725774543248397
ANDR	mono_185	185_ANDR_HUMAN~CM~ANDR_HUMAN_PEAKS035125_macs_M_feature_compare_table_control_cut.tab	0.0012970883209193905
ANDR	mono_38	38_ANDR_HUMAN~CM~ANDR_HUMAN_PEAKS037467_macs_M_feature_compare_table_control_cut.tab	0.006952681884605213
ANDR	mono_165	165_ANDR_HUMAN~CM~ANDR_HUMAN_PEAKS034690_macs_S_feature_compare_table_control_cut.tab	7.609750527370509e-05
ANDR	mono_56	56_ANDR_HUMAN~CM~ANDR_HUMAN_PEAKS037088_macs_M_feature_compare_table_control_cut.tab	0.00327477799947852
ANDR	mono_155	155_ANDR_HUMAN~CM~ANDR_HUMAN_PEAKS035084_macs_S_feature_compare_table_control_cut.tab	0.00013744050655428822
ANDR	mono_160	160_ANDR_HUMAN~CM~ANDR_HUMAN_PEAKS034941_macs_S_feature_compare_table_control_cut.tab	0.0006512768393947601
ANDR	mono_176	176_ANDR_HUMAN~CM~ANDR_HUMAN_PEAKS038909_macs_M_feature_compare_table_control_cut.tab	0.003007048287014108
ANDR	mono_11	11_ANDR_HUMAN~CM~ANDR_HUMAN_PEAKS038971_macs_S_feature_compare_table_control_cut.tab	0.00028634147235626675
ANDR	mono_89	89_ANDR_HUMAN~CM~ANDR_HUMAN_PEAKS034706_macs_M_feature_compare_table_control_cut.tab	0.00030516541409606254
ANDR	mono_177	177_ANDR_HUMAN~CM~ANDR_HUMAN_PEAKS037526_macs_M_feature_compare_table_control_cut.tab	0.0033381596547740005
ANDR	mono_4	4_ANDR_HUMAN~CM~ANDR_HUMAN_PEAKS039264_macs_M_feature_compare_table_control_cut.tab	0.0006191645977783321
ANDR	mono_25	25_ANDR_HUMAN~CM~ANDR_HUMAN_PEAKS037997_macs_M_feature_compare_table_control_cut.tab	0.0006144106184942821
ANDR	mono_139	139_ANDR_HUMAN~CM~ANDR_HUMAN_PEAKS037433_macs_S_feature_compare_table_control_cut.tab	5.545378961610462e-05
ANDR	mono_98	98_ANDR_HUMAN~CM~ANDR_HUMAN_PEAKS034534_macs_M_feature_compare_table_control_cut.tab	9.157997925402727e-05
ANDR	mono_30	30_ANDR_HUMAN~CM~ANDR_HUMAN_PEAKS037748_macs_M_feature_compare_table_control_cut.tab	0.0045607882447228675
ANDR	mono_64	64_ANDR_HUMAN~CM~ANDR_HUMAN_PEAKS037081_macs_M_feature_compare_table_control_cut.tab	0.00023893923480441107
ANDR	di_0	0_ANDR_HUMAN~CD~ANDR_HUMAN_PEAKS033090_macs_M_feature_compare_table_control_cut.tab	0.006538734110875646
ANDR	di_1	1_ANDR_HUMAN~CD~ANDR_HUMAN_PEAKS033110_macs_M_feature_compare_table_control_cut.tab	0.0011342678905516064
ANDR	di_2	2_ANDR_HUMAN~CD~ANDR_HUMAN_PEAKS033111_macs_M_feature_compare_table_control_cut.tab	0.0031047908752304147
ANDR	di_3	3_ANDR_HUMAN~CD~ANDR_HUMAN_PEAKS033113_macs_M_feature_compare_table_control_cut.tab	0.0003182559252943986
ANDR	di_4	4_ANDR_HUMAN~CD~ANDR_HUMAN_PEAKS033164_macs_M_feature_compare_table_control_cut.tab	0.00012792523482905058
ANDR	di_5	5_ANDR_HUMAN~CD~ANDR_HUMAN_PEAKS033248_macs_M_feature_compare_table_control_cut.tab	0.004872471047376434
ANDR	di_6	6_ANDR_HUMAN~CD~ANDR_HUMAN_PEAKS033252_macs_M_feature_compare_table_control_cut.tab	0.010952143710705022
ANDR	di_7	7_ANDR_HUMAN~CD~ANDR_HUMAN_PEAKS033253_macs_M_feature_compare_table_control_cut.tab	0.00033794795485186783
ANDR	di_8	8_ANDR_HUMAN~CD~ANDR_HUMAN_PEAKS033320_macs_M_feature_compare_table_control_cut.tab	0.0011710493698625962
ANDR	di_9	9_ANDR_HUMAN~CD~ANDR_HUMAN_PEAKS033389_macs_M_feature_compare_table_control_cut.tab	0.00027084452215419885
ANDR	di_10	10_ANDR_HUMAN~CD~ANDR_HUMAN_PEAKS033413_macs_M_feature_compare_table_control_cut.tab	0.005465466242641193
ANDR	di_11	11_ANDR_HUMAN~CD~ANDR_HUMAN_PEAKS034497_macs_M_feature_compare_table_control_cut.tab	0.0067321627473584675
ANDR	di_12	12_ANDR_HUMAN~CD~ANDR_HUMAN_PEAKS034498_macs_M_feature_compare_table_control_cut.tab	0.0035668682458472115
ANDR	di_13	13_ANDR_HUMAN~CD~ANDR_HUMAN_PEAKS034501_macs_M_feature_compare_table_control_cut.tab	0.0029484246158995495
ANDR	di_14	14_ANDR_HUMAN~CD~ANDR_HUMAN_PEAKS034502_macs_M_feature_compare_table_control_cut.tab	0.019301728832257628
ANDR	di_15	15_ANDR_HUMAN~CD~ANDR_HUMAN_PEAKS034503_macs_M_feature_compare_table_control_cut.tab	0.009896887636637172
ANDR	di_16	16_ANDR_HUMAN~CD~ANDR_HUMAN_PEAKS034531_macs_M_feature_compare_table_control_cut.tab	0.005105133205661052
ANDR	di_17	17_ANDR_HUMAN~CD~ANDR_HUMAN_PEAKS034534_macs_M_feature_compare_table_control_cut.tab	0.0006420624510110355
ANDR	di_18	18_ANDR_HUMAN~CD~ANDR_HUMAN_PEAKS034538_macs_M_feature_compare_table_control_cut.tab	0.01547184535707055
ANDR	di_19	19_ANDR_HUMAN~CD~ANDR_HUMAN_PEAKS034588_macs_M_feature_compare_table_control_cut.tab	0.00029010066087794347
ANDR	di_20	20_ANDR_HUMAN~CD~ANDR_HUMAN_PEAKS034589_macs_M_feature_compare_table_control_cut.tab	0.006017787171762705
ANDR	di_21	21_ANDR_HUMAN~CD~ANDR_HUMAN_PEAKS034684_macs_M_feature_compare_table_control_cut.tab	0.0009735940413961946
ANDR	di_22	22_ANDR_HUMAN~CD~ANDR_HUMAN_PEAKS034690_macs_M_feature_compare_table_control_cut.tab	0.006313824472323218
ANDR	di_23	23_ANDR_HUMAN~CD~ANDR_HUMAN_PEAKS034691_macs_M_feature_compare_table_control_cut.tab	0.0003650682950689883
ANDR	di_24	24_ANDR_HUMAN~CD~ANDR_HUMAN_PEAKS034702_macs_M_feature_compare_table_control_cut.tab	0.010032632802752909
ANDR	di_25	25_ANDR_HUMAN~CD~ANDR_HUMAN_PEAKS034704_macs_M_feature_compare_table_control_cut.tab	0.00805607461820501
ANDR	di_26	26_ANDR_HUMAN~CD~ANDR_HUMAN_PEAKS034705_macs_M_feature_compare_table_control_cut.tab	0.0050129123785492965
ANDR	di_27	27_ANDR_HUMAN~CD~ANDR_HUMAN_PEAKS034706_macs_M_feature_compare_table_control_cut.tab	0.0010983302655304314
ANDR	di_28	28_ANDR_HUMAN~CD~ANDR_HUMAN_PEAKS034707_macs_M_feature_compare_table_control_cut.tab	0.00279590470284779
ANDR	di_29	29_ANDR_HUMAN~CD~ANDR_HUMAN_PEAKS034708_macs_M_feature_compare_table_control_cut.tab	0.0008899562670447326
ANDR	di_30	30_ANDR_HUMAN~CD~ANDR_HUMAN_PEAKS034941_macs_M_feature_compare_table_control_cut.tab	0.004959175438899668
ANDR	di_31	31_ANDR_HUMAN~CD~ANDR_HUMAN_PEAKS035011_macs_M_feature_compare_table_control_cut.tab	0.019617410198499986
ANDR	di_32	32_ANDR_HUMAN~CD~ANDR_HUMAN_PEAKS035021_macs_M_feature_compare_table_control_cut.tab	0.011482513662883324
ANDR	di_33	33_ANDR_HUMAN~CD~ANDR_HUMAN_PEAKS035022_macs_M_feature_compare_table_control_cut.tab	0.01751029970112594
ANDR	di_34	34_ANDR_HUMAN~CD~ANDR_HUMAN_PEAKS035023_macs_M_feature_compare_table_control_cut.tab	0.022968450533194018
ANDR	di_35	35_ANDR_HUMAN~CD~ANDR_HUMAN_PEAKS035072_macs_M_feature_compare_table_control_cut.tab	0.0006061217675288374
ANDR	di_36	36_ANDR_HUMAN~CD~ANDR_HUMAN_PEAKS035082_macs_M_feature_compare_table_control_cut.tab	0.0017997555096487367
ANDR	di_37	37_ANDR_HUMAN~CD~ANDR_HUMAN_PEAKS035084_macs_M_feature_compare_table_control_cut.tab	0.0005373062786852896
ANDR	di_38	38_ANDR_HUMAN~CD~ANDR_HUMAN_PEAKS035119_macs_M_feature_compare_table_control_cut.tab	0.006056716274967553
ANDR	di_39	39_ANDR_HUMAN~CD~ANDR_HUMAN_PEAKS035120_macs_M_feature_compare_table_control_cut.tab	0.02029340052599823
ANDR	di_40	40_ANDR_HUMAN~CD~ANDR_HUMAN_PEAKS035121_macs_M_feature_compare_table_control_cut.tab	0.01364865416129045
ANDR	di_41	41_ANDR_HUMAN~CD~ANDR_HUMAN_PEAKS035125_macs_M_feature_compare_table_control_cut.tab	0.008163668537138026
ANDR	di_42	42_ANDR_HUMAN~CD~ANDR_HUMAN_PEAKS035127_macs_M_feature_compare_table_control_cut.tab	0.00908341683501188
ANDR	di_43	43_ANDR_HUMAN~CD~ANDR_HUMAN_PEAKS035130_macs_M_feature_compare_table_control_cut.tab	0.00261164552654234
ANDR	di_44	44_ANDR_HUMAN~CD~ANDR_HUMAN_PEAKS035132_macs_M_feature_compare_table_control_cut.tab	0.006351447438281737
ANDR	di_45	45_ANDR_HUMAN~CD~ANDR_HUMAN_PEAKS035133_macs_M_feature_compare_table_control_cut.tab	0.010343123979155652
ANDR	di_46	46_ANDR_HUMAN~CD~ANDR_HUMAN_PEAKS037073_macs_M_feature_compare_table_control_cut.tab	0.004668894417455265
ANDR	di_47	47_ANDR_HUMAN~CD~ANDR_HUMAN_PEAKS037074_macs_M_feature_compare_table_control_cut.tab	0.0008134657118806895
ANDR	di_48	48_ANDR_HUMAN~CD~ANDR_HUMAN_PEAKS037075_macs_M_feature_compare_table_control_cut.tab	0.019312821721603497
ANDR	di_49	49_ANDR_HUMAN~CD~ANDR_HUMAN_PEAKS037076_macs_M_feature_compare_table_control_cut.tab	0.004291424598689742
ANDR	di_50	50_ANDR_HUMAN~CD~ANDR_HUMAN_PEAKS037077_macs_M_feature_compare_table_control_cut.tab	0.00011022219569469384
ANDR	di_51	51_ANDR_HUMAN~CD~ANDR_HUMAN_PEAKS037078_macs_M_feature_compare_table_control_cut.tab	0.0007467543740416673
ANDR	di_52	52_ANDR_HUMAN~CD~ANDR_HUMAN_PEAKS037079_macs_M_feature_compare_table_control_cut.tab	0.00036060712605020287
ANDR	di_53	53_ANDR_HUMAN~CD~ANDR_HUMAN_PEAKS037081_macs_M_feature_compare_table_control_cut.tab	0.006205368001547824
ANDR	di_54	54_ANDR_HUMAN~CD~ANDR_HUMAN_PEAKS037082_macs_M_feature_compare_table_control_cut.tab	0.0016954171419141149
ANDR	di_55	55_ANDR_HUMAN~CD~ANDR_HUMAN_PEAKS037083_macs_M_feature_compare_table_control_cut.tab	0.00017933645874383854
ANDR	di_56	56_ANDR_HUMAN~CD~ANDR_HUMAN_PEAKS037084_macs_M_feature_compare_table_control_cut.tab	0.00041490083429866374
ANDR	di_57	57_ANDR_HUMAN~CD~ANDR_HUMAN_PEAKS037085_macs_M_feature_compare_table_control_cut.tab	0.025640085233585224
ANDR	di_58	58_ANDR_HUMAN~CD~ANDR_HUMAN_PEAKS037086_macs_M_feature_compare_table_control_cut.tab	0.0006427337462998474
ANDR	di_59	59_ANDR_HUMAN~CD~ANDR_HUMAN_PEAKS037087_macs_M_feature_compare_table_control_cut.tab	0.0016271986071222275
ANDR	di_60	60_ANDR_HUMAN~CD~ANDR_HUMAN_PEAKS037088_macs_M_feature_compare_table_control_cut.tab	0.0162205943940298
ANDR	di_61	61_ANDR_HUMAN~CD~ANDR_HUMAN_PEAKS037089_macs_M_feature_compare_table_control_cut.tab	0.0019825006207166776
ANDR	di_62	62_ANDR_HUMAN~CD~ANDR_HUMAN_PEAKS037090_macs_M_feature_compare_table_control_cut.tab	0.005019571934620393
ANDR	di_63	63_ANDR_HUMAN~CD~ANDR_HUMAN_PEAKS037091_macs_M_feature_compare_table_control_cut.tab	0.0007344628903837316
ANDR	di_64	64_ANDR_HUMAN~CD~ANDR_HUMAN_PEAKS037092_macs_M_feature_compare_table_control_cut.tab	0.000954193396034506
ANDR	di_65	65_ANDR_HUMAN~CD~ANDR_HUMAN_PEAKS037198_macs_M_feature_compare_table_control_cut.tab	0.034769447781402556
ANDR	di_66	66_ANDR_HUMAN~CD~ANDR_HUMAN_PEAKS037200_macs_M_feature_compare_table_control_cut.tab	0.0001984055762602147
ANDR	di_67	67_ANDR_HUMAN~CD~ANDR_HUMAN_PEAKS037208_macs_M_feature_compare_table_control_cut.tab	0.007586366818435744
ANDR	di_68	68_ANDR_HUMAN~CD~ANDR_HUMAN_PEAKS037211_macs_M_feature_compare_table_control_cut.tab	0.0002478954561367104
ANDR	di_69	69_ANDR_HUMAN~CD~ANDR_HUMAN_PEAKS037431_macs_M_feature_compare_table_control_cut.tab	0.0032501319811072686
ANDR	di_70	70_ANDR_HUMAN~CD~ANDR_HUMAN_PEAKS037432_macs_M_feature_compare_table_control_cut.tab	0.0014447134364772843
ANDR	di_71	71_ANDR_HUMAN~CD~ANDR_HUMAN_PEAKS037433_macs_M_feature_compare_table_control_cut.tab	0.0033978528539978905
ANDR	di_72	72_ANDR_HUMAN~CD~ANDR_HUMAN_PEAKS037434_macs_M_feature_compare_table_control_cut.tab	0.013671386841658556
ANDR	di_73	73_ANDR_HUMAN~CD~ANDR_HUMAN_PEAKS037435_macs_M_feature_compare_table_control_cut.tab	0.003374466464575962
ANDR	di_74	74_ANDR_HUMAN~CD~ANDR_HUMAN_PEAKS037437_macs_M_feature_compare_table_control_cut.tab	0.01878834430530876
ANDR	di_75	75_ANDR_HUMAN~CD~ANDR_HUMAN_PEAKS037467_macs_M_feature_compare_table_control_cut.tab	0.038831359370020496
ANDR	di_76	76_ANDR_HUMAN~CD~ANDR_HUMAN_PEAKS037542_macs_M_feature_compare_table_control_cut.tab	0.012720587124358597
ANDR	di_77	77_ANDR_HUMAN~CD~ANDR_HUMAN_PEAKS037543_macs_M_feature_compare_table_control_cut.tab	0.0040833636218019125
ANDR	di_78	78_ANDR_HUMAN~CD~ANDR_HUMAN_PEAKS037544_macs_M_feature_compare_table_control_cut.tab	0.0013659381563191758
ANDR	di_79	79_ANDR_HUMAN~CD~ANDR_HUMAN_PEAKS037549_macs_M_feature_compare_table_control_cut.tab	0.00019751183242271218
ANDR	di_80	80_ANDR_HUMAN~CD~ANDR_HUMAN_PEAKS037550_macs_M_feature_compare_table_control_cut.tab	0.006110734742215076
ANDR	di_81	81_ANDR_HUMAN~CD~ANDR_HUMAN_PEAKS037748_macs_M_feature_compare_table_control_cut.tab	0.009610429188812442
ANDR	di_82	82_ANDR_HUMAN~CD~ANDR_HUMAN_PEAKS037841_macs_M_feature_compare_table_control_cut.tab	0.0035475193816997914
ANDR	di_83	83_ANDR_HUMAN~CD~ANDR_HUMAN_PEAKS037995_macs_M_feature_compare_table_control_cut.tab	8.443778401266895e-05
ANDR	di_84	84_ANDR_HUMAN~CD~ANDR_HUMAN_PEAKS037996_macs_M_feature_compare_table_control_cut.tab	0.0006857258130931402
ANDR	di_85	85_ANDR_HUMAN~CD~ANDR_HUMAN_PEAKS037997_macs_M_feature_compare_table_control_cut.tab	0.0007361778167010492
ANDR	di_86	86_ANDR_HUMAN~CD~ANDR_HUMAN_PEAKS038001_macs_M_feature_compare_table_control_cut.tab	0.0011143922682377845
ANDR	di_87	87_ANDR_HUMAN~CD~ANDR_HUMAN_PEAKS038467_macs_M_feature_compare_table_control_cut.tab	0.002705890107613819
ANDR	di_88	88_ANDR_HUMAN~CD~ANDR_HUMAN_PEAKS038551_macs_M_feature_compare_table_control_cut.tab	0.00031051241427855714
ANDR	di_89	89_ANDR_HUMAN~CD~ANDR_HUMAN_PEAKS038552_macs_M_feature_compare_table_control_cut.tab	0.0003754148158112741
ANDR	di_90	90_ANDR_HUMAN~CD~ANDR_HUMAN_PEAKS038909_macs_M_feature_compare_table_control_cut.tab	0.005251193706142885
ANDR	di_91	91_ANDR_HUMAN~CD~ANDR_HUMAN_PEAKS038910_macs_M_feature_compare_table_control_cut.tab	0.006285217340664449
ANDR	di_92	92_ANDR_HUMAN~CD~ANDR_HUMAN_PEAKS038965_macs_M_feature_compare_table_control_cut.tab	0.008235910483044796
ANDR	di_93	93_ANDR_HUMAN~CD~ANDR_HUMAN_PEAKS038966_macs_M_feature_compare_table_control_cut.tab	0.014909396946569451
ANDR	di_94	94_ANDR_HUMAN~CD~ANDR_HUMAN_PEAKS038967_macs_M_feature_compare_table_control_cut.tab	0.004910314762134034
ANDR	di_95	95_ANDR_HUMAN~CD~ANDR_HUMAN_PEAKS038968_macs_M_feature_compare_table_control_cut.tab	0.01084176793931378
ANDR	di_96	96_ANDR_HUMAN~CD~ANDR_HUMAN_PEAKS038969_macs_M_feature_compare_table_control_cut.tab	0.0008509363724677561
ANDR	di_97	97_ANDR_HUMAN~CD~ANDR_HUMAN_PEAKS038970_macs_M_feature_compare_table_control_cut.tab	0.0007120733223685474
ANDR	di_98	98_ANDR_HUMAN~CD~ANDR_HUMAN_PEAKS038971_macs_M_feature_compare_table_control_cut.tab	0.0006101032263211481
ANDR	di_99	99_ANDR_HUMAN~CD~ANDR_HUMAN_PEAKS039153_macs_M_feature_compare_table_control_cut.tab	0.0019858533001133835
ANDR	di_100	100_ANDR_HUMAN~CD~ANDR_HUMAN_PEAKS039178_macs_M_feature_compare_table_control_cut.tab	0.0047398149179349175
ANDR	di_101	101_ANDR_HUMAN~CD~ANDR_HUMAN_PEAKS039179_macs_M_feature_compare_table_control_cut.tab	0.006359535887370092
ANDR	di_102	102_ANDR_HUMAN~CD~ANDR_HUMAN_PEAKS039263_macs_M_feature_compare_table_control_cut.tab	0.0037135692457838103
ANDR	di_103	103_ANDR_HUMAN~CD~ANDR_HUMAN_PEAKS039264_macs_M_feature_compare_table_control_cut.tab	0.05059227567225993
ANDR	di_104	104_ANDR_HUMAN~CD~ANDR_HUMAN_PEAKS039266_macs_M_feature_compare_table_control_cut.tab	0.009988493991195658
ANDR	di_105	105_ANDR_HUMAN~CD~ANDR_HUMAN_PEAKS039275_macs_M_feature_compare_table_control_cut.tab	0.0031937487633248887
ANDR	di_106	106_ANDR_HUMAN~CD~ANDR_HUMAN_PEAKS039281_macs_M_feature_compare_table_control_cut.tab	0.0006415355520983721
ANDR	di_107	107_ANDR_HUMAN~CD~ANDR_HUMAN_PEAKS039284_macs_M_feature_compare_table_control_cut.tab	0.0007043501462864736
CEBPB	mono_19	19_CEBPB_HUMAN~CM~CEBPB_HUMAN_PEAKS038088_macs_M_feature_compare_table_control_cut.tab	0.005783743048547294
CEBPB	mono_7	7_CEBPB_HUMAN~CM~CEBPB_HUMAN_PEAKS033901_macs_M_feature_compare_table_control_cut.tab	0.009712007065791114
CEBPB	mono_4	4_CEBPB_HUMAN~CM~CEBPB_HUMAN_PEAKS033895_macs_S_feature_compare_table_control_cut.tab	0.003847382323104884
CEBPB	mono_6	6_CEBPB_HUMAN~CM~CEBPB_HUMAN_PEAKS033901_macs_S_feature_compare_table_control_cut.tab	0.03109355500357598
CEBPB	mono_18	18_CEBPB_HUMAN~CM~CEBPB_HUMAN_PEAKS038088_macs_S_feature_compare_table_control_cut.tab	0.00548944507784399
CEBPB	mono_8	8_CEBPB_HUMAN~CM~CEBPB_HUMAN_PEAKS033914_macs_S_feature_compare_table_control_cut.tab	0.003996338251513418
CEBPB	mono_10	10_CEBPB_HUMAN~CM~CEBPB_HUMAN_PEAKS033916_macs_S_feature_compare_table_control_cut.tab	0.0029722728839841365
CEBPB	mono_2	2_CEBPB_HUMAN~CM~CEBPB_HUMAN_PEAKS033863_macs_S_feature_compare_table_control_cut.tab	0.05650683236874874
CEBPB	mono_17	17_CEBPB_HUMAN~CM~CEBPB_HUMAN_PEAKS034573_macs_M_feature_compare_table_control_cut.tab	0.005119040246578451
CEBPB	mono_11	11_CEBPB_HUMAN~CM~CEBPB_HUMAN_PEAKS033916_macs_M_feature_compare_table_control_cut.tab	0.0032883316025851803
CEBPB	mono_5	5_CEBPB_HUMAN~CM~CEBPB_HUMAN_PEAKS033895_macs_M_feature_compare_table_control_cut.tab	0.007665369620769425
CEBPB	mono_16	16_CEBPB_HUMAN~CM~CEBPB_HUMAN_PEAKS034573_macs_S_feature_compare_table_control_cut.tab	0.0058877055915965105
CEBPB	mono_15	15_CEBPB_HUMAN~CM~CEBPB_HUMAN_PEAKS034240_macs_M_feature_compare_table_control_cut.tab	0.0063632459479805925
CEBPB	mono_14	14_CEBPB_HUMAN~CM~CEBPB_HUMAN_PEAKS034240_macs_S_feature_compare_table_control_cut.tab	0.006000993064785967
CEBPB	mono_13	13_CEBPB_HUMAN~CM~CEBPB_HUMAN_PEAKS033926_macs_M_feature_compare_table_control_cut.tab	0.11383544520298332
CEBPB	mono_0	0_CEBPB_HUMAN~CM~CEBPB_HUMAN_PEAKS033668_macs_S_feature_compare_table_control_cut.tab	0.0064200343306692435
CEBPB	mono_3	3_CEBPB_HUMAN~CM~CEBPB_HUMAN_PEAKS033863_macs_M_feature_compare_table_control_cut.tab	0.04402518658682194
CEBPB	mono_1	1_CEBPB_HUMAN~CM~CEBPB_HUMAN_PEAKS033668_macs_M_feature_compare_table_control_cut.tab	0.0405044999794639
CEBPB	mono_9	9_CEBPB_HUMAN~CM~CEBPB_HUMAN_PEAKS033914_macs_M_feature_compare_table_control_cut.tab	0.003832265438221661
CEBPB	mono_12	12_CEBPB_HUMAN~CM~CEBPB_HUMAN_PEAKS033926_macs_S_feature_compare_table_control_cut.tab	0.10260823503804638
CEBPB	di_0	0_CEBPB_HUMAN~CD~CEBPB_HUMAN_PEAKS033668_macs_M_feature_compare_table_control_cut.tab	0.05359486218795437
CEBPB	di_1	1_CEBPB_HUMAN~CD~CEBPB_HUMAN_PEAKS033863_macs_M_feature_compare_table_control_cut.tab	0.06952123724544278
CEBPB	di_2	2_CEBPB_HUMAN~CD~CEBPB_HUMAN_PEAKS033895_macs_M_feature_compare_table_control_cut.tab	0.01021206754960862
CEBPB	di_3	3_CEBPB_HUMAN~CD~CEBPB_HUMAN_PEAKS033901_macs_M_feature_compare_table_control_cut.tab	0.09218591794293199
CEBPB	di_4	4_CEBPB_HUMAN~CD~CEBPB_HUMAN_PEAKS033914_macs_M_feature_compare_table_control_cut.tab	0.0065948784893497085
CEBPB	di_5	5_CEBPB_HUMAN~CD~CEBPB_HUMAN_PEAKS033916_macs_M_feature_compare_table_control_cut.tab	0.009670121686178897
CEBPB	di_6	6_CEBPB_HUMAN~CD~CEBPB_HUMAN_PEAKS033926_macs_M_feature_compare_table_control_cut.tab	0.2163507233240402
CEBPB	di_7	7_CEBPB_HUMAN~CD~CEBPB_HUMAN_PEAKS034240_macs_M_feature_compare_table_control_cut.tab	0.031211502671081005
CEBPB	di_8	8_CEBPB_HUMAN~CD~CEBPB_HUMAN_PEAKS034573_macs_M_feature_compare_table_control_cut.tab	0.017906258999156627
CEBPB	di_9	9_CEBPB_HUMAN~CD~CEBPB_HUMAN_PEAKS038088_macs_M_feature_compare_table_control_cut.tab	0.027800501230643662
E2F4	mono_6	6_E2F4_HUMAN~CM~E2F4_HUMAN_PEAKS033080_macs_M_feature_compare_table_control_cut.tab	0.19131273537601842
E2F4	mono_2	2_E2F4_HUMAN~CM~E2F4_HUMAN_PEAKS033667_macs_M_feature_compare_table_control_cut.tab	0.09350440579008061
E2F4	mono_3	3_E2F4_HUMAN~CM~E2F4_HUMAN_PEAKS033667_macs_S_feature_compare_table_control_cut.tab	0.06938885331389989
E2F4	mono_0	0_E2F4_HUMAN~CM~E2F4_HUMAN_PEAKS033810_macs_M_feature_compare_table_control_cut.tab	0.03333892497317391
E2F4	mono_1	1_E2F4_HUMAN~CM~E2F4_HUMAN_PEAKS033810_macs_S_feature_compare_table_control_cut.tab	0.027319656637972915
E2F4	mono_4	4_E2F4_HUMAN~CM~E2F4_HUMAN_PEAKS033317_macs_S_feature_compare_table_control_cut.tab	0.02964772577890065
E2F4	mono_5	5_E2F4_HUMAN~CM~E2F4_HUMAN_PEAKS033317_macs_M_feature_compare_table_control_cut.tab	0.08507120005625626
E2F4	di_0	0_E2F4_HUMAN~CD~E2F4_HUMAN_PEAKS033080_macs_M_feature_compare_table_control_cut.tab	0.23303257969999963
E2F4	di_1	1_E2F4_HUMAN~CD~E2F4_HUMAN_PEAKS033317_macs_M_feature_compare_table_control_cut.tab	0.14317027496220014
E2F4	di_2	2_E2F4_HUMAN~CD~E2F4_HUMAN_PEAKS033667_macs_M_feature_compare_table_control_cut.tab	0.054429816671398776
E2F4	di_3	3_E2F4_HUMAN~CD~E2F4_HUMAN_PEAKS033810_macs_M_feature_compare_table_control_cut.tab	0.03978382674009876
IRF4	mono_6	6_IRF4_HUMAN~CM~IRF4_HUMAN_PEAKS035169_macs_M_feature_compare_table_control_cut.tab	0.039611675833450884
IRF4	mono_5	5_IRF4_HUMAN~CM~IRF4_HUMAN_PEAKS035172_macs_S_feature_compare_table_control_cut.tab	0.02464453273522213
IRF4	mono_11	11_IRF4_HUMAN~CM~IRF4_HUMAN_PEAKS033632_macs_S_feature_compare_table_control_cut.tab	0.014181671212891711
IRF4	mono_2	2_IRF4_HUMAN~CM~IRF4_HUMAN_PEAKS035175_macs_M_feature_compare_table_control_cut.tab	0.017667602293542372
IRF4	mono_0	0_IRF4_HUMAN~CM~IRF4_HUMAN_PEAKS035178_macs_M_feature_compare_table_control_cut.tab	0.014213625945075485
IRF4	mono_3	3_IRF4_HUMAN~CM~IRF4_HUMAN_PEAKS035175_macs_S_feature_compare_table_control_cut.tab	0.029744474657849778
IRF4	mono_10	10_IRF4_HUMAN~CM~IRF4_HUMAN_PEAKS033632_macs_M_feature_compare_table_control_cut.tab	0.011067529275454971
IRF4	mono_8	8_IRF4_HUMAN~CM~IRF4_HUMAN_PEAKS035165_macs_M_feature_compare_table_control_cut.tab	0.0782973636346097
IRF4	mono_9	9_IRF4_HUMAN~CM~IRF4_HUMAN_PEAKS035165_macs_S_feature_compare_table_control_cut.tab	0.06095187271195055
IRF4	mono_7	7_IRF4_HUMAN~CM~IRF4_HUMAN_PEAKS035169_macs_S_feature_compare_table_control_cut.tab	0.023742579718835453
IRF4	mono_1	1_IRF4_HUMAN~CM~IRF4_HUMAN_PEAKS035178_macs_S_feature_compare_table_control_cut.tab	0.030259207322900095
IRF4	mono_4	4_IRF4_HUMAN~CM~IRF4_HUMAN_PEAKS035172_macs_M_feature_compare_table_control_cut.tab	0.01311573412305116
IRF4	di_0	0_IRF4_HUMAN~CD~IRF4_HUMAN_PEAKS033632_macs_M_feature_compare_table_control_cut.tab	0.10831770799614188
IRF4	di_1	1_IRF4_HUMAN~CD~IRF4_HUMAN_PEAKS035165_macs_M_feature_compare_table_control_cut.tab	0.1955160464690832
IRF4	di_2	2_IRF4_HUMAN~CD~IRF4_HUMAN_PEAKS035169_macs_M_feature_compare_table_control_cut.tab	0.11780678551108142
IRF4	di_3	3_IRF4_HUMAN~CD~IRF4_HUMAN_PEAKS035172_macs_M_feature_compare_table_control_cut.tab	0.02145480884558596
IRF4	di_4	4_IRF4_HUMAN~CD~IRF4_HUMAN_PEAKS035175_macs_M_feature_compare_table_control_cut.tab	0.13969443442462645
IRF4	di_5	5_IRF4_HUMAN~CD~IRF4_HUMAN_PEAKS035178_macs_M_feature_compare_table_control_cut.tab	0.05971234728864693
MAFK	mono_1	1_MAFK_HUMAN~CM~MAFK_HUMAN_PEAKS034950_macs_M_feature_compare_table_control_cut.tab	0.04930429884615789
MAFK	mono_5	5_MAFK_HUMAN~CM~MAFK_HUMAN_PEAKS033440_macs_S_feature_compare_table_control_cut.tab	0.041321244208648675
MAFK	mono_0	0_MAFK_HUMAN~CM~MAFK_HUMAN_PEAKS034399_macs_M_feature_compare_table_control_cut.tab	0.0708674525631261
MAFK	mono_4	4_MAFK_HUMAN~CM~MAFK_HUMAN_PEAKS033440_macs_M_feature_compare_table_control_cut.tab	0.07901748820368754
MAFK	mono_2	2_MAFK_HUMAN~CM~MAFK_HUMAN_PEAKS034950_macs_S_feature_compare_table_control_cut.tab	0.11902013485104228
MAFK	mono_3	3_MAFK_HUMAN~CM~MAFK_HUMAN_PEAKS034399_macs_S_feature_compare_table_control_cut.tab	0.012748456566017813
MAFK	di_0	0_MAFK_HUMAN~CD~MAFK_HUMAN_PEAKS033440_macs_M_feature_compare_table_control_cut.tab	0.4186775115389994
MAFK	di_1	1_MAFK_HUMAN~CD~MAFK_HUMAN_PEAKS034399_macs_M_feature_compare_table_control_cut.tab	0.0771149565000623
MAFK	di_2	2_MAFK_HUMAN~CD~MAFK_HUMAN_PEAKS034950_macs_M_feature_compare_table_control_cut.tab	0.131928456722258
MYC	mono_32	32_MYC_HUMAN~CM~MYC_HUMAN_PEAKS033629_macs_S_feature_compare_table_control_cut.tab	0.00075184612030131
MYC	mono_66	66_MYC_HUMAN~CM~MYC_HUMAN_PEAKS037236_macs_S_feature_compare_table_control_cut.tab	0.0005666959030409387
MYC	mono_31	31_MYC_HUMAN~CM~MYC_HUMAN_PEAKS033605_macs_M_feature_compare_table_control_cut.tab	0.001204782935107689
MYC	mono_74	74_MYC_HUMAN~CM~MYC_HUMAN_PEAKS037795_macs_S_feature_compare_table_control_cut.tab	0.0016137409069237685
MYC	mono_108	108_MYC_HUMAN~CM~MYC_HUMAN_PEAKS039447_macs_M_feature_compare_table_control_cut.tab	0.0009176664987387318
MYC	mono_51	51_MYC_HUMAN~CM~MYC_HUMAN_PEAKS034746_macs_M_feature_compare_table_control_cut.tab	0.0006630665872408228
MYC	mono_22	22_MYC_HUMAN~CM~MYC_HUMAN_PEAKS033437_macs_S_feature_compare_table_control_cut.tab	0.0013091314316600255
MYC	mono_25	25_MYC_HUMAN~CM~MYC_HUMAN_PEAKS033462_macs_M_feature_compare_table_control_cut.tab	0.0014698430343227705
MYC	mono_57	57_MYC_HUMAN~CM~MYC_HUMAN_PEAKS034863_macs_M_feature_compare_table_control_cut.tab	0.007249768181290115
MYC	mono_10	10_MYC_HUMAN~CM~MYC_HUMAN_PEAKS033349_macs_S_feature_compare_table_control_cut.tab	0.003081332322773858
MYC	mono_39	39_MYC_HUMAN~CM~MYC_HUMAN_PEAKS033822_macs_M_feature_compare_table_control_cut.tab	0.0010101804841318538
MYC	mono_41	41_MYC_HUMAN~CM~MYC_HUMAN_PEAKS033870_macs_M_feature_compare_table_control_cut.tab	0.001113947189742527
MYC	mono_73	73_MYC_HUMAN~CM~MYC_HUMAN_PEAKS037304_macs_M_feature_compare_table_control_cut.tab	0.0006513823583008541
MYC	mono_82	82_MYC_HUMAN~CM~MYC_HUMAN_PEAKS038704_macs_S_feature_compare_table_control_cut.tab	0.05422713473022217
MYC	mono_92	92_MYC_HUMAN~CM~MYC_HUMAN_PEAKS038859_macs_M_feature_compare_table_control_cut.tab	0.0032975237169546824
MYC	mono_93	93_MYC_HUMAN~CM~MYC_HUMAN_PEAKS038860_macs_S_feature_compare_table_control_cut.tab	0.024688928882805886
MYC	mono_97	97_MYC_HUMAN~CM~MYC_HUMAN_PEAKS038865_macs_S_feature_compare_table_control_cut.tab	0.028587384897283376
MYC	mono_14	14_MYC_HUMAN~CM~MYC_HUMAN_PEAKS033351_macs_S_feature_compare_table_control_cut.tab	0.0006922412039833526
MYC	mono_44	44_MYC_HUMAN~CM~MYC_HUMAN_PEAKS034735_macs_S_feature_compare_table_control_cut.tab	0.04647907869838247
MYC	mono_50	50_MYC_HUMAN~CM~MYC_HUMAN_PEAKS034746_macs_S_feature_compare_table_control_cut.tab	0.0004286520554828189
MYC	mono_61	61_MYC_HUMAN~CM~MYC_HUMAN_PEAKS035043_macs_M_feature_compare_table_control_cut.tab	0.0010371907965211298
MYC	mono_76	76_MYC_HUMAN~CM~MYC_HUMAN_PEAKS037796_macs_S_feature_compare_table_control_cut.tab	0.0009899588599985233
MYC	mono_43	43_MYC_HUMAN~CM~MYC_HUMAN_PEAKS033909_macs_M_feature_compare_table_control_cut.tab	0.009451678468892288
MYC	mono_20	20_MYC_HUMAN~CM~MYC_HUMAN_PEAKS033356_macs_S_feature_compare_table_control_cut.tab	0.000492151124863956
MYC	mono_101	101_MYC_HUMAN~CM~MYC_HUMAN_PEAKS039407_macs_S_feature_compare_table_control_cut.tab	0.0014815195996520853
MYC	mono_105	105_MYC_HUMAN~CM~MYC_HUMAN_PEAKS039446_macs_S_feature_compare_table_control_cut.tab	0.0007418229907141681
MYC	mono_81	81_MYC_HUMAN~CM~MYC_HUMAN_PEAKS038221_macs_M_feature_compare_table_control_cut.tab	0.0004940061392192764
MYC	mono_13	13_MYC_HUMAN~CM~MYC_HUMAN_PEAKS033350_macs_M_feature_compare_table_control_cut.tab	0.0009314051706505826
MYC	mono_83	83_MYC_HUMAN~CM~MYC_HUMAN_PEAKS038704_macs_M_feature_compare_table_control_cut.tab	0.0030842445444096466
MYC	mono_12	12_MYC_HUMAN~CM~MYC_HUMAN_PEAKS033350_macs_S_feature_compare_table_control_cut.tab	0.0018671855664933942
MYC	mono_26	26_MYC_HUMAN~CM~MYC_HUMAN_PEAKS033471_macs_S_feature_compare_table_control_cut.tab	0.008896913333712434
MYC	mono_54	54_MYC_HUMAN~CM~MYC_HUMAN_PEAKS034754_macs_S_feature_compare_table_control_cut.tab	0.0007927894945079386
MYC	mono_78	78_MYC_HUMAN~CM~MYC_HUMAN_PEAKS037861_macs_S_feature_compare_table_control_cut.tab	0.0008815633423408085
MYC	mono_38	38_MYC_HUMAN~CM~MYC_HUMAN_PEAKS033822_macs_S_feature_compare_table_control_cut.tab	0.0020051302500120292
MYC	mono_94	94_MYC_HUMAN~CM~MYC_HUMAN_PEAKS038860_macs_M_feature_compare_table_control_cut.tab	0.028879284797525023
MYC	mono_2	2_MYC_HUMAN~CM~MYC_HUMAN_PEAKS033220_macs_S_feature_compare_table_control_cut.tab	0.0006530399323037294
MYC	mono_7	7_MYC_HUMAN~CM~MYC_HUMAN_PEAKS033347_macs_M_feature_compare_table_control_cut.tab	0.001642149692512886
MYC	mono_84	84_MYC_HUMAN~CM~MYC_HUMAN_PEAKS038706_macs_S_feature_compare_table_control_cut.tab	0.01915663507495794
MYC	mono_70	70_MYC_HUMAN~CM~MYC_HUMAN_PEAKS037303_macs_S_feature_compare_table_control_cut.tab	0.0019530623106306338
MYC	mono_104	104_MYC_HUMAN~CM~MYC_HUMAN_PEAKS039408_macs_M_feature_compare_table_control_cut.tab	0.0037837502278038936
MYC	mono_87	87_MYC_HUMAN~CM~MYC_HUMAN_PEAKS038856_macs_M_feature_compare_table_control_cut.tab	0.002860273446757045
MYC	mono_5	5_MYC_HUMAN~CM~MYC_HUMAN_PEAKS033282_macs_M_feature_compare_table_control_cut.tab	0.0011458124336653985
MYC	mono_35	35_MYC_HUMAN~CM~MYC_HUMAN_PEAKS033663_macs_M_feature_compare_table_control_cut.tab	0.0019491693076913097
MYC	mono_60	60_MYC_HUMAN~CM~MYC_HUMAN_PEAKS035043_macs_S_feature_compare_table_control_cut.tab	0.0006006384121398628
MYC	mono_30	30_MYC_HUMAN~CM~MYC_HUMAN_PEAKS033605_macs_S_feature_compare_table_control_cut.tab	0.0019028890879135684
MYC	mono_0	0_MYC_HUMAN~CM~MYC_HUMAN_PEAKS033167_macs_S_feature_compare_table_control_cut.tab	0.00048004546311171804
MYC	mono_106	106_MYC_HUMAN~CM~MYC_HUMAN_PEAKS039446_macs_M_feature_compare_table_control_cut.tab	0.00102953978920127
MYC	mono_23	23_MYC_HUMAN~CM~MYC_HUMAN_PEAKS033437_macs_M_feature_compare_table_control_cut.tab	0.0013275250492227333
MYC	mono_45	45_MYC_HUMAN~CM~MYC_HUMAN_PEAKS034735_macs_M_feature_compare_table_control_cut.tab	0.020748478031359138
MYC	mono_80	80_MYC_HUMAN~CM~MYC_HUMAN_PEAKS038221_macs_S_feature_compare_table_control_cut.tab	0.0005019221320832997
MYC	mono_9	9_MYC_HUMAN~CM~MYC_HUMAN_PEAKS033348_macs_M_feature_compare_table_control_cut.tab	0.0010216575968513188
MYC	mono_40	40_MYC_HUMAN~CM~MYC_HUMAN_PEAKS033870_macs_S_feature_compare_table_control_cut.tab	0.000398204462442968
MYC	mono_46	46_MYC_HUMAN~CM~MYC_HUMAN_PEAKS034736_macs_S_feature_compare_table_control_cut.tab	0.005336146983142784
MYC	mono_11	11_MYC_HUMAN~CM~MYC_HUMAN_PEAKS033349_macs_M_feature_compare_table_control_cut.tab	0.0026240652591376632
MYC	mono_16	16_MYC_HUMAN~CM~MYC_HUMAN_PEAKS033354_macs_S_feature_compare_table_control_cut.tab	0.0009861487019165458
MYC	mono_65	65_MYC_HUMAN~CM~MYC_HUMAN_PEAKS037234_macs_M_feature_compare_table_control_cut.tab	0.0005386216480420533
MYC	mono_109	109_MYC_HUMAN~CM~MYC_HUMAN_PEAKS039449_macs_S_feature_compare_table_control_cut.tab	0.0003397720766839329
MYC	mono_29	29_MYC_HUMAN~CM~MYC_HUMAN_PEAKS033599_macs_M_feature_compare_table_control_cut.tab	0.0012552617100979047
MYC	mono_33	33_MYC_HUMAN~CM~MYC_HUMAN_PEAKS033629_macs_M_feature_compare_table_control_cut.tab	0.0017602959214334149
MYC	mono_98	98_MYC_HUMAN~CM~MYC_HUMAN_PEAKS038865_macs_M_feature_compare_table_control_cut.tab	0.007256238897384928
MYC	mono_86	86_MYC_HUMAN~CM~MYC_HUMAN_PEAKS038856_macs_S_feature_compare_table_control_cut.tab	0.0015690811083608042
MYC	mono_17	17_MYC_HUMAN~CM~MYC_HUMAN_PEAKS033354_macs_M_feature_compare_table_control_cut.tab	0.0009256517744098855
MYC	mono_18	18_MYC_HUMAN~CM~MYC_HUMAN_PEAKS033355_macs_S_feature_compare_table_control_cut.tab	0.0022284678577946335
MYC	mono_99	99_MYC_HUMAN~CM~MYC_HUMAN_PEAKS038866_macs_S_feature_compare_table_control_cut.tab	0.0006117294489081882
MYC	mono_55	55_MYC_HUMAN~CM~MYC_HUMAN_PEAKS034754_macs_M_feature_compare_table_control_cut.tab	0.0014087133979926803
MYC	mono_77	77_MYC_HUMAN~CM~MYC_HUMAN_PEAKS037796_macs_M_feature_compare_table_control_cut.tab	0.0011270892748917007
MYC	mono_72	72_MYC_HUMAN~CM~MYC_HUMAN_PEAKS037304_macs_S_feature_compare_table_control_cut.tab	0.0008724498471330318
MYC	mono_62	62_MYC_HUMAN~CM~MYC_HUMAN_PEAKS035046_macs_S_feature_compare_table_control_cut.tab	0.000672109236268275
MYC	mono_89	89_MYC_HUMAN~CM~MYC_HUMAN_PEAKS038857_macs_M_feature_compare_table_control_cut.tab	0.0007207317615318617
MYC	mono_53	53_MYC_HUMAN~CM~MYC_HUMAN_PEAKS034748_macs_M_feature_compare_table_control_cut.tab	0.006222909644758811
MYC	mono_90	90_MYC_HUMAN~CM~MYC_HUMAN_PEAKS038858_macs_S_feature_compare_table_control_cut.tab	0.0009445937508060627
MYC	mono_36	36_MYC_HUMAN~CM~MYC_HUMAN_PEAKS033685_macs_S_feature_compare_table_control_cut.tab	0.0003919256632224254
MYC	mono_47	47_MYC_HUMAN~CM~MYC_HUMAN_PEAKS034736_macs_M_feature_compare_table_control_cut.tab	0.0009097974166693553
MYC	mono_103	103_MYC_HUMAN~CM~MYC_HUMAN_PEAKS039408_macs_S_feature_compare_table_control_cut.tab	0.0007548573611831574
MYC	mono_37	37_MYC_HUMAN~CM~MYC_HUMAN_PEAKS033685_macs_M_feature_compare_table_control_cut.tab	0.0006879393040306795
MYC	mono_48	48_MYC_HUMAN~CM~MYC_HUMAN_PEAKS034737_macs_S_feature_compare_table_control_cut.tab	0.0008011081671977212
MYC	mono_4	4_MYC_HUMAN~CM~MYC_HUMAN_PEAKS033282_macs_S_feature_compare_table_control_cut.tab	0.0006613795985878342
MYC	mono_102	102_MYC_HUMAN~CM~MYC_HUMAN_PEAKS039407_macs_M_feature_compare_table_control_cut.tab	0.001417013696718608
MYC	mono_52	52_MYC_HUMAN~CM~MYC_HUMAN_PEAKS034748_macs_S_feature_compare_table_control_cut.tab	0.0013793242257343127
MYC	mono_71	71_MYC_HUMAN~CM~MYC_HUMAN_PEAKS037303_macs_M_feature_compare_table_control_cut.tab	0.0023875862751097663
MYC	mono_58	58_MYC_HUMAN~CM~MYC_HUMAN_PEAKS034875_macs_S_feature_compare_table_control_cut.tab	0.0002817413703797419
MYC	mono_15	15_MYC_HUMAN~CM~MYC_HUMAN_PEAKS033351_macs_M_feature_compare_table_control_cut.tab	0.0007601968246583486
MYC	mono_8	8_MYC_HUMAN~CM~MYC_HUMAN_PEAKS033348_macs_S_feature_compare_table_control_cut.tab	0.00036578617269982926
MYC	mono_107	107_MYC_HUMAN~CM~MYC_HUMAN_PEAKS039447_macs_S_feature_compare_table_control_cut.tab	0.0010121959793192462
MYC	mono_79	79_MYC_HUMAN~CM~MYC_HUMAN_PEAKS037861_macs_M_feature_compare_table_control_cut.tab	0.000591064227909747
MYC	mono_68	68_MYC_HUMAN~CM~MYC_HUMAN_PEAKS037302_macs_S_feature_compare_table_control_cut.tab	0.007543195623481314
MYC	mono_69	69_MYC_HUMAN~CM~MYC_HUMAN_PEAKS037302_macs_M_feature_compare_table_control_cut.tab	0.008580708984040175
MYC	mono_59	59_MYC_HUMAN~CM~MYC_HUMAN_PEAKS034875_macs_M_feature_compare_table_control_cut.tab	0.0008606723760948269
MYC	mono_56	56_MYC_HUMAN~CM~MYC_HUMAN_PEAKS034863_macs_S_feature_compare_table_control_cut.tab	0.008936922642181395
MYC	mono_85	85_MYC_HUMAN~CM~MYC_HUMAN_PEAKS038706_macs_M_feature_compare_table_control_cut.tab	0.017633787892496693
MYC	mono_6	6_MYC_HUMAN~CM~MYC_HUMAN_PEAKS033347_macs_S_feature_compare_table_control_cut.tab	0.0014640594806210271
MYC	mono_91	91_MYC_HUMAN~CM~MYC_HUMAN_PEAKS038858_macs_M_feature_compare_table_control_cut.tab	0.0033181647109252603
MYC	mono_1	1_MYC_HUMAN~CM~MYC_HUMAN_PEAKS033167_macs_M_feature_compare_table_control_cut.tab	0.0035749656843973177
MYC	mono_67	67_MYC_HUMAN~CM~MYC_HUMAN_PEAKS037236_macs_M_feature_compare_table_control_cut.tab	0.0009820682194311347
MYC	mono_34	34_MYC_HUMAN~CM~MYC_HUMAN_PEAKS033663_macs_S_feature_compare_table_control_cut.tab	0.0025215831261209847
MYC	mono_3	3_MYC_HUMAN~CM~MYC_HUMAN_PEAKS033220_macs_M_feature_compare_table_control_cut.tab	0.00035966842864157953
MYC	mono_49	49_MYC_HUMAN~CM~MYC_HUMAN_PEAKS034737_macs_M_feature_compare_table_control_cut.tab	0.0011316726683346225
MYC	mono_27	27_MYC_HUMAN~CM~MYC_HUMAN_PEAKS033471_macs_M_feature_compare_table_control_cut.tab	0.0008957569671967497
MYC	mono_100	100_MYC_HUMAN~CM~MYC_HUMAN_PEAKS038866_macs_M_feature_compare_table_control_cut.tab	0.0007489887709073257
MYC	mono_42	42_MYC_HUMAN~CM~MYC_HUMAN_PEAKS033909_macs_S_feature_compare_table_control_cut.tab	0.0014740317541682968
MYC	mono_21	21_MYC_HUMAN~CM~MYC_HUMAN_PEAKS033356_macs_M_feature_compare_table_control_cut.tab	0.0025103887057794055
MYC	mono_95	95_MYC_HUMAN~CM~MYC_HUMAN_PEAKS038864_macs_S_feature_compare_table_control_cut.tab	0.00118369583287088
MYC	mono_63	63_MYC_HUMAN~CM~MYC_HUMAN_PEAKS035046_macs_M_feature_compare_table_control_cut.tab	0.001589959929773999
MYC	mono_19	19_MYC_HUMAN~CM~MYC_HUMAN_PEAKS033355_macs_M_feature_compare_table_control_cut.tab	0.0017106004258618372
MYC	mono_24	24_MYC_HUMAN~CM~MYC_HUMAN_PEAKS033462_macs_S_feature_compare_table_control_cut.tab	0.0004168408591378908
MYC	mono_88	88_MYC_HUMAN~CM~MYC_HUMAN_PEAKS038857_macs_S_feature_compare_table_control_cut.tab	0.00867373636644456
MYC	mono_28	28_MYC_HUMAN~CM~MYC_HUMAN_PEAKS033599_macs_S_feature_compare_table_control_cut.tab	0.0006059853726634899
MYC	mono_75	75_MYC_HUMAN~CM~MYC_HUMAN_PEAKS037795_macs_M_feature_compare_table_control_cut.tab	0.000930792621372442
MYC	mono_96	96_MYC_HUMAN~CM~MYC_HUMAN_PEAKS038864_macs_M_feature_compare_table_control_cut.tab	0.0024547126211680943
MYC	mono_64	64_MYC_HUMAN~CM~MYC_HUMAN_PEAKS037234_macs_S_feature_compare_table_control_cut.tab	0.0009923798396561157
MYC	di_0	0_MYC_HUMAN~CD~MYC_HUMAN_PEAKS033167_macs_M_feature_compare_table_control_cut.tab	0.0022175394213915897
MYC	di_1	1_MYC_HUMAN~CD~MYC_HUMAN_PEAKS033220_macs_M_feature_compare_table_control_cut.tab	0.0013745671461699491
MYC	di_2	2_MYC_HUMAN~CD~MYC_HUMAN_PEAKS033282_macs_M_feature_compare_table_control_cut.tab	0.0012509744053856404
MYC	di_3	3_MYC_HUMAN~CD~MYC_HUMAN_PEAKS033347_macs_M_feature_compare_table_control_cut.tab	0.021592132890320505
MYC	di_4	4_MYC_HUMAN~CD~MYC_HUMAN_PEAKS033348_macs_M_feature_compare_table_control_cut.tab	0.03548777564341457
MYC	di_5	5_MYC_HUMAN~CD~MYC_HUMAN_PEAKS033349_macs_M_feature_compare_table_control_cut.tab	0.001248693856541086
MYC	di_6	6_MYC_HUMAN~CD~MYC_HUMAN_PEAKS033350_macs_M_feature_compare_table_control_cut.tab	0.014053986328806865
MYC	di_7	7_MYC_HUMAN~CD~MYC_HUMAN_PEAKS033351_macs_M_feature_compare_table_control_cut.tab	0.01115063133228077
MYC	di_8	8_MYC_HUMAN~CD~MYC_HUMAN_PEAKS033354_macs_M_feature_compare_table_control_cut.tab	0.0025681330641262544
MYC	di_9	9_MYC_HUMAN~CD~MYC_HUMAN_PEAKS033355_macs_M_feature_compare_table_control_cut.tab	0.009920049267750013
MYC	di_10	10_MYC_HUMAN~CD~MYC_HUMAN_PEAKS033356_macs_M_feature_compare_table_control_cut.tab	0.0009374248618860308
MYC	di_11	11_MYC_HUMAN~CD~MYC_HUMAN_PEAKS033437_macs_M_feature_compare_table_control_cut.tab	0.0022452840117947116
MYC	di_12	12_MYC_HUMAN~CD~MYC_HUMAN_PEAKS033462_macs_M_feature_compare_table_control_cut.tab	0.001068283144314955
MYC	di_13	13_MYC_HUMAN~CD~MYC_HUMAN_PEAKS033471_macs_M_feature_compare_table_control_cut.tab	0.0028500589793027343
MYC	di_14	14_MYC_HUMAN~CD~MYC_HUMAN_PEAKS033599_macs_M_feature_compare_table_control_cut.tab	0.0007779224646200165
MYC	di_15	15_MYC_HUMAN~CD~MYC_HUMAN_PEAKS033605_macs_M_feature_compare_table_control_cut.tab	0.0010456683268580762
MYC	di_16	16_MYC_HUMAN~CD~MYC_HUMAN_PEAKS033629_macs_M_feature_compare_table_control_cut.tab	0.0009569586276851641
MYC	di_17	17_MYC_HUMAN~CD~MYC_HUMAN_PEAKS033663_macs_M_feature_compare_table_control_cut.tab	0.003045029724990885
MYC	di_18	18_MYC_HUMAN~CD~MYC_HUMAN_PEAKS033685_macs_M_feature_compare_table_control_cut.tab	0.001638239837594061
MYC	di_19	19_MYC_HUMAN~CD~MYC_HUMAN_PEAKS033822_macs_M_feature_compare_table_control_cut.tab	0.0035900988154113057
MYC	di_20	20_MYC_HUMAN~CD~MYC_HUMAN_PEAKS033870_macs_M_feature_compare_table_control_cut.tab	0.012015136451415378
MYC	di_21	21_MYC_HUMAN~CD~MYC_HUMAN_PEAKS033909_macs_M_feature_compare_table_control_cut.tab	0.006135979832431257
MYC	di_22	22_MYC_HUMAN~CD~MYC_HUMAN_PEAKS034735_macs_M_feature_compare_table_control_cut.tab	0.0019392758135232887
MYC	di_23	23_MYC_HUMAN~CD~MYC_HUMAN_PEAKS034736_macs_M_feature_compare_table_control_cut.tab	0.03816602591901771
MYC	di_24	24_MYC_HUMAN~CD~MYC_HUMAN_PEAKS034737_macs_M_feature_compare_table_control_cut.tab	0.006712145325293775
MYC	di_25	25_MYC_HUMAN~CD~MYC_HUMAN_PEAKS034746_macs_M_feature_compare_table_control_cut.tab	0.0024366911174942907
MYC	di_26	26_MYC_HUMAN~CD~MYC_HUMAN_PEAKS034748_macs_M_feature_compare_table_control_cut.tab	0.01796021218486245
MYC	di_27	27_MYC_HUMAN~CD~MYC_HUMAN_PEAKS034754_macs_M_feature_compare_table_control_cut.tab	0.00140425630882381
MYC	di_28	28_MYC_HUMAN~CD~MYC_HUMAN_PEAKS034863_macs_M_feature_compare_table_control_cut.tab	0.03801555381480133
MYC	di_29	29_MYC_HUMAN~CD~MYC_HUMAN_PEAKS034875_macs_M_feature_compare_table_control_cut.tab	0.003151242702529703
MYC	di_30	30_MYC_HUMAN~CD~MYC_HUMAN_PEAKS035043_macs_M_feature_compare_table_control_cut.tab	0.0009396783352212582
MYC	di_31	31_MYC_HUMAN~CD~MYC_HUMAN_PEAKS035046_macs_M_feature_compare_table_control_cut.tab	0.014250019356676094
MYC	di_32	32_MYC_HUMAN~CD~MYC_HUMAN_PEAKS037234_macs_M_feature_compare_table_control_cut.tab	0.0026299599972253907
MYC	di_33	33_MYC_HUMAN~CD~MYC_HUMAN_PEAKS037236_macs_M_feature_compare_table_control_cut.tab	0.0020459331824491454
MYC	di_34	34_MYC_HUMAN~CD~MYC_HUMAN_PEAKS037302_macs_M_feature_compare_table_control_cut.tab	0.014724110934026362
MYC	di_35	35_MYC_HUMAN~CD~MYC_HUMAN_PEAKS037303_macs_M_feature_compare_table_control_cut.tab	0.016929862243671177
MYC	di_36	36_MYC_HUMAN~CD~MYC_HUMAN_PEAKS037304_macs_M_feature_compare_table_control_cut.tab	0.004228985958441867
MYC	di_37	37_MYC_HUMAN~CD~MYC_HUMAN_PEAKS037795_macs_M_feature_compare_table_control_cut.tab	0.0011229888492433047
MYC	di_38	38_MYC_HUMAN~CD~MYC_HUMAN_PEAKS037796_macs_M_feature_compare_table_control_cut.tab	0.0007929823028693266
MYC	di_39	39_MYC_HUMAN~CD~MYC_HUMAN_PEAKS037861_macs_M_feature_compare_table_control_cut.tab	0.001401279215533766
MYC	di_40	40_MYC_HUMAN~CD~MYC_HUMAN_PEAKS038221_macs_M_feature_compare_table_control_cut.tab	0.0013298843184094194
MYC	di_41	41_MYC_HUMAN~CD~MYC_HUMAN_PEAKS038704_macs_M_feature_compare_table_control_cut.tab	0.04932625888956764
MYC	di_42	42_MYC_HUMAN~CD~MYC_HUMAN_PEAKS038706_macs_M_feature_compare_table_control_cut.tab	0.021950445367170054
MYC	di_43	43_MYC_HUMAN~CD~MYC_HUMAN_PEAKS038856_macs_M_feature_compare_table_control_cut.tab	0.014200288454848544
MYC	di_44	44_MYC_HUMAN~CD~MYC_HUMAN_PEAKS038857_macs_M_feature_compare_table_control_cut.tab	0.03061206682373016
MYC	di_45	45_MYC_HUMAN~CD~MYC_HUMAN_PEAKS038858_macs_M_feature_compare_table_control_cut.tab	0.034902432300858995
MYC	di_46	46_MYC_HUMAN~CD~MYC_HUMAN_PEAKS038859_macs_M_feature_compare_table_control_cut.tab	0.0013794086396822678
MYC	di_47	47_MYC_HUMAN~CD~MYC_HUMAN_PEAKS038860_macs_M_feature_compare_table_control_cut.tab	0.03920938705489232
MYC	di_48	48_MYC_HUMAN~CD~MYC_HUMAN_PEAKS038864_macs_M_feature_compare_table_control_cut.tab	0.0014899017583381439
MYC	di_49	49_MYC_HUMAN~CD~MYC_HUMAN_PEAKS038865_macs_M_feature_compare_table_control_cut.tab	0.04320559563286948
MYC	di_50	50_MYC_HUMAN~CD~MYC_HUMAN_PEAKS038866_macs_M_feature_compare_table_control_cut.tab	0.0009050251265113636
MYC	di_51	51_MYC_HUMAN~CD~MYC_HUMAN_PEAKS039407_macs_M_feature_compare_table_control_cut.tab	0.0035251568856457744
MYC	di_52	52_MYC_HUMAN~CD~MYC_HUMAN_PEAKS039408_macs_M_feature_compare_table_control_cut.tab	0.015465349291380215
MYC	di_53	53_MYC_HUMAN~CD~MYC_HUMAN_PEAKS039446_macs_M_feature_compare_table_control_cut.tab	0.001438874811338236
MYC	di_54	54_MYC_HUMAN~CD~MYC_HUMAN_PEAKS039447_macs_M_feature_compare_table_control_cut.tab	0.0009548530918261608
P53	mono_14	14_P53_HUMAN~CM~P53_HUMAN_PEAKS035162_macs_M_feature_compare_table_control_cut.tab	0.0232291764016706
P53	mono_35	35_P53_HUMAN~CM~P53_HUMAN_PEAKS033243_macs_S_feature_compare_table_control_cut.tab	0.004860741971982887
P53	mono_33	33_P53_HUMAN~CM~P53_HUMAN_PEAKS033270_macs_S_feature_compare_table_control_cut.tab	0.008665389442112434
P53	mono_45	45_P53_HUMAN~CM~P53_HUMAN_PEAKS034946_macs_S_feature_compare_table_control_cut.tab	0.005688034857683652
P53	mono_38	38_P53_HUMAN~CM~P53_HUMAN_PEAKS033241_macs_M_feature_compare_table_control_cut.tab	0.002435146331443167
P53	mono_15	15_P53_HUMAN~CM~P53_HUMAN_PEAKS035162_macs_S_feature_compare_table_control_cut.tab	0.0035315632519915523
P53	mono_17	17_P53_HUMAN~CM~P53_HUMAN_PEAKS035161_macs_S_feature_compare_table_control_cut.tab	0.003094976272288199
P53	mono_13	13_P53_HUMAN~CM~P53_HUMAN_PEAKS035163_macs_S_feature_compare_table_control_cut.tab	0.0033067076226379446
P53	mono_1	1_P53_HUMAN~CM~P53_HUMAN_PEAKS039520_macs_M_feature_compare_table_control_cut.tab	0.007852125207543964
P53	mono_42	42_P53_HUMAN~CM~P53_HUMAN_PEAKS033235_macs_M_feature_compare_table_control_cut.tab	0.0026109058026374445
P53	mono_25	25_P53_HUMAN~CM~P53_HUMAN_PEAKS034866_macs_M_feature_compare_table_control_cut.tab	0.008488508668032831
P53	mono_3	3_P53_HUMAN~CM~P53_HUMAN_PEAKS038560_macs_M_feature_compare_table_control_cut.tab	0.005914243801608651
P53	mono_27	27_P53_HUMAN~CM~P53_HUMAN_PEAKS034635_macs_M_feature_compare_table_control_cut.tab	0.01582194950651313
P53	mono_9	9_P53_HUMAN~CM~P53_HUMAN_PEAKS037228_macs_M_feature_compare_table_control_cut.tab	0.0035590435059834774
P53	mono_44	44_P53_HUMAN~CM~P53_HUMAN_PEAKS039521_macs_S_feature_compare_table_control_cut.tab	0.006135011801665354
P53	mono_20	20_P53_HUMAN~CM~P53_HUMAN_PEAKS034946_macs_M_feature_compare_table_control_cut.tab	0.007040654201655052
P53	mono_2	2_P53_HUMAN~CM~P53_HUMAN_PEAKS039520_macs_S_feature_compare_table_control_cut.tab	0.00463047182469328
P53	mono_47	47_P53_HUMAN~CM~P53_HUMAN_PEAKS033240_macs_S_feature_compare_table_control_cut.tab	0.006896763451286272
P53	mono_11	11_P53_HUMAN~CM~P53_HUMAN_PEAKS037209_macs_S_feature_compare_table_control_cut.tab	0.004442284680677911
P53	mono_40	40_P53_HUMAN~CM~P53_HUMAN_PEAKS033240_macs_M_feature_compare_table_control_cut.tab	0.0026476927034957713
P53	mono_23	23_P53_HUMAN~CM~P53_HUMAN_PEAKS034943_macs_M_feature_compare_table_control_cut.tab	0.003331012576389306
P53	mono_18	18_P53_HUMAN~CM~P53_HUMAN_PEAKS035155_macs_M_feature_compare_table_control_cut.tab	0.01609341698164126
P53	mono_37	37_P53_HUMAN~CM~P53_HUMAN_PEAKS033242_macs_S_feature_compare_table_control_cut.tab	0.005546269486481177
P53	mono_46	46_P53_HUMAN~CM~P53_HUMAN_PEAKS034506_macs_S_feature_compare_table_control_cut.tab	0.005465446619700499
P53	mono_6	6_P53_HUMAN~CM~P53_HUMAN_PEAKS037313_macs_S_feature_compare_table_control_cut.tab	0.0029821518560086387
P53	mono_34	34_P53_HUMAN~CM~P53_HUMAN_PEAKS033243_macs_M_feature_compare_table_control_cut.tab	0.02831482547801627
P53	mono_16	16_P53_HUMAN~CM~P53_HUMAN_PEAKS035161_macs_M_feature_compare_table_control_cut.tab	0.009425161940446543
P53	mono_21	21_P53_HUMAN~CM~P53_HUMAN_PEAKS034945_macs_M_feature_compare_table_control_cut.tab	0.002500438566606947
P53	mono_32	32_P53_HUMAN~CM~P53_HUMAN_PEAKS033270_macs_M_feature_compare_table_control_cut.tab	0.0034771014047067384
P53	mono_12	12_P53_HUMAN~CM~P53_HUMAN_PEAKS035163_macs_M_feature_compare_table_control_cut.tab	0.01334097195588755
P53	mono_28	28_P53_HUMAN~CM~P53_HUMAN_PEAKS034635_macs_S_feature_compare_table_control_cut.tab	0.01580882248952364
P53	mono_43	43_P53_HUMAN~CM~P53_HUMAN_PEAKS033235_macs_S_feature_compare_table_control_cut.tab	0.00581388142705626
P53	mono_8	8_P53_HUMAN~CM~P53_HUMAN_PEAKS037312_macs_S_feature_compare_table_control_cut.tab	0.0025575951852749267
P53	mono_36	36_P53_HUMAN~CM~P53_HUMAN_PEAKS033242_macs_M_feature_compare_table_control_cut.tab	0.00525547514456238
P53	mono_22	22_P53_HUMAN~CM~P53_HUMAN_PEAKS034945_macs_S_feature_compare_table_control_cut.tab	0.003620133676712594
P53	mono_10	10_P53_HUMAN~CM~P53_HUMAN_PEAKS037209_macs_M_feature_compare_table_control_cut.tab	0.003963186792720775
P53	mono_5	5_P53_HUMAN~CM~P53_HUMAN_PEAKS037313_macs_M_feature_compare_table_control_cut.tab	0.004648215774763668
P53	mono_19	19_P53_HUMAN~CM~P53_HUMAN_PEAKS035155_macs_S_feature_compare_table_control_cut.tab	0.003640178680268042
P53	mono_29	29_P53_HUMAN~CM~P53_HUMAN_PEAKS034507_macs_M_feature_compare_table_control_cut.tab	0.005119480225970109
P53	mono_26	26_P53_HUMAN~CM~P53_HUMAN_PEAKS034642_macs_M_feature_compare_table_control_cut.tab	0.0027594398037328466
P53	mono_39	39_P53_HUMAN~CM~P53_HUMAN_PEAKS033241_macs_S_feature_compare_table_control_cut.tab	0.005000939011956928
P53	mono_30	30_P53_HUMAN~CM~P53_HUMAN_PEAKS034507_macs_S_feature_compare_table_control_cut.tab	0.0052411688447114215
P53	mono_24	24_P53_HUMAN~CM~P53_HUMAN_PEAKS034943_macs_S_feature_compare_table_control_cut.tab	0.00458547084217841
P53	mono_0	0_P53_HUMAN~CM~P53_HUMAN_PEAKS039521_macs_M_feature_compare_table_control_cut.tab	0.0030000404390191976
P53	mono_41	41_P53_HUMAN~CM~P53_HUMAN_PEAKS033236_macs_M_feature_compare_table_control_cut.tab	0.02701166077564172
P53	mono_4	4_P53_HUMAN~CM~P53_HUMAN_PEAKS038560_macs_S_feature_compare_table_control_cut.tab	0.004430760952910382
P53	mono_31	31_P53_HUMAN~CM~P53_HUMAN_PEAKS034506_macs_M_feature_compare_table_control_cut.tab	0.002638183402999563
P53	mono_7	7_P53_HUMAN~CM~P53_HUMAN_PEAKS037312_macs_M_feature_compare_table_control_cut.tab	0.0033148728451847624
P53	di_0	0_P53_HUMAN~CD~P53_HUMAN_PEAKS033235_macs_M_feature_compare_table_control_cut.tab	0.034094224000428115
P53	di_1	1_P53_HUMAN~CD~P53_HUMAN_PEAKS033236_macs_M_feature_compare_table_control_cut.tab	0.022890153422863945
P53	di_2	2_P53_HUMAN~CD~P53_HUMAN_PEAKS033240_macs_M_feature_compare_table_control_cut.tab	0.05386232743846297
P53	di_3	3_P53_HUMAN~CD~P53_HUMAN_PEAKS033241_macs_M_feature_compare_table_control_cut.tab	0.017883542098816138
P53	di_4	4_P53_HUMAN~CD~P53_HUMAN_PEAKS033242_macs_M_feature_compare_table_control_cut.tab	0.05019981043594512
P53	di_5	5_P53_HUMAN~CD~P53_HUMAN_PEAKS033243_macs_M_feature_compare_table_control_cut.tab	0.041863181738222836
P53	di_6	6_P53_HUMAN~CD~P53_HUMAN_PEAKS033270_macs_M_feature_compare_table_control_cut.tab	0.00479801073447143
P53	di_7	7_P53_HUMAN~CD~P53_HUMAN_PEAKS034506_macs_M_feature_compare_table_control_cut.tab	0.004882436132012404
P53	di_8	8_P53_HUMAN~CD~P53_HUMAN_PEAKS034507_macs_M_feature_compare_table_control_cut.tab	0.004760704590864046
P53	di_9	9_P53_HUMAN~CD~P53_HUMAN_PEAKS034635_macs_M_feature_compare_table_control_cut.tab	0.029511194130752046
P53	di_10	10_P53_HUMAN~CD~P53_HUMAN_PEAKS034642_macs_M_feature_compare_table_control_cut.tab	0.004845630902996886
P53	di_11	11_P53_HUMAN~CD~P53_HUMAN_PEAKS034866_macs_M_feature_compare_table_control_cut.tab	0.012881500136723177
P53	di_12	12_P53_HUMAN~CD~P53_HUMAN_PEAKS034943_macs_M_feature_compare_table_control_cut.tab	0.002953892679251931
P53	di_13	13_P53_HUMAN~CD~P53_HUMAN_PEAKS034945_macs_M_feature_compare_table_control_cut.tab	0.01003003251801183
P53	di_14	14_P53_HUMAN~CD~P53_HUMAN_PEAKS034946_macs_M_feature_compare_table_control_cut.tab	0.029790639386682426
P53	di_15	15_P53_HUMAN~CD~P53_HUMAN_PEAKS035155_macs_M_feature_compare_table_control_cut.tab	0.04658704192286041
P53	di_16	16_P53_HUMAN~CD~P53_HUMAN_PEAKS035161_macs_M_feature_compare_table_control_cut.tab	0.04423470729235783
P53	di_17	17_P53_HUMAN~CD~P53_HUMAN_PEAKS035162_macs_M_feature_compare_table_control_cut.tab	0.05507200710644033
P53	di_18	18_P53_HUMAN~CD~P53_HUMAN_PEAKS035163_macs_M_feature_compare_table_control_cut.tab	0.06664444046358936
P53	di_19	19_P53_HUMAN~CD~P53_HUMAN_PEAKS037209_macs_M_feature_compare_table_control_cut.tab	0.022520316423858704
P53	di_20	20_P53_HUMAN~CD~P53_HUMAN_PEAKS037228_macs_M_feature_compare_table_control_cut.tab	0.011282335805904552
P53	di_21	21_P53_HUMAN~CD~P53_HUMAN_PEAKS037312_macs_M_feature_compare_table_control_cut.tab	0.002169968653693374
P53	di_22	22_P53_HUMAN~CD~P53_HUMAN_PEAKS037313_macs_M_feature_compare_table_control_cut.tab	0.0049483162557329916
P53	di_23	23_P53_HUMAN~CD~P53_HUMAN_PEAKS038560_macs_M_feature_compare_table_control_cut.tab	0.003937854593742388
P53	di_24	24_P53_HUMAN~CD~P53_HUMAN_PEAKS039520_macs_M_feature_compare_table_control_cut.tab	0.042431650084889895
P53	di_25	25_P53_HUMAN~CD~P53_HUMAN_PEAKS039521_macs_M_feature_compare_table_control_cut.tab	0.04518638656174872
RXRA	mono_4	4_RXRA_HUMAN~CM~RXRA_HUMAN_PEAKS033274_macs_S_feature_compare_table_control_cut.tab	0.08738718027525758
RXRA	mono_0	0_RXRA_HUMAN~CM~RXRA_HUMAN_PEAKS033797_macs_M_feature_compare_table_control_cut.tab	0.031419820479562544
RXRA	mono_8	8_RXRA_HUMAN~CM~RXRA_HUMAN_PEAKS033275_macs_S_feature_compare_table_control_cut.tab	0.04428110467610863
RXRA	mono_3	3_RXRA_HUMAN~CM~RXRA_HUMAN_PEAKS033274_macs_M_feature_compare_table_control_cut.tab	0.17976460442942396
RXRA	mono_5	5_RXRA_HUMAN~CM~RXRA_HUMAN_PEAKS033797_macs_S_feature_compare_table_control_cut.tab	0.07203144801174054
RXRA	mono_2	2_RXRA_HUMAN~CM~RXRA_HUMAN_PEAKS033400_macs_M_feature_compare_table_control_cut.tab	0.08569517945018527
RXRA	mono_1	1_RXRA_HUMAN~CM~RXRA_HUMAN_PEAKS033436_macs_M_feature_compare_table_control_cut.tab	0.04449922610476391
RXRA	mono_7	7_RXRA_HUMAN~CM~RXRA_HUMAN_PEAKS033400_macs_S_feature_compare_table_control_cut.tab	0.020802040505624498
RXRA	mono_6	6_RXRA_HUMAN~CM~RXRA_HUMAN_PEAKS033436_macs_S_feature_compare_table_control_cut.tab	0.05216432485960563
RXRA	di_0	0_RXRA_HUMAN~CD~RXRA_HUMAN_PEAKS033274_macs_M_feature_compare_table_control_cut.tab	0.1609383775472064
RXRA	di_1	1_RXRA_HUMAN~CD~RXRA_HUMAN_PEAKS033400_macs_M_feature_compare_table_control_cut.tab	0.05358387363672848
RXRA	di_2	2_RXRA_HUMAN~CD~RXRA_HUMAN_PEAKS033436_macs_M_feature_compare_table_control_cut.tab	0.07770393239043033
RXRA	di_3	3_RXRA_HUMAN~CD~RXRA_HUMAN_PEAKS033797_macs_M_feature_compare_table_control_cut.tab	0.08972888763336213
SPI1	mono_35	35_SPI1_HUMAN~CM~SPI1_HUMAN_PEAKS038610_macs_M_feature_compare_table_control_cut.tab	0.002006913777900134
SPI1	mono_38	38_SPI1_HUMAN~CM~SPI1_HUMAN_PEAKS038612_macs_S_feature_compare_table_control_cut.tab	0.0015858972187823115
SPI1	mono_16	16_SPI1_HUMAN~CM~SPI1_HUMAN_PEAKS035170_macs_S_feature_compare_table_control_cut.tab	0.002122505873874
SPI1	mono_29	29_SPI1_HUMAN~CM~SPI1_HUMAN_PEAKS038175_macs_M_feature_compare_table_control_cut.tab	0.004175859998492926
SPI1	mono_18	18_SPI1_HUMAN~CM~SPI1_HUMAN_PEAKS035173_macs_S_feature_compare_table_control_cut.tab	0.011146785888852848
SPI1	mono_14	14_SPI1_HUMAN~CM~SPI1_HUMAN_PEAKS035166_macs_S_feature_compare_table_control_cut.tab	0.001780530459336346
SPI1	mono_2	2_SPI1_HUMAN~CM~SPI1_HUMAN_PEAKS033375_macs_S_feature_compare_table_control_cut.tab	0.007075177359305639
SPI1	mono_26	26_SPI1_HUMAN~CM~SPI1_HUMAN_PEAKS037299_macs_S_feature_compare_table_control_cut.tab	0.0015144048451345726
SPI1	mono_21	21_SPI1_HUMAN~CM~SPI1_HUMAN_PEAKS035176_macs_M_feature_compare_table_control_cut.tab	0.028528756969483114
SPI1	mono_10	10_SPI1_HUMAN~CM~SPI1_HUMAN_PEAKS035070_macs_S_feature_compare_table_control_cut.tab	0.004469093870617626
SPI1	mono_32	32_SPI1_HUMAN~CM~SPI1_HUMAN_PEAKS038367_macs_S_feature_compare_table_control_cut.tab	0.01474870861503986
SPI1	mono_41	41_SPI1_HUMAN~CM~SPI1_HUMAN_PEAKS038613_macs_M_feature_compare_table_control_cut.tab	0.0013967557598263017
SPI1	mono_20	20_SPI1_HUMAN~CM~SPI1_HUMAN_PEAKS035176_macs_S_feature_compare_table_control_cut.tab	0.009754390639547321
SPI1	mono_6	6_SPI1_HUMAN~CM~SPI1_HUMAN_PEAKS033801_macs_S_feature_compare_table_control_cut.tab	0.01335240781432395
SPI1	mono_27	27_SPI1_HUMAN~CM~SPI1_HUMAN_PEAKS037299_macs_M_feature_compare_table_control_cut.tab	0.0017719302347613897
SPI1	mono_1	1_SPI1_HUMAN~CM~SPI1_HUMAN_PEAKS033363_macs_M_feature_compare_table_control_cut.tab	0.024348196657308484
SPI1	mono_24	24_SPI1_HUMAN~CM~SPI1_HUMAN_PEAKS037298_macs_S_feature_compare_table_control_cut.tab	0.0014749874265697154
SPI1	mono_5	5_SPI1_HUMAN~CM~SPI1_HUMAN_PEAKS033658_macs_M_feature_compare_table_control_cut.tab	0.0036805839697533873
SPI1	mono_3	3_SPI1_HUMAN~CM~SPI1_HUMAN_PEAKS033375_macs_M_feature_compare_table_control_cut.tab	0.0032796360519970593
SPI1	mono_0	0_SPI1_HUMAN~CM~SPI1_HUMAN_PEAKS033363_macs_S_feature_compare_table_control_cut.tab	0.02310383559531818
SPI1	mono_36	36_SPI1_HUMAN~CM~SPI1_HUMAN_PEAKS038611_macs_S_feature_compare_table_control_cut.tab	0.002447575597533585
SPI1	mono_23	23_SPI1_HUMAN~CM~SPI1_HUMAN_PEAKS035179_macs_M_feature_compare_table_control_cut.tab	0.0011767256347119926
SPI1	mono_11	11_SPI1_HUMAN~CM~SPI1_HUMAN_PEAKS035070_macs_M_feature_compare_table_control_cut.tab	0.0032953195178769133
SPI1	mono_22	22_SPI1_HUMAN~CM~SPI1_HUMAN_PEAKS035179_macs_S_feature_compare_table_control_cut.tab	0.002291088361524926
SPI1	mono_12	12_SPI1_HUMAN~CM~SPI1_HUMAN_PEAKS035071_macs_S_feature_compare_table_control_cut.tab	0.003914618656414773
SPI1	mono_30	30_SPI1_HUMAN~CM~SPI1_HUMAN_PEAKS038365_macs_S_feature_compare_table_control_cut.tab	0.008993968349862052
SPI1	mono_28	28_SPI1_HUMAN~CM~SPI1_HUMAN_PEAKS038175_macs_S_feature_compare_table_control_cut.tab	0.0023672483766618477
SPI1	mono_8	8_SPI1_HUMAN~CM~SPI1_HUMAN_PEAKS034928_macs_S_feature_compare_table_control_cut.tab	0.0007513393361773598
SPI1	mono_40	40_SPI1_HUMAN~CM~SPI1_HUMAN_PEAKS038613_macs_S_feature_compare_table_control_cut.tab	0.0010988941350557454
SPI1	mono_7	7_SPI1_HUMAN~CM~SPI1_HUMAN_PEAKS033801_macs_M_feature_compare_table_control_cut.tab	0.007440083573507808
SPI1	mono_9	9_SPI1_HUMAN~CM~SPI1_HUMAN_PEAKS034928_macs_M_feature_compare_table_control_cut.tab	0.000614128022860052
SPI1	mono_31	31_SPI1_HUMAN~CM~SPI1_HUMAN_PEAKS038365_macs_M_feature_compare_table_control_cut.tab	0.026775146383695575
SPI1	mono_13	13_SPI1_HUMAN~CM~SPI1_HUMAN_PEAKS035071_macs_M_feature_compare_table_control_cut.tab	0.00375788291926524
SPI1	mono_39	39_SPI1_HUMAN~CM~SPI1_HUMAN_PEAKS038612_macs_M_feature_compare_table_control_cut.tab	0.0015405868045118448
SPI1	mono_15	15_SPI1_HUMAN~CM~SPI1_HUMAN_PEAKS035166_macs_M_feature_compare_table_control_cut.tab	0.0029543222148011783
SPI1	mono_4	4_SPI1_HUMAN~CM~SPI1_HUMAN_PEAKS033658_macs_S_feature_compare_table_control_cut.tab	0.0014247322514887855
SPI1	mono_17	17_SPI1_HUMAN~CM~SPI1_HUMAN_PEAKS035170_macs_M_feature_compare_table_control_cut.tab	0.025520045631978197
SPI1	mono_19	19_SPI1_HUMAN~CM~SPI1_HUMAN_PEAKS035173_macs_M_feature_compare_table_control_cut.tab	0.008922845976965634
SPI1	mono_37	37_SPI1_HUMAN~CM~SPI1_HUMAN_PEAKS038611_macs_M_feature_compare_table_control_cut.tab	0.00278695932499762
SPI1	mono_34	34_SPI1_HUMAN~CM~SPI1_HUMAN_PEAKS038610_macs_S_feature_compare_table_control_cut.tab	0.0012595809734133392
SPI1	mono_25	25_SPI1_HUMAN~CM~SPI1_HUMAN_PEAKS037298_macs_M_feature_compare_table_control_cut.tab	0.001394403429528778
SPI1	mono_33	33_SPI1_HUMAN~CM~SPI1_HUMAN_PEAKS038367_macs_M_feature_compare_table_control_cut.tab	0.03223406746000684
SPI1	di_0	0_SPI1_HUMAN~CD~SPI1_HUMAN_PEAKS033363_macs_M_feature_compare_table_control_cut.tab	0.05514162119716486
SPI1	di_1	1_SPI1_HUMAN~CD~SPI1_HUMAN_PEAKS033375_macs_M_feature_compare_table_control_cut.tab	0.012703381807463464
SPI1	di_2	2_SPI1_HUMAN~CD~SPI1_HUMAN_PEAKS033658_macs_M_feature_compare_table_control_cut.tab	0.008279233737530332
SPI1	di_3	3_SPI1_HUMAN~CD~SPI1_HUMAN_PEAKS033801_macs_M_feature_compare_table_control_cut.tab	0.07174430407101844
SPI1	di_4	4_SPI1_HUMAN~CD~SPI1_HUMAN_PEAKS034928_macs_M_feature_compare_table_control_cut.tab	0.0009609113060197026
SPI1	di_5	5_SPI1_HUMAN~CD~SPI1_HUMAN_PEAKS035070_macs_M_feature_compare_table_control_cut.tab	0.008771493555650038
SPI1	di_6	6_SPI1_HUMAN~CD~SPI1_HUMAN_PEAKS035071_macs_M_feature_compare_table_control_cut.tab	0.007665915719606392
SPI1	di_7	7_SPI1_HUMAN~CD~SPI1_HUMAN_PEAKS035166_macs_M_feature_compare_table_control_cut.tab	0.10936739994921313
SPI1	di_8	8_SPI1_HUMAN~CD~SPI1_HUMAN_PEAKS035170_macs_M_feature_compare_table_control_cut.tab	0.06870139599891993
SPI1	di_9	9_SPI1_HUMAN~CD~SPI1_HUMAN_PEAKS035173_macs_M_feature_compare_table_control_cut.tab	0.08971372486218003
SPI1	di_10	10_SPI1_HUMAN~CD~SPI1_HUMAN_PEAKS035176_macs_M_feature_compare_table_control_cut.tab	0.08788912516306248
SPI1	di_11	11_SPI1_HUMAN~CD~SPI1_HUMAN_PEAKS035179_macs_M_feature_compare_table_control_cut.tab	0.04189770047239026
SPI1	di_12	12_SPI1_HUMAN~CD~SPI1_HUMAN_PEAKS037298_macs_M_feature_compare_table_control_cut.tab	0.0061306043745055685
SPI1	di_13	13_SPI1_HUMAN~CD~SPI1_HUMAN_PEAKS037299_macs_M_feature_compare_table_control_cut.tab	0.004857962155712953
SPI1	di_14	14_SPI1_HUMAN~CD~SPI1_HUMAN_PEAKS038175_macs_M_feature_compare_table_control_cut.tab	0.046449006012576885
SPI1	di_15	15_SPI1_HUMAN~CD~SPI1_HUMAN_PEAKS038365_macs_M_feature_compare_table_control_cut.tab	0.03322106614540655
SPI1	di_16	16_SPI1_HUMAN~CD~SPI1_HUMAN_PEAKS038367_macs_M_feature_compare_table_control_cut.tab	0.027604066441678808
SPI1	di_17	17_SPI1_HUMAN~CD~SPI1_HUMAN_PEAKS038610_macs_M_feature_compare_table_control_cut.tab	0.003221208315259189
SPI1	di_18	18_SPI1_HUMAN~CD~SPI1_HUMAN_PEAKS038611_macs_M_feature_compare_table_control_cut.tab	0.006528643306435186
SPI1	di_19	19_SPI1_HUMAN~CD~SPI1_HUMAN_PEAKS038612_macs_M_feature_compare_table_control_cut.tab	0.0008345632912932624
SPI1	di_20	20_SPI1_HUMAN~CD~SPI1_HUMAN_PEAKS038613_macs_M_feature_compare_table_control_cut.tab	0.004037750157847318
SRF	mono_7	7_SRF_HUMAN~CM~SRF_HUMAN_PEAKS033726_macs_M_feature_compare_table_control_cut.tab	0.004148517730245689
SRF	mono_1	1_SRF_HUMAN~CM~SRF_HUMAN_PEAKS033502_macs_M_feature_compare_table_control_cut.tab	0.00892564754183787
SRF	mono_11	11_SRF_HUMAN~CM~SRF_HUMAN_PEAKS033946_macs_M_feature_compare_table_control_cut.tab	0.018550150454604966
SRF	mono_3	3_SRF_HUMAN~CM~SRF_HUMAN_PEAKS033584_macs_S_feature_compare_table_control_cut.tab	0.08950959126289634
SRF	mono_2	2_SRF_HUMAN~CM~SRF_HUMAN_PEAKS033569_macs_M_feature_compare_table_control_cut.tab	0.0047070200580178615
SRF	mono_12	12_SRF_HUMAN~CM~SRF_HUMAN_PEAKS034042_macs_M_feature_compare_table_control_cut.tab	0.004434612832832985
SRF	mono_13	13_SRF_HUMAN~CM~SRF_HUMAN_PEAKS034043_macs_M_feature_compare_table_control_cut.tab	0.007281117124074956
SRF	mono_10	10_SRF_HUMAN~CM~SRF_HUMAN_PEAKS033946_macs_S_feature_compare_table_control_cut.tab	0.0044211790697093484
SRF	mono_4	4_SRF_HUMAN~CM~SRF_HUMAN_PEAKS033584_macs_M_feature_compare_table_control_cut.tab	0.03792106973426181
SRF	mono_6	6_SRF_HUMAN~CM~SRF_HUMAN_PEAKS033618_macs_M_feature_compare_table_control_cut.tab	0.009249946519937413
SRF	mono_5	5_SRF_HUMAN~CM~SRF_HUMAN_PEAKS033617_macs_M_feature_compare_table_control_cut.tab	0.00930766153432215
SRF	mono_9	9_SRF_HUMAN~CM~SRF_HUMAN_PEAKS033904_macs_M_feature_compare_table_control_cut.tab	0.03694577402185379
SRF	mono_0	0_SRF_HUMAN~CM~SRF_HUMAN_PEAKS033502_macs_S_feature_compare_table_control_cut.tab	0.0052313821231652
SRF	mono_8	8_SRF_HUMAN~CM~SRF_HUMAN_PEAKS033903_macs_M_feature_compare_table_control_cut.tab	0.007740361907105331
SRF	di_0	0_SRF_HUMAN~CD~SRF_HUMAN_PEAKS033502_macs_M_feature_compare_table_control_cut.tab	0.1303710016130788
SRF	di_1	1_SRF_HUMAN~CD~SRF_HUMAN_PEAKS033569_macs_M_feature_compare_table_control_cut.tab	0.007350774084326974
SRF	di_2	2_SRF_HUMAN~CD~SRF_HUMAN_PEAKS033584_macs_M_feature_compare_table_control_cut.tab	0.2581872657380266
SRF	di_3	3_SRF_HUMAN~CD~SRF_HUMAN_PEAKS033617_macs_M_feature_compare_table_control_cut.tab	0.017370727378925234
SRF	di_4	4_SRF_HUMAN~CD~SRF_HUMAN_PEAKS033618_macs_M_feature_compare_table_control_cut.tab	0.03874355332376743
SRF	di_5	5_SRF_HUMAN~CD~SRF_HUMAN_PEAKS033726_macs_M_feature_compare_table_control_cut.tab	0.036284465183217145
SRF	di_6	6_SRF_HUMAN~CD~SRF_HUMAN_PEAKS033903_macs_M_feature_compare_table_control_cut.tab	0.02414368630960948
SRF	di_7	7_SRF_HUMAN~CD~SRF_HUMAN_PEAKS033904_macs_M_feature_compare_table_control_cut.tab	0.11858207074843077
SRF	di_8	8_SRF_HUMAN~CD~SRF_HUMAN_PEAKS033946_macs_M_feature_compare_table_control_cut.tab	0.10800066217777388
SRF	di_9	9_SRF_HUMAN~CD~SRF_HUMAN_PEAKS034042_macs_M_feature_compare_table_control_cut.tab	0.0036309941031359067
SRF	di_10	10_SRF_HUMAN~CD~SRF_HUMAN_PEAKS034043_macs_M_feature_compare_table_control_cut.tab	0.008960767424842196
TAL1	mono_7	7_TAL1_HUMAN~CM~TAL1_HUMAN_PEAKS033460_macs_M_feature_compare_table_control_cut.tab	0.005308747237177369
TAL1	mono_2	2_TAL1_HUMAN~CM~TAL1_HUMAN_PEAKS036892_macs_M_feature_compare_table_control_cut.tab	0.003733025330543243
TAL1	mono_10	10_TAL1_HUMAN~CM~TAL1_HUMAN_PEAKS033208_macs_M_feature_compare_table_control_cut.tab	0.019391964940590516
TAL1	mono_4	4_TAL1_HUMAN~CM~TAL1_HUMAN_PEAKS034760_macs_M_feature_compare_table_control_cut.tab	0.008718149799821447
TAL1	mono_12	12_TAL1_HUMAN~CM~TAL1_HUMAN_PEAKS033183_macs_M_feature_compare_table_control_cut.tab	0.005975214896242118
TAL1	mono_13	13_TAL1_HUMAN~CM~TAL1_HUMAN_PEAKS034713_macs_S_feature_compare_table_control_cut.tab	0.0324350213657397
TAL1	mono_8	8_TAL1_HUMAN~CM~TAL1_HUMAN_PEAKS033229_macs_M_feature_compare_table_control_cut.tab	0.006101549335479302
TAL1	mono_14	14_TAL1_HUMAN~CM~TAL1_HUMAN_PEAKS034468_macs_M_feature_compare_table_control_cut.tab	0.04824880754532274
TAL1	mono_5	5_TAL1_HUMAN~CM~TAL1_HUMAN_PEAKS034759_macs_M_feature_compare_table_control_cut.tab	0.006596009109952762
TAL1	mono_1	1_TAL1_HUMAN~CM~TAL1_HUMAN_PEAKS036893_macs_M_feature_compare_table_control_cut.tab	0.005076620492737524
TAL1	mono_3	3_TAL1_HUMAN~CM~TAL1_HUMAN_PEAKS035014_macs_M_feature_compare_table_control_cut.tab	0.005987999312107204
TAL1	mono_15	15_TAL1_HUMAN~CM~TAL1_HUMAN_PEAKS034468_macs_S_feature_compare_table_control_cut.tab	0.04658607737558987
TAL1	mono_11	11_TAL1_HUMAN~CM~TAL1_HUMAN_PEAKS033184_macs_M_feature_compare_table_control_cut.tab	0.011486488156790401
TAL1	mono_0	0_TAL1_HUMAN~CM~TAL1_HUMAN_PEAKS038253_macs_M_feature_compare_table_control_cut.tab	0.0059117381858481335
TAL1	mono_9	9_TAL1_HUMAN~CM~TAL1_HUMAN_PEAKS033211_macs_M_feature_compare_table_control_cut.tab	0.007155101808279874
TAL1	mono_6	6_TAL1_HUMAN~CM~TAL1_HUMAN_PEAKS034713_macs_M_feature_compare_table_control_cut.tab	0.0056821890164076225
TAL1	di_0	0_TAL1_HUMAN~CD~TAL1_HUMAN_PEAKS033183_macs_M_feature_compare_table_control_cut.tab	0.009213610434098282
TAL1	di_1	1_TAL1_HUMAN~CD~TAL1_HUMAN_PEAKS033184_macs_M_feature_compare_table_control_cut.tab	0.1378431209391605
TAL1	di_2	2_TAL1_HUMAN~CD~TAL1_HUMAN_PEAKS033208_macs_M_feature_compare_table_control_cut.tab	0.047987803925613644
TAL1	di_3	3_TAL1_HUMAN~CD~TAL1_HUMAN_PEAKS033211_macs_M_feature_compare_table_control_cut.tab	0.03849183742853718
TAL1	di_4	4_TAL1_HUMAN~CD~TAL1_HUMAN_PEAKS033229_macs_M_feature_compare_table_control_cut.tab	0.08863170879393194
TAL1	di_5	5_TAL1_HUMAN~CD~TAL1_HUMAN_PEAKS033460_macs_M_feature_compare_table_control_cut.tab	0.043613030622799406
TAL1	di_6	6_TAL1_HUMAN~CD~TAL1_HUMAN_PEAKS034468_macs_M_feature_compare_table_control_cut.tab	0.007496149354191411
TAL1	di_7	7_TAL1_HUMAN~CD~TAL1_HUMAN_PEAKS034713_macs_M_feature_compare_table_control_cut.tab	0.01747380045976428
TAL1	di_8	8_TAL1_HUMAN~CD~TAL1_HUMAN_PEAKS034759_macs_M_feature_compare_table_control_cut.tab	0.04053864695588261
TAL1	di_9	9_TAL1_HUMAN~CD~TAL1_HUMAN_PEAKS034760_macs_M_feature_compare_table_control_cut.tab	0.036693524265595155
TAL1	di_10	10_TAL1_HUMAN~CD~TAL1_HUMAN_PEAKS035014_macs_M_feature_compare_table_control_cut.tab	0.07166113467384573
TAL1	di_11	11_TAL1_HUMAN~CD~TAL1_HUMAN_PEAKS036892_macs_M_feature_compare_table_control_cut.tab	0.09919300046698813
TAL1	di_12	12_TAL1_HUMAN~CD~TAL1_HUMAN_PEAKS036893_macs_M_feature_compare_table_control_cut.tab	0.0981697007791943
TAL1	di_13	13_TAL1_HUMAN~CD~TAL1_HUMAN_PEAKS038253_macs_M_feature_compare_table_control_cut.tab	0.038598226991767605
TFE2	mono_4	4_TFE2_HUMAN~CM~TFE2_HUMAN_PEAKS038473_macs_M_feature_compare_table_control_cut.tab	0.0822039613013077
TFE2	mono_2	2_TFE2_HUMAN~CM~TFE2_HUMAN_PEAKS036817_macs_M_feature_compare_table_control_cut.tab	0.11564461596235343
TFE2	mono_0	0_TFE2_HUMAN~CM~TFE2_HUMAN_PEAKS033772_macs_S_feature_compare_table_control_cut.tab	0.07629590455541785
TFE2	mono_1	1_TFE2_HUMAN~CM~TFE2_HUMAN_PEAKS033772_macs_M_feature_compare_table_control_cut.tab	0.121696623077669
TFE2	mono_3	3_TFE2_HUMAN~CM~TFE2_HUMAN_PEAKS038473_macs_S_feature_compare_table_control_cut.tab	0.12824298489536096
TFE2	di_0	0_TFE2_HUMAN~CD~TFE2_HUMAN_PEAKS033772_macs_M_feature_compare_table_control_cut.tab	0.17193336828057784
TFE2	di_1	1_TFE2_HUMAN~CD~TFE2_HUMAN_PEAKS036817_macs_M_feature_compare_table_control_cut.tab	0.14401592342564953
TFE2	di_2	2_TFE2_HUMAN~CD~TFE2_HUMAN_PEAKS038473_macs_M_feature_compare_table_control_cut.tab	0.1599666185016637
