rank,feature,dataset_name,importance
1,di_1,TAL1_HUMAN~CD~TAL1_HUMAN_PEAKS033184_macs_M,0.1378431209391605
2,di_11,TAL1_HUMAN~CD~TAL1_HUMAN_PEAKS036892_macs_M,0.0991930004669881
3,di_12,TAL1_HUMAN~CD~TAL1_HUMAN_PEAKS036893_macs_M,0.0981697007791943
4,di_4,TAL1_HUMAN~CD~TAL1_HUMAN_PEAKS033229_macs_M,0.0886317087939319
5,di_10,TAL1_HUMAN~CD~TAL1_HUMAN_PEAKS035014_macs_M,0.0716611346738457
6,mono_14,TAL1_HUMAN~CM~TAL1_HUMAN_PEAKS034468_macs_M,0.0482488075453227
7,di_2,TAL1_HUMAN~CD~TAL1_HUMAN_PEAKS033208_macs_M,0.0479878039256136
8,mono_15,TAL1_HUMAN~CM~TAL1_HUMAN_PEAKS034468_macs_S,0.0465860773755898
9,di_5,TAL1_HUMAN~CD~TAL1_HUMAN_PEAKS033460_macs_M,0.0436130306227994
10,di_8,TAL1_HUMAN~CD~TAL1_HUMAN_PEAKS034759_macs_M,0.0405386469558826
11,di_13,TAL1_HUMAN~CD~TAL1_HUMAN_PEAKS038253_macs_M,0.0385982269917676
12,di_3,TAL1_HUMAN~CD~TAL1_HUMAN_PEAKS033211_macs_M,0.0384918374285371
13,di_9,TAL1_HUMAN~CD~TAL1_HUMAN_PEAKS034760_macs_M,0.0366935242655951
14,mono_13,TAL1_HUMAN~CM~TAL1_HUMAN_PEAKS034713_macs_S,0.0324350213657397
15,mono_10,TAL1_HUMAN~CM~TAL1_HUMAN_PEAKS033208_macs_M,0.0193919649405905
16,di_7,TAL1_HUMAN~CD~TAL1_HUMAN_PEAKS034713_macs_M,0.0174738004597642
17,mono_11,TAL1_HUMAN~CM~TAL1_HUMAN_PEAKS033184_macs_M,0.0114864881567904
18,di_0,TAL1_HUMAN~CD~TAL1_HUMAN_PEAKS033183_macs_M,0.0092136104340982
19,mono_4,TAL1_HUMAN~CM~TAL1_HUMAN_PEAKS034760_macs_M,0.0087181497998214
20,di_6,TAL1_HUMAN~CD~TAL1_HUMAN_PEAKS034468_macs_M,0.0074961493541914
21,mono_9,TAL1_HUMAN~CM~TAL1_HUMAN_PEAKS033211_macs_M,0.0071551018082798
22,mono_5,TAL1_HUMAN~CM~TAL1_HUMAN_PEAKS034759_macs_M,0.0065960091099527
23,mono_8,TAL1_HUMAN~CM~TAL1_HUMAN_PEAKS033229_macs_M,0.0061015493354793
24,mono_3,TAL1_HUMAN~CM~TAL1_HUMAN_PEAKS035014_macs_M,0.0059879993121072
25,mono_12,TAL1_HUMAN~CM~TAL1_HUMAN_PEAKS033183_macs_M,0.0059752148962421
26,mono_0,TAL1_HUMAN~CM~TAL1_HUMAN_PEAKS038253_macs_M,0.0059117381858481
27,mono_6,TAL1_HUMAN~CM~TAL1_HUMAN_PEAKS034713_macs_M,0.0056821890164076
28,mono_7,TAL1_HUMAN~CM~TAL1_HUMAN_PEAKS033460_macs_M,0.0053087472371773
29,mono_1,TAL1_HUMAN~CM~TAL1_HUMAN_PEAKS036893_macs_M,0.0050766204927375
30,mono_2,TAL1_HUMAN~CM~TAL1_HUMAN_PEAKS036892_macs_M,0.0037330253305432
