tf,design,k,P,rep,seed,auroc_H,auprc_H,auroc_M,auprc_M,base_auroc_H,base_auprc_H,base_auroc_M,base_auprc_M,sub_auroc_H,sub_auprc_H,sub_auroc_M,sub_auprc_M,fit_sec
MAFK,random,1,9,0,1660379236,0.7547166593829567,0.03925340252923526,0.8485423163305932,0.045933815980009784,0.8082991042005166,0.27085184463710876,0.9087750398307273,0.5334027439052422,0.7380655822223255,0.031198181605916402,0.8452878867708808,0.05337992770144933,3.40938138961792
MAFK,random,1,9,1,368070898,0.793906837800496,0.23007491474513297,0.9098278964727953,0.5356035374115609,0.8082991042005166,0.27085184463710876,0.9087750398307273,0.5334027439052422,0.8103928211239206,0.27085184463710876,0.9140937376270853,0.5334027439052422,7.437054872512817
MAFK,random,1,9,2,217645384,0.7853338467434285,0.14209818968265675,0.9001193722323528,0.30337830319138154,0.8082991042005166,0.27085184463710876,0.9087750398307273,0.5334027439052422,0.7920050041346082,0.15121671511126478,0.8991652615083788,0.3035222604268185,8.919628381729126
MAFK,random,1,9,3,2080256478,0.7805415529730124,0.14213306009556637,0.9000428169697741,0.30350153521963713,0.8082991042005166,0.27085184463710876,0.9087750398307273,0.5334027439052422,0.7920050041346082,0.15121671511126478,0.8991652615083788,0.3035222604268185,7.874587297439575
MAFK,random,1,9,4,1704633469,0.7702647440254751,0.13486100619206948,0.85339042479212,0.24338014681160025,0.8082991042005166,0.27085184463710876,0.9087750398307273,0.5334027439052422,0.7715484844396503,0.14889050499817674,0.8553889831991749,0.2853247976727182,6.199435472488403
MAFK,random,2,9,0,1622269501,0.8555171251100357,0.40156601794679236,0.938084310196976,0.6442564821765127,0.8082991042005166,0.27085184463710876,0.9087750398307273,0.5334027439052422,0.8540467732519796,0.38313424771611576,0.940349306407072,0.6290363875893248,6.326521635055542
MAFK,random,2,9,1,397864619,0.8118353076813338,0.27825044950291383,0.9084510262728366,0.5335065079514627,0.8082991042005166,0.27085184463710876,0.9087750398307273,0.5334027439052422,0.8052907276114144,0.24659275068266312,0.9102409225475152,0.5059927235683054,6.182488203048706
MAFK,random,2,9,2,247447313,0.8171035171173636,0.2917702530830971,0.9197266656011154,0.5433523950181209,0.8082991042005166,0.27085184463710876,0.9087750398307273,0.5334027439052422,0.8234050558198993,0.2960831790583457,0.919907464466713,0.5348042753589877,6.818000793457031
MAFK,random,2,9,3,2042138503,0.8418427936566957,0.29162895603314287,0.9348598430201043,0.5514412424498687,0.8082991042005166,0.27085184463710876,0.9087750398307273,0.5334027439052422,0.8052907276114144,0.24659275068266312,0.9102409225475152,0.5059927235683054,7.443024635314941
MAFK,random,2,9,4,1742477860,0.8470785115066477,0.33614154352968856,0.9398950102112,0.4983708173970007,0.8082991042005166,0.27085184463710876,0.9087750398307273,0.5334027439052422,0.8234050558198993,0.2960831790583457,0.919907464466713,0.5348042753589877,7.528205156326294
MAFK,random,4,9,0,1681695375,0.8173899702562122,0.32869036097477666,0.9117451141324389,0.5350149205038738,0.8082991042005166,0.27085184463710876,0.9087750398307273,0.5334027439052422,0.8082991042005166,0.24659275068266312,0.9087750398307273,0.5059927235683054,12.150402545928955
MAFK,random,4,9,1,322671129,0.8512570693407027,0.40887391920418015,0.9352346851740732,0.5986415410451669,0.8082991042005166,0.27085184463710876,0.9087750398307273,0.5334027439052422,0.8234050558198993,0.2960831790583457,0.919907464466713,0.5348042753589877,10.097753286361694
MAFK,random,4,9,2,171099043,0.8605010869619012,0.42934099629094796,0.940698122020817,0.6507495887685006,0.8082991042005166,0.27085184463710876,0.9087750398307273,0.5334027439052422,0.8540467732519796,0.38313424771611576,0.940349306407072,0.6290363875893248,10.634769678115845
MAFK,random,4,9,3,2100687669,0.8637734307908775,0.43954241533126853,0.9425158440780588,0.6502697128607794,0.8082991042005166,0.27085184463710876,0.9087750398307273,0.5334027439052422,0.8540467732519796,0.38313424771611576,0.940349306407072,0.6290363875893248,9.459138631820679
MAFK,random,4,9,4,1666279062,0.823932075801364,0.32001332882353295,0.9093570197589794,0.5669901877921592,0.8082991042005166,0.27085184463710876,0.9087750398307273,0.5334027439052422,0.8082991042005166,0.27085184463710876,0.9087750398307273,0.5334027439052422,9.931147575378418
MAFK,random,8,9,0,1831230443,0.8529293101433781,0.4423791084737196,0.940182101816925,0.6652989731255511,0.8082991042005166,0.27085184463710876,0.9087750398307273,0.5334027439052422,0.8540467732519796,0.38313424771611576,0.940349306407072,0.6290363875893248,7.3829345703125
MAFK,random,8,9,1,438397821,0.8524373100667755,0.44824580642577994,0.9383467996626621,0.6555137537557423,0.8082991042005166,0.27085184463710876,0.9087750398307273,0.5334027439052422,0.8540467732519796,0.38313424771611576,0.940349306407072,0.6290363875893248,5.584218740463257
MAFK,random,8,9,2,52968135,0.8581448014430568,0.4438450631634943,0.9401149800818875,0.6598629417759307,0.8082991042005166,0.27085184463710876,0.9087750398307273,0.5334027439052422,0.8540467732519796,0.38313424771611576,0.940349306407072,0.6290363875893248,5.379537343978882
MAFK,random,8,9,3,1949239889,0.8529317308741291,0.4398150483050246,0.9403659244092313,0.6580313662791892,0.8082991042005166,0.27085184463710876,0.9087750398307273,0.5334027439052422,0.8540467732519796,0.38313424771611576,0.940349306407072,0.6290363875893248,5.617936134338379
MAFK,random,8,9,4,1783341042,0.8534007071115906,0.44383707485931534,0.9427923526403033,0.6626081528489336,0.8082991042005166,0.27085184463710876,0.9087750398307273,0.5334027439052422,0.8540467732519796,0.38313424771611576,0.940349306407072,0.6290363875893248,5.150149822235107
MAFK,random,9,9,0,-1,0.8578873970732181,0.45359623179403086,0.940991286069436,0.6580669071382138,0.8082991042005166,0.27085184463710876,0.9087750398307273,0.5334027439052422,0.8540467732519796,0.38313424771611576,0.940349306407072,0.6290363875893248,6.361199855804443
MAFK,random,9,9,1,-1,0.8540169713667359,0.4488560815871304,0.9428334103509012,0.6586054045480926,0.8082991042005166,0.27085184463710876,0.9087750398307273,0.5334027439052422,0.8540467732519796,0.38313424771611576,0.940349306407072,0.6290363875893248,6.52080225944519
MAFK,topk,1,9,0,-1,0.8507692114033848,0.30742925588132874,0.9370332153130316,0.5935683266519038,0.8082991042005166,0.27085184463710876,0.9087750398307273,0.5334027439052422,0.8540467732519796,0.38313424771611576,0.940349306407072,0.6290363875893248,4.569496393203735
MAFK,topk,2,9,0,-1,0.8520053979068101,0.3770986216011644,0.9400933017106498,0.5967457530610549,0.8082991042005166,0.27085184463710876,0.9087750398307273,0.5334027439052422,0.8540467732519796,0.38313424771611576,0.940349306407072,0.6290363875893248,4.1456825733184814
MAFK,topk,4,9,0,-1,0.8583620754764483,0.43456482677495856,0.9354400112112791,0.6156205437219041,0.8082991042005166,0.27085184463710876,0.9087750398307273,0.5334027439052422,0.8540467732519796,0.38313424771611576,0.940349306407072,0.6290363875893248,5.533804416656494
MAFK,topk,8,9,0,-1,0.8530732629320279,0.4364462340974779,0.9331311084902149,0.657936678385689,0.8082991042005166,0.27085184463710876,0.9087750398307273,0.5334027439052422,0.8540467732519796,0.38313424771611576,0.940349306407072,0.6290363875893248,5.689420938491821
