col,feature,is_mono,auroc_train,auprc_train,auroc_test_H,auprc_test_H,auroc_test_M,auprc_test_M
0,mono_0,True,0.7644288059683919,0.05305366166719653,0.7907754706039458,0.05738094743183293,0.7656839864876077,0.053402867729689406
1,mono_1,True,0.7620649595405669,0.052258096034219256,0.7883490703704628,0.055967290656398265,0.7632719962064008,0.052615388274309546
2,mono_2,True,0.7989497053481808,0.06962832901791992,0.820615325942236,0.08672130757821674,0.7935345210150767,0.06185134767883926
3,mono_3,True,0.7947428169420381,0.06598978524369291,0.8167533666831781,0.06747599686482374,0.7928838376201865,0.06257507942942932
4,mono_4,True,0.7601600186033917,0.05375123201968379,0.7695613240682273,0.05118346761966812,0.7617608167056045,0.05087780373226664
5,di_0,False,0.7781993609499502,0.06189980191001747,0.7990819240417013,0.06649793478192773,0.7667862108324098,0.05541341133441319
6,di_1,False,0.796809995937867,0.06877141551027839,0.8256303389881179,0.07117970163507173,0.7908270900598727,0.06404804729292346
7,di_2,False,0.7062137682759189,0.035377422971752275,0.7337698642689838,0.0361840109395029,0.6959349159870212,0.03732807741779304
8,di_3,False,0.4834747978500131,0.012420867844888278,0.4879941797710459,0.011137332914049105,0.5475170303223638,0.01591999480163727
9,di_4,False,0.7554667677784548,0.050480024389146394,0.7810852303968634,0.05475474239068378,0.7487486808146036,0.04907528244293428
