tf,test,n,n_pos,baseline_pwm,frac_tied_scores_rf,frac_tied_scores_mono,fp_at_recall0.5_per10k_rf,fp_at_recall0.5_per10k_mono,fp_at_recall0.8_per10k_rf,fp_at_recall0.8_per10k_mono,precision_at_recall0.5_rf,precision_at_recall0.5_mono,precision_at_recall0.8_rf,precision_at_recall0.8_mono,tp_top1000_rf,tp_top1000_mono,tp_top1pct_rf,tp_top1pct_mono,fp_reduction_recall0.5_pct_vs_mono,fp_reduction_recall0.8_pct_vs_mono,extra_tp_top1000_vs_mono,precision_gain_recall0.5_vs_mono
ANDR,H,73477,7186,mono_101,0.8421819072634974,0.9851382065136028,149.1623229037658,436.36589875549004,715.3258842903222,1896.823619512352,0.7662614629985072,0.5284378611198656,0.5223902297179414,0.2920234406387528,936.0,874.6,696.0,636.5897435897436,65.81714489395829,62.288223484151736,61.39999999999998,0.2378236018786416
ANDR,M,129749,4746,mono_101,0.8414631326638355,0.9911829763620529,114.37467726148178,121.7928461876392,530.4857840908215,948.1537429960929,0.6152450090744102,0.600265604249668,0.3555122755107774,0.2358407354494067,817.0,797.6986301369863,981.0,1018.0,6.0908084163898035,44.05065760595668,19.301369863013747,0.014979404824742137
AP2A,H,63571,636,mono_3,0.8261314121218795,0.9831841562976829,415.5983074043196,719.2351858551856,1548.9452737883626,2229.769339268954,0.10743243243243243,0.06502735033996217,0.04913283633975821,0.03465074572654424,150.8,116.66666666666667,98.0,79.53846153846153,42.21663294876702,30.533385381637924,34.13333333333334,0.042405082092470264
AP2A,M,87726,1334,mono_3,0.8450402389257461,0.9886008708934637,597.6563390556962,846.0148644643549,2031.5527893668925,2516.562934591798,0.1128595600676819,0.08246020707773141,0.0564978929758804,0.04611130314552366,164.0,134.77456647398844,152.0,126.0,29.3562838953077,19.27272068415714,29.225433526011557,0.030399352989950487
CEBPB,H,80364,2068,mono_12,0.850442984420885,0.9852048180777463,226.46956348613807,291.1751530536061,628.2601662435916,776.8071939342659,0.36229852838121934,0.3064611736810907,0.24680197214825422,0.20949374034459758,461.0,325.7263157894737,379.0,282.44444444444446,22.22222222222222,19.122766736792673,135.2736842105263,0.05583735470012863
CEBPB,M,154452,10000,mono_12,0.8868969000077694,0.9920298863077202,298.14092105289376,333.3086569241271,861.8858933519799,991.0671774551815,0.5205705453176681,0.49270700666548906,0.37537537537537535,0.3432411202862103,628.081081081081,585.6891891891892,977.0,923.8741258741259,10.551101851290579,13.034563856196668,42.39189189189187,0.027863538652179054
COE1,H,67743,794,mono_7,0.8331045274050455,0.9791122329982433,213.45378858332225,280.324166334529,797.8388911031398,980.0569800569801,0.21540965816603364,0.17290940766550522,0.10516556291390729,0.08731991641922358,270.0,258.0,215.05882352941177,214.0,23.85466034755135,18.592601518255226,12.0,0.042500250500528414
COE1,M,164374,4446,mono_7,0.8772555270298222,0.9906737075206541,164.56373879080635,177.12655286115807,508.29206565515227,598.2697993599961,0.4510957792207792,0.4329535495179667,0.298594670830605,0.2656151984944888,651.5,688.0,1014.8571428571429,1024.6666666666667,7.09256397046194,15.03965832824894,-36.5,0.018142229702812485
CTCF,H,81577,10000,mono_183,0.9501330031749144,0.9769297718719737,85.90879559412357,117.7823814719018,250.5608198389252,290.4004805275997,0.8770670876588688,0.8388088913742486,0.7964954201513341,0.7715305236763429,957.0,915.2564102564103,783.0,739.5263157894736,27.061420799495384,13.718868720979316,41.74358974358972,0.03825819628462013
CTCF,M,166911,10000,mono_183,0.9540473665606222,0.9884848811642133,76.7474881823247,90.10790181593782,175.4827422997885,205.32688552266586,0.7960515841426524,0.7687576875768758,0.731997438008967,0.7000882019017528,764.0,904.7945205479452,1344.0,1448.672131147541,14.827127659574469,14.534941757338881,-140.79452054794524,0.027293896565776632
E2F4,H,40890,594,mono_6,0.8458302763511861,0.982073856688677,757.6424553680606,1749.6943017852775,2824.6515040352165,4674.084943343932,0.08748159057437407,0.03985774676239683,0.03951701427003293,0.0242603288486214,166.0,120.93333333333334,108.0,80.0,56.69858131246068,39.56781833719938,45.06666666666666,0.04762384381197724
E2F4,M,59513,1250,mono_6,0.8429922873993917,0.9867928015727656,531.9846084048863,1170.500562902223,1929.8304572110294,3746.744408784635,0.16486415193880244,0.08233434330127783,0.08009611533840609,0.04292213923941969,276.0,237.375,187.91304347826087,157.33333333333334,54.55067470571346,48.493138398062605,38.625,0.08252980863752461
ERG,H,79420,1621,mono_21,0.761810627046084,0.9852052379753211,1416.3308990178796,1597.1417778897005,4085.4948375724,4424.099722991692,0.0672112115432457,0.060059281215264916,0.03843076357730902,0.03559410424615045,158.0,158.84615384615384,140.0,128.11111111111111,11.3209034648587,7.65364495876053,-0.8461538461538396,0.007151930327980789
ERG,M,69302,1458,mono_21,0.6946697065019769,0.9830163631641222,1242.8212749992786,1261.5076043981417,2521.730974575048,2900.8542322010917,0.07803468208092486,0.07696774534128702,0.06256671583746816,0.05483805753670679,56.0,106.0,38.0,73.4,1.4812696597083286,13.069366030790686,-50.0,0.0010669367396378415
ESR1,H,76346,6953,mono_16,0.8415765069551777,0.984426165090509,197.2598433447725,258.07788601517154,1955.8326565897364,2479.1082702433678,0.6977420973406924,0.6382621581394129,0.2714107268326958,0.22713500534925302,948.0,935.0,720.0,712.0,23.56577063205786,21.107412690864958,13.0,0.059479939201279475
ESR1,M,134572,3796,mono_16,0.8361174687156318,0.9908747733555272,217.05852629075886,300.8550565248838,1687.5724519216478,2295.440359064293,0.3938576468146918,0.319170403587444,0.11794863827737817,0.08950982992896511,634.0,677.0,899.0,859.4117647058823,27.852791042318447,26.481537834005607,-43.0,0.07468724322724785
FLI1,H,25656,256,mono_15,0.7005768631119427,0.9646476457748675,792.0174618023075,889.8503274087932,2196.3673214842534,2222.7938883691927,0.05925925925925926,0.05309000414765657,0.03506969416760848,0.034667208341797005,70.0,70.47619047619048,38.0,32.0,10.994305738063936,1.1888896682331507,-0.4761904761904816,0.006169255111602691
FLI1,M,137002,3449,mono_15,0.818995343133677,0.9922847841637349,861.1918074188699,972.2911587665388,2644.48694179647,2829.8491992817626,0.1275234785180803,0.11462216338670994,0.07076831532834735,0.06644079877289681,279.0,253.73737373737373,402.0,323.05379746835445,11.426551640005766,6.550252131185608,25.26262626262627,0.012901315131370356
GATA1,H,82789,3740,mono_26,0.859365374627064,0.9845510877048883,352.8246506178357,396.3086883523173,963.2922248124751,1201.488120402469,0.3903151742851179,0.36303630363036304,0.2728184553660983,0.23123889017698432,469.4736842105263,510.0,396.0,421.5652173913044,10.972264553489786,19.825072886297377,-40.5263157894737,0.027278870654754872
GATA1,M,162374,8480,mono_26,0.8797282816214419,0.9920122679739367,397.23108379420347,454.2804471980325,1238.0676709325385,1381.475020631382,0.39663236669784846,0.36500329995121816,0.2523152452858259,0.23220501060008686,453.0,473.3076923076923,784.6315789473684,752.8888888888889,12.558181571693261,10.380741421824723,-20.30769230769232,0.0316290667466303
GATA2,H,79474,2475,mono_36,0.7803306741827516,0.9837179454916073,535.0177416513577,721.1163399350731,1586.9970053099128,2052.243501019201,0.22543036706439568,0.17758484609313338,0.13568614014048314,0.1082558775287042,338.46666666666664,308.0,290.14285714285717,263.0,25.80701448263828,22.670141017780498,30.46666666666664,0.047845520971262295
GATA2,M,143766,1921,mono_36,0.7875992932960505,0.9910062184382956,727.9885369280637,979.9971005515541,2145.430769444792,3110.262509911941,0.08405898569115652,0.06382260676153473,0.0474602233422275,0.033226814956390884,165.0,123.33333333333333,206.0,151.0,25.71523563505004,31.020910209102116,41.66666666666667,0.020236378929621796
GATA3,H,69964,2046,mono_42,0.7300897604482306,0.985649762735121,969.2127379795323,1445.6005945915042,2593.476645131782,3358.655880166943,0.13108662224500256,0.09185597557690581,0.08274272310912052,0.0651195728716188,269.0,184.15384615384616,177.0,148.66666666666666,32.95432074352382,22.782305253526825,84.84615384615384,0.03923064666809675
GATA3,M,158779,5144,mono_42,0.7665938190818685,0.9933681406231303,578.288060763703,1011.5748436837564,2179.6963074461987,2652.0299703781147,0.21881912540411774,0.13802960117500848,0.1062694645725412,0.08902760190262463,554.0,346.97872340425533,769.0,479.1304347826087,42.83289423669275,17.81026866994918,207.02127659574467,0.08078952422910926
GCR,H,55402,1800,mono_15,0.8067759286668351,0.9796036244178911,230.85809176564024,284.10526695787155,909.8949496408072,1266.1997761813655,0.4130335016062414,0.36378334680679064,0.22218793396080852,0.17031342400946187,588.0,574.439024390244,416.0,358.0,18.742058449809395,28.139700641482545,13.560975609756042,0.049250154799450774
GCR,M,131214,6532,mono_15,0.841640373740607,0.990534546618501,320.7736979285747,411.5850007294518,2220.8758211776185,2710.5415580654535,0.4369230769230769,0.3768502950581875,0.15205461116316424,0.12810449184515466,747.0,786.4823529411765,963.6666666666666,981.0,22.06380277219343,18.06523627836628,-39.48235294117649,0.0600727818648894
HNF4A,H,68047,1914,mono_13,0.8719855394065866,0.9826002615839052,97.13874233985334,121.3132099872147,458.0069657736565,577.724220024395,0.5914709517923362,0.5368863955119214,0.3294461895950772,0.2803142917816946,608.2222222222222,587.0769230769231,422.0,427.875,19.92731677771047,20.722214873678535,21.145299145299077,0.05458455628041481
HNF4A,M,132058,3048,mono_13,0.8865649941692286,0.9906329037241213,182.19267291644582,250.13157097638916,648.4272062275667,975.2734909408492,0.38778625954198476,0.31571178869683436,0.22164451797044013,0.15918873631754185,578.0,441.7391304347826,686.126582278481,604.4,27.16126468751773,33.513295270434654,136.26086956521738,0.0720744708451504
IRF1,H,60879,765,mono_5,0.9176234826459042,0.9693490366136106,66.03262208643375,116.56318270668046,3158.7246833883605,4784.654807076332,0.4875717017208413,0.3502346343138377,0.030843664953129724,0.020577999697382356,408.0,368.0,358.0,329.0,43.350361106218074,33.9821823986817,40.0,0.13733706740700358
IRF1,M,96438,1066,mono_5,0.9243244364254755,0.9805367178912877,238.4951989879508,263.0705738401875,4462.563795109058,4673.38600966424,0.1881397811507236,0.1736156351791531,0.019430893231168964,0.01857061974652672,353.0,336.0,344.0,330.7647058823529,9.341742215214822,4.511123500588566,17.0,0.014524145971570507
IRF4,H,68065,1518,mono_8,0.7730992433703078,0.9821641078380959,364.94527290090355,1039.8148828325866,2305.296407845442,4958.642474105635,0.23404255319148937,0.0968544630893894,0.07183503495924379,0.034731477403375906,436.0,362.0,351.0,299.05,64.90286117979514,53.50952564368463,74.0,0.13718809010209998
IRF4,M,152558,2628,mono_8,0.8155455629989905,0.9912033456128161,191.86145597084388,323.2213322146331,1631.0561666164126,3761.0535009635682,0.309832586654091,0.21040832666132905,0.07790860265525641,0.035346168511647895,556.5,519.0,784.0,718.7027027027027,40.64084364226323,56.63299747800604,37.5,0.09942425999276197
JUND,H,81091,2459,mono_14,0.7588758308566919,0.9917500092488686,422.24167910125664,444.5163339761692,1695.1326287750799,1752.312454289246,0.2642097346083593,0.2543375251181379,0.12519410431993483,0.12160567267429198,348.0,397.51875,289.22222222222223,339.8564867967853,5.010986812490614,3.2631067235870836,-49.51875000000001,0.009872209490221384
JUND,M,139882,1968,mono_14,0.7615919131839693,0.9952602908165453,421.85556397535066,430.6380986725849,1869.833145079424,2008.1973854153266,0.14291938997821352,0.14041392723505908,0.056776054814280566,0.05307180964623288,226.0,183.54978354978354,308.0,248.52173913043478,2.039423526229056,6.8899721382361445,42.45021645021646,0.0025054627431544407
MAFK,H,40189,468,mono_2,0.8679489412525816,0.9739978601109757,87.83497972081912,368.67467880929274,2679.3401179427206,4242.404638085049,0.3986371379897785,0.13639013017291626,0.033601378518093056,0.0214873566648684,274.0,200.0,204.0,136.0,76.17547806524185,36.843833945266226,74.0,0.2622470078168623
MAFK,M,85021,952,mono_2,0.9009656437821244,0.9869208783712259,18.81888004140154,45.82397290081274,142.9058703143929,851.8836522741441,0.7484276729559748,0.5499075785582255,0.3853081048264697,0.0951476687821698,612.0,530.0,552.0,466.8235294117647,58.93223819301847,83.22471972165462,82.0,0.1985200943977493
MAX,H,73695,5456,mono_32,0.7867019472148721,0.9917090711717212,267.99647194517945,336.2592441821019,1091.3630504104756,2072.867901485859,0.5800552838613651,0.524004465947153,0.35178439021245045,0.22223127367520631,712.0,609.3417721518988,534.0,475.45228215767634,20.300638099321546,47.35009164702815,102.6582278481012,0.05605081791421207
MAX,M,64824,1108,mono_32,0.7193323460446748,0.9908830062939652,483.8228639598503,642.8174750092558,1992.9347155374553,2805.843514747625,0.15012194020413694,0.11734801948739673,0.06420675967375086,0.04646920052424639,215.5,236.07881773399015,160.0,151.10091743119267,24.734021278297725,28.97199344644449,-20.57881773399015,0.03277392071674021
MYC,H,73655,8356,mono_45,0.7831240241667232,0.9880524064897156,296.89352125031985,375.2291086823705,1174.2783746413756,1764.0120520305165,0.65642599888811,0.6018655238232434,0.43594775952908066,0.3397156943534478,850.0,682.8514851485148,658.3076923076923,510.990099009901,20.87673520509341,33.43138595398547,167.14851485148517,0.05456047506486661
MYC,M,97313,2423,mono_45,0.7497559421660005,0.9908337015609425,552.4675297984106,674.8738606352697,1755.5927779433375,2467.239160692245,0.18390257365624785,0.15574181439535154,0.10189984544699462,0.07470370050006295,332.0,276.31162790697675,322.1666666666667,272.04186046511626,18.13766067656495,28.84383460212416,55.68837209302325,0.028160759260896312
P53,H,20457,240,mono_34,0.9775626924769028,0.9303416923302537,37.63992765312607,2768.7344185364423,87.98944126704795,8167.668768636652,0.6091370558375635,0.02074688796680498,0.5161290322580645,0.011360543412659907,206.0,102.0,127.0,94.0,98.64053672316385,98.92271046048144,104.0,0.5883901678707585
P53,M,52887,525,mono_34,0.9857431883071455,0.9684421502448617,12.290354907633256,16.828332104297843,2261.04713823813,2443.133473254297,0.8015267175572519,0.7467994310099573,0.033931168201648085,0.0314818979087025,348.0,325.0,306.0,293.0,26.96629213483146,7.452983515207812,23.0,0.05472728654729464
PPARG,H,55117,1390,mono_13,0.7678756100658599,0.9821652121849883,310.61197089827095,313.1520220621587,1205.6624997732097,1590.0720285937189,0.28874117158288326,0.28707145807517553,0.14334976957040188,0.11259619279060348,393.0,377.0,214.0,230.625,0.8111239860950303,24.175604746691015,16.0,0.0016697135077077263
PPARG,M,139426,8582,mono_13,0.8228164044009009,0.9920172708103223,360.33451436604366,420.29463658141236,1723.8525573900613,2014.6457619095456,0.46065485775630705,0.4227169736971727,0.22218348389501988,0.19641253039622356,683.0,727.0,922.0,966.66,14.266211604095558,14.433962040247772,-44.0,0.03793788405913434
PRGR,H,29896,296,mono_12,0.6682499331014182,0.9675876371420926,773.3476050307734,998.1268397109981,2293.6178753010436,3016.5908482740165,0.06016260162601626,0.04725415070242656,0.03338126251092503,0.025585616734376353,85.0,70.0,35.0,31.0,22.520107238605892,23.96655726071143,15.0,0.0129084509235897
PRGR,M,66167,668,mono_12,0.6975078211192891,0.983919476476189,413.650309066453,482.86910393398523,1702.2080493297262,2200.260955864202,0.10875936177140996,0.094644375177104,0.04529811653415159,0.035407455177501074,157.0,179.0,127.0,131.95,14.33489827856026,22.63608347032884,-22.0,0.014114986594305962
REST,H,80620,9453,mono_67,0.9497891342098734,0.9790622674274374,1.8605805011163483,4.341354502604813,6.822128504093277,15.256760109154056,0.9968364441632395,0.9926493751968918,0.9927796886076614,0.9839956280740104,1000.0,998.0,806.0,804.0,57.14285714285714,55.28455284552847,2.0,0.0041870689663476846
REST,M,141580,2557,mono_67,0.891185195649103,0.9881197909309224,7.055709622976781,5.43862127419127,35.358101426755205,339.58970978324,0.9275282078695661,0.9431943932128366,0.803393291964496,0.2984747477367643,936.2298850574713,939.0,1312.0,1339.0,-29.733424470266566,89.58799386196823,-2.7701149425287213,-0.015666185343270467
RUNX1,H,84144,2554,mono_11,0.8224947708689865,0.9882344552196235,613.8286746529759,722.8085187297966,1733.575774862141,2257.7418303316763,0.19823036324122942,0.1735290120940345,0.12286081947300694,0.09710683761844367,328.0,247.48031496062993,273.0,212.53846153846155,15.077277211443596,23.21638587847451,80.51968503937007,0.024701351147194905
RUNX1,M,168560,4504,mono_11,0.8558851447555766,0.9940080683436165,953.9481490270526,1323.1216457960643,3224.193165638348,4141.156462585034,0.12284697314768094,0.09171420605308747,0.062177524840293916,0.04908554915184661,171.0,181.1645569620253,322.5593220338983,340.520295202952,27.901704876643908,22.142686595673567,-10.164556962025301,0.031132767094593464
RXRA,H,60913,786,mono_3,0.7762218245694679,0.9846338220084383,857.6166007256251,1504.637762054077,2870.3889153382693,4630.949058493262,0.06996617411429588,0.04111652821660982,0.03471501446458936,0.02180509270978906,147.0,134.0,112.0,112.08510638297872,43.00178937720944,38.01726429976782,13.0,0.028849645897686065
RXRA,M,142738,8914,mono_3,0.8154240636691,0.9926999117263798,1017.7387941543246,1884.3965867533525,2870.7842340511984,4864.001577315483,0.23477665402444164,0.142148654898021,0.14823252584798435,0.09314647958651488,452.27272727272725,464.7341772151899,684.6233766233767,560.8938053097345,45.99126312854356,40.97896169606861,-12.46144994246265,0.09262799912642064
SOX2,H,83417,1382,mono_23,0.8165361976575518,0.9899181222053058,648.4289773067841,910.3959624536966,1849.0235803253534,2604.7208602563037,0.11327868852459017,0.08340122506864608,0.06688607104830124,0.04842029658307566,208.0,144.0,176.0,131.94444444444446,28.775060078348748,29.012601367832946,64.0,0.02987746345594408
SOX2,M,169413,6356,mono_23,0.8542496738739058,0.9949649672693359,805.9594009904789,1272.8066913400978,2219.8296470754904,3581.8073422507564,0.18880703422053233,0.12845074976759224,0.11910539778317045,0.07731740155760569,280.0,225.6328502415459,471.625,321.10322580645163,36.678569772295134,38.02487306085589,54.367149758454104,0.060356284452940084
SPI1,H,85359,2968,mono_21,0.9275413254607012,0.9825208823908433,68.18261694724633,126.81732447662226,324.6757811127122,660.5278880961586,0.718296224588577,0.5782193648938243,0.4614248513350694,0.2963332750917305,863.0,755.0,740.0,687.2903225806451,46.235565819861435,50.84601468553793,108.0,0.1400768596947527
SPI1,M,161856,10000,mono_21,0.9450869909054962,0.9904235863977857,134.13157374456307,201.82996802310586,482.4658956109134,748.5893893987638,0.6972528238739367,0.6048334078417966,0.5060408627996711,0.3976860948533663,823.0,812.85,1320.0,1261.3333333333333,33.542290543688026,35.54999543896686,10.149999999999977,0.0924194160321401
SRF,H,89333,1939,mono_3,0.8631860566643905,0.9898581711125788,208.1537617677678,400.45391960417766,2459.337534841548,5147.504281732395,0.3427006009190527,0.2132233676975945,0.06594901620665612,0.03263252228865225,601.0,463.29411764705884,526.0,415.4869565217391,48.020545791257554,52.222719977731494,137.70588235294116,0.12947723322145818
SRF,M,51355,558,mono_3,0.7894849576477461,0.9827280693213903,413.59166585532085,667.7886420852053,3308.733326842567,4630.084704507839,0.11610486891385768,0.07523402288223738,0.02559867877786953,0.018427853138596937,218.5,153.125,149.0,99.3529411764706,38.065483629092725,28.538384543565865,65.375,0.040870846031620306
STA5A,H,52861,550,mono_2,0.7240687841698038,0.9836174117023893,610.0906150091749,801.1955884300335,4971.9074554019035,6144.416488526513,0.07857142857142857,0.06097290585783336,0.016465833395703913,0.013365735115431349,142.0,107.53846153846153,83.0,53.51020408163265,23.852474499433328,19.08251231527093,34.46153846153847,0.01759852271359521
STA5A,M,164376,9620,mono_2,0.8293729011534531,0.9944030758748236,334.4770526110868,386.4115956881186,1316.7068185136516,1228.950698398793,0.46662786185487,0.43093874087384565,0.2623084919647574,0.27587195755816035,512.12,503.15384615384613,842.0,838.9449404761905,13.440213403675738,-7.140735607148141,8.966153846153873,0.035689120981024336
STAT1,H,75329,1075,mono_3,0.8819047113329528,0.9832069986326647,133.72450627690972,151.35273267931342,479.23110621407426,589.414435343626,0.3479339734599201,0.32039341330750315,0.19239373601789708,0.16226415094339622,423.0,429.0,341.0,358.0,11.647114716953567,18.693693693693703,-6.0,0.02754056015241696
STAT1,M,152961,2778,mono_3,0.9054660992017574,0.9912918979347677,697.236550493263,1638.4423335214713,3744.8107687580496,5366.469697691382,0.11523145843703335,0.05251263352894475,0.03734912626841491,0.02636034480187719,184.0,184.0,271.0,245.9,57.44515774353154,30.218356205960852,0.0,0.0627188249080886
STAT3,H,72747,842,mono_2,0.7859568092155003,0.9872984452967133,645.2499759440251,786.6991078669911,2844.1585220009074,2782.9326295242417,0.0823069403714565,0.06852213541666667,0.031529676090619733,0.03220100771562151,136.0,116.85211267605634,122.0,85.3125,17.980080377424436,-2.200049394912318,19.147887323943664,0.013784804954789828
STAT3,M,151105,2185,mono_2,0.8313887693987625,0.9936865093808941,929.2214023361239,1084.662982694153,3296.978921941696,3676.47956351176,0.07219083490269931,0.06249177739771083,0.03389764772044137,0.03050533920998695,123.0,126.21052631578948,153.5,147.4538258575198,14.33086431805146,10.322392250905544,-3.2105263157894797,0.009699057504988486
TAL1,H,70241,1682,mono_11,0.7583889751000128,0.9826027533776569,592.389060520209,870.8233083241981,1696.1603621816319,2665.0674107714867,0.1681327469012395,0.12087240846538033,0.10148119098615344,0.06706104568583575,230.0,222.2,164.89473684210526,145.7391304347826,31.973678832713446,36.35581766801819,7.800000000000011,0.04726033843585917
TAL1,M,146138,2765,mono_11,0.7892950498843558,0.99116588430114,386.0827685910827,476.5392984713079,1090.544553777936,1674.6773597558472,0.19680734039937361,0.16563729924339998,0.12187999338806546,0.08289176853260584,280.8,259.6666666666667,389.42857142857144,377.5,18.98196647588164,34.88031904026412,21.133333333333326,0.031170041155973632
TF65,H,41883,428,mono_49,0.8145787073514313,0.9786548241529976,235.89523195568609,357.04223670701714,3339.5888546665715,4907.671370245685,0.17803660565723795,0.12519012519012518,0.02389459580169719,0.016384970235246828,194.0,169.57142857142858,131.71428571428572,114.11111111111111,33.930720877357224,31.951660925915114,24.428571428571416,0.052846480467112766
TF65,M,163843,2556,mono_49,0.8908528286225228,0.9939332165548727,737.4132553725212,796.9316154285912,3955.8083042913036,3340.3319031023602,0.09565868263473054,0.08915138761321227,0.030584246151729156,0.036016613296978535,229.0,239.36024844720498,353.0,342.91011235955057,7.468440064843063,-18.425606168576092,-10.360248447204981,0.0065072950215182696
TFE2,H,36502,428,mono_1,0.6809215933373514,0.9748506931127061,1295.5454495644076,1656.4845761876063,3936.6062133581718,4332.146183770753,0.04329354642929395,0.03418257327689481,0.02327383460895336,0.02119388942533858,75.0,45.39698492462311,41.0,21.0,21.789464979740348,9.130346798876909,29.603015075376888,0.009110973152399136
TFE2,M,148756,5578,mono_1,0.8055540616849068,0.9931969130656915,595.2701067519965,854.239252774438,1551.601279948372,1823.1457330572662,0.2395225008588114,0.17997819759067243,0.16201340430012273,0.1412921553470688,398.0,225.48837209302326,567.2558139534884,365.6533333333333,30.315762847627227,14.894281251643903,172.51162790697674,0.059544303268138976
USF2,H,52260,1266,mono_3,0.8967470340604669,0.9767508610792193,51.856104094910066,50.420972062763106,201.8752391886721,210.1798698813624,0.7002212389380531,0.7060791968767429,0.4897959183673468,0.4797271693823418,696.0,702.4137931034483,385.6923076923077,401.1111111111111,-2.8462998102466885,3.951201747997035,-6.413793103448256,-0.005857957938689817
USF2,M,68938,884,mono_3,0.8887986306536309,0.9809248890307233,98.49429922539093,93.41727349212336,176.5354376396182,184.84725405436768,0.3942908117752007,0.40699815837937386,0.36752936285209437,0.3569013373706788,394.0,402.8,258.54545454545456,261.4471544715447,-5.434782608695654,4.4965863611394425,-8.800000000000011,-0.012707346604173164
