TF	step	n_jobs	wall_s	user_s	sys_s	max_rss_kb
STAT3	load	1	1.87	1.73	0.45	220940
STAT3	train	1	32.41	32.03	0.69	224956
STAT3	train	4	9.83	31.68	0.67	302844
STAT3	predict	1	9.97	9.55	0.71	337040
STAT3	predict	4	4.67	10.95	0.95	432268
HNF4A	load	1	2.28	1.97	0.61	359552
HNF4A	train	1	43.01	42.20	1.04	358944
HNF4A	train	4	14.52	45.31	1.46	409288
HNF4A	predict	1	18.37	9.96	7.14	808072
HNF4A	predict	4	11.50	16.15	6.20	906596
CTCF	load	1	36.77	8.00	28.05	1708672
CTCF	train	1	119.97	115.07	5.13	1796664
CTCF	train	4	43.22	138.28	2.83	1869124
CTCF	predict	1	50.89	26.92	22.63	5126408
CTCF	predict	4	66.05	41.19	42.87	5211772
