task	TF	mode	k_pwms	n_seqs	Mb	wall_s	user_s	sys_s	max_rss_kb	jvm_flags
jvm_startup_tiny	STAT3	mono	1	10	0.003	0.19	0.19	0.05	62240	AP1
jvm_startup_tiny	STAT3	mono	1	10	0.003	0.17	0.14	0.09	62044	AP1
jvm_startup_tiny	STAT3	mono	1	10	0.003	0.18	0.19	0.06	61952	AP1
scan_1pwm	STAT3	mono	1	50000	15.00	2.40	2.50	0.74	309460	AP1
scan_1pwm	STAT3	mono	1	50000	15.00	2.25	2.61	0.67	309420	AP1
scan_1pwm	STAT3	mono	1	50000	15.00	2.36	2.49	0.73	308528	AP1
scan_1pwm	STAT3	mono	1	50000	15.00	2.20	3.46	0.65	240512	default
scan_1pwm	STAT3	di	1	50000	15.00	2.54	2.81	0.82	534188	AP1
scan_1pwm	STAT3	di	1	50000	15.00	2.54	2.75	0.90	533760	AP1
scan_1pwm	STAT3	di	1	50000	15.00	2.73	2.72	0.97	534128	AP1
scan_all_mono_loop	STAT3	mono	5	50000	15.00	11.48	14.12	5.93	310884	AP1
scan_all_di_loop	STAT3	di	5	50000	15.00	13.95	15.81	7.12	632288	AP1
jvm_startup_tiny	HNF4A	mono	1	10	0.003	0.19	0.18	0.06	62008	AP1
jvm_startup_tiny	HNF4A	mono	1	10	0.003	0.18	0.13	0.10	61956	AP1
jvm_startup_tiny	HNF4A	mono	1	10	0.003	0.17	0.19	0.04	62240	AP1
scan_1pwm	HNF4A	mono	1	50000	15.00	2.11	2.56	0.62	292836	AP1
scan_1pwm	HNF4A	mono	1	50000	15.00	2.29	2.53	0.69	293036	AP1
scan_1pwm	HNF4A	mono	1	50000	15.00	2.19	2.57	0.71	292664	AP1
scan_1pwm	HNF4A	mono	1	50000	15.00	2.27	3.18	0.62	222448	default
scan_1pwm	HNF4A	di	1	50000	15.00	3.08	3.25	1.07	633268	AP1
scan_1pwm	HNF4A	di	1	50000	15.00	2.94	3.02	1.03	633412	AP1
scan_1pwm	HNF4A	di	1	50000	15.00	2.77	3.17	0.98	633440	AP1
scan_all_mono_loop	HNF4A	mono	26	50000	15.00	58.22	72.88	30.60	314536	AP1
scan_all_di_loop	HNF4A	di	13	50000	15.00	36.20	40.60	19.65	636208	AP1
jvm_startup_tiny	CTCF	mono	1	10	0.003	0.18	0.17	0.06	62004	AP1
jvm_startup_tiny	CTCF	mono	1	10	0.003	0.17	0.15	0.08	62140	AP1
jvm_startup_tiny	CTCF	mono	1	10	0.003	0.18	0.17	0.06	62156	AP1
scan_1pwm	CTCF	mono	1	50000	15.00	2.27	2.87	0.65	300496	AP1
scan_1pwm	CTCF	mono	1	50000	15.00	2.25	2.79	0.72	300504	AP1
scan_1pwm	CTCF	mono	1	50000	15.00	2.24	2.89	0.70	303784	AP1
scan_1pwm	CTCF	mono	1	50000	15.00	2.34	3.40	0.62	229156	default
scan_1pwm	CTCF	di	1	50000	15.00	2.95	3.25	1.04	633532	AP1
scan_1pwm	CTCF	di	1	50000	15.00	3.18	3.39	0.96	636056	AP1
scan_1pwm	CTCF	di	1	50000	15.00	2.94	3.21	1.04	633768	AP1
scan_all_mono_loop	CTCF	mono	198	50000	15.00	478.35	614.73	240.55	352380	AP1
scan_all_di_loop	CTCF	di	99	50000	15.00	306.26	354.08	151.71	637704	AP1
